row_index,user_id,page,sale_id,date,load_time
3861403,59316c4b82d94b75a78e921cc9cff130,menu,,2022-05-19 8:33:57,0.069743
3861438,59316c4b82d94b75a78e921cc9cff130,menu,,2022-05-19 8:51:02,0.062672
3861465,1358bd56e02f413f853dd86eeba03434,menu,,2022-05-19 8:59:12,0.064599
3861524,1358bd56e02f413f853dd86eeba03434,basket,,2022-05-19 9:15:36,0.079555
3861617,0f6c2d8f51394430a5ec47268df54e62,menu,,2022-05-19 9:41:48,0.060811
3861681,0f6c2d8f51394430a5ec47268df54e62,menu,,2022-05-19 9:51:05,45.69655
3861700,0f6c2d8f51394430a5ec47268df54e62,menu,,2022-05-19 9:52:49,0.062437
3861794,0f6c2d8f51394430a5ec47268df54e62,basket,,2022-05-19 10:00:33,0.047746
3861799,7987f7834f204190aadf3ac554439052,menu,,2022-05-19 10:00:51,0.06459
3861858,7987f7834f204190aadf3ac554439052,menu,,2022-05-19 10:05:02,0.078126
3861925,7987f7834f204190aadf3ac554439052,menu,,2022-05-19 10:10:40,0.05311
3861996,7987f7834f204190aadf3ac554439052,menu,,2022-05-19 10:16:25,0.063502
3862038,7987f7834f204190aadf3ac554439052,basket,,2022-05-19 10:19:11,0.060065
3862120,922c9400a69c43788ca216244e6f32ab,menu,,2022-05-19 10:23:04,0.078531
3862193,b527ed8b53d2425795b02b2733d69567,menu,,2022-05-19 10:25:54,0.054817
3862306,922c9400a69c43788ca216244e6f32ab,menu,,2022-05-19 10:30:43,0.063232
3862316,b527ed8b53d2425795b02b2733d69567,menu,,2022-05-19 10:31:15,0.059596
3862399,922c9400a69c43788ca216244e6f32ab,basket,,2022-05-19 10:34:45,0.085646
3862598,b527ed8b53d2425795b02b2733d69567,basket,,2022-05-19 10:42:40,0.084115
3862625,2671a0b2e1684b6988200b5f12692066,menu,,2022-05-19 10:43:28,0.094005
3862641,b527ed8b53d2425795b02b2733d69567,menu,,2022-05-19 10:43:58,0.066925
3862760,7caf248f27bd41aabcaf636167f90b7d,menu,,2022-05-19 10:48:00,0.067369
3862809,2671a0b2e1684b6988200b5f12692066,basket,,2022-05-19 10:49:54,0.066849
3862860,2671a0b2e1684b6988200b5f12692066,menu,,2022-05-19 10:51:57,0.077849
3862873,7caf248f27bd41aabcaf636167f90b7d,menu,,2022-05-19 10:52:24,0.037923
3862887,7caf248f27bd41aabcaf636167f90b7d,menu,,2022-05-19 10:53:00,0.077476
3863064,7caf248f27bd41aabcaf636167f90b7d,menu,,2022-05-19 10:59:19,0.098531
3863125,7caf248f27bd41aabcaf636167f90b7d,basket,,2022-05-19 11:00:56,0.102556
3863197,7caf248f27bd41aabcaf636167f90b7d,basket,,2022-05-19 11:02:47,0.069743
3863237,7caf248f27bd41aabcaf636167f90b7d,menu,,2022-05-19 11:03:52,0.058052
3863284,7caf248f27bd41aabcaf636167f90b7d,payment,1407968,2022-05-19 11:05:24,0.080164
3863413,65168ee90276425caf7c3b37b9518079,menu,,2022-05-19 11:09:22,0.069382
3863548,65168ee90276425caf7c3b37b9518079,menu,,2022-05-19 11:13:26,0.066979
3863623,65168ee90276425caf7c3b37b9518079,menu,,2022-05-19 11:15:21,0.073283
3863873,65168ee90276425caf7c3b37b9518079,basket,,2022-05-19 11:20:59,0.075047
3863948,65168ee90276425caf7c3b37b9518079,basket,,2022-05-19 11:22:36,0.053097
3864032,65168ee90276425caf7c3b37b9518079,payment,1408047,2022-05-19 11:24:28,0.072255
3864050,45c50187bfa34a1da90cb6a31929017f,menu,,2022-05-19 11:24:54,0.047603
3864070,45c50187bfa34a1da90cb6a31929017f,menu,,2022-05-19 11:25:26,0.05828
3864232,ba20a79c6d7c4fdf8ee3895e4f1bb56e,menu,,2022-05-19 11:28:55,0.059842
3864270,45c50187bfa34a1da90cb6a31929017f,menu,,2022-05-19 11:29:50,0.071252
3864279,45c50187bfa34a1da90cb6a31929017f,menu,,2022-05-19 11:29:57,0.083898
3864290,543ed9cf96db429b91307330275557fb,menu,,2022-05-19 11:30:12,0.064147
3864296,0c439ddd16ee4769b02d8860064b58f0,menu,,2022-05-19 11:30:17,0.062629
3864393,ba20a79c6d7c4fdf8ee3895e4f1bb56e,menu,,2022-05-19 11:32:04,0.058553
3864428,0c439ddd16ee4769b02d8860064b58f0,menu,,2022-05-19 11:32:46,0.057625
3864429,0c439ddd16ee4769b02d8860064b58f0,menu,,2022-05-19 11:32:46,0.068923
3864478,ba20a79c6d7c4fdf8ee3895e4f1bb56e,menu,,2022-05-19 11:33:39,0.07367
3864483,0c439ddd16ee4769b02d8860064b58f0,menu,,2022-05-19 11:33:42,0.058122
3864485,543ed9cf96db429b91307330275557fb,menu,,2022-05-19 11:33:43,0.07309
3864605,45c50187bfa34a1da90cb6a31929017f,menu,,2022-05-19 11:35:49,0.071435
3864673,c2096989cfbd4e6397e2b502779f8325,menu,,2022-05-19 11:37:19,0.080374
3864731,ba20a79c6d7c4fdf8ee3895e4f1bb56e,menu,,2022-05-19 11:38:15,0.074556
3864738,7e095194c66e4569af4d2fd5dcbbfa7d,menu,,2022-05-19 11:38:21,0.05582
3864793,543ed9cf96db429b91307330275557fb,menu,,2022-05-19 11:39:36,0.080922
3864814,45c50187bfa34a1da90cb6a31929017f,basket,,2022-05-19 11:39:58,0.061331
3864893,0c439ddd16ee4769b02d8860064b58f0,menu,,2022-05-19 11:41:40,0.066354
3864900,7e095194c66e4569af4d2fd5dcbbfa7d,menu,,2022-05-19 11:41:48,0.06726
3864942,45c50187bfa34a1da90cb6a31929017f,payment,1408133,2022-05-19 11:42:21,0.047489
3864950,c2096989cfbd4e6397e2b502779f8325,menu,,2022-05-19 11:42:29,0.070665
3864970,7e095194c66e4569af4d2fd5dcbbfa7d,menu,,2022-05-19 11:42:48,0.072334
3864972,0c439ddd16ee4769b02d8860064b58f0,basket,,2022-05-19 11:42:49,0.06634
3865016,bb3e0fa70e9d4ffd84441924bb720266,menu,,2022-05-19 11:43:45,0.076474
3865033,543ed9cf96db429b91307330275557fb,basket,,2022-05-19 11:44:03,0.076469
3865105,bb3e0fa70e9d4ffd84441924bb720266,menu,,2022-05-19 11:45:01,0.072341
3865110,c2096989cfbd4e6397e2b502779f8325,menu,,2022-05-19 11:45:07,0.056923
3865198,0c439ddd16ee4769b02d8860064b58f0,payment,1408158,2022-05-19 11:46:31,0.0763
3865233,543ed9cf96db429b91307330275557fb,menu,,2022-05-19 11:46:58,0.063887
3865234,7e095194c66e4569af4d2fd5dcbbfa7d,menu,,2022-05-19 11:46:59,0.057065
3865276,543ed9cf96db429b91307330275557fb,basket,,2022-05-19 11:47:42,0.0701
3865315,543ed9cf96db429b91307330275557fb,payment,1408178,2022-05-19 11:48:19,0.078033
3865332,543ed9cf96db429b91307330275557fb,menu,,2022-05-19 11:48:43,0.075549
3865367,bb3e0fa70e9d4ffd84441924bb720266,menu,,2022-05-19 11:49:19,0.093356
3865466,c2096989cfbd4e6397e2b502779f8325,menu,,2022-05-19 11:50:44,0.049699
3865470,c2096989cfbd4e6397e2b502779f8325,menu,,2022-05-19 11:50:47,0.062539
3865492,c2096989cfbd4e6397e2b502779f8325,basket,,2022-05-19 11:51:03,0.076
3865496,bb3e0fa70e9d4ffd84441924bb720266,menu,,2022-05-19 11:51:11,0.066376
3865502,7e095194c66e4569af4d2fd5dcbbfa7d,menu,,2022-05-19 11:51:18,0.082671
3865567,7e095194c66e4569af4d2fd5dcbbfa7d,menu,,2022-05-19 11:52:25,0.055101
3865595,c2096989cfbd4e6397e2b502779f8325,basket,,2022-05-19 11:52:48,0.082441
3865609,7e095194c66e4569af4d2fd5dcbbfa7d,basket,,2022-05-19 11:52:57,0.075211
3865631,7e095194c66e4569af4d2fd5dcbbfa7d,basket,,2022-05-19 11:53:19,0.069458
3865653,7e095194c66e4569af4d2fd5dcbbfa7d,basket,,2022-05-19 11:53:38,0.072219
3865694,7e095194c66e4569af4d2fd5dcbbfa7d,menu,,2022-05-19 11:54:27,0.046234
3865758,c2096989cfbd4e6397e2b502779f8325,payment,1408220,2022-05-19 11:55:26,0.074306
3865838,7e095194c66e4569af4d2fd5dcbbfa7d,basket,,2022-05-19 11:56:44,0.058563
3865872,bb3e0fa70e9d4ffd84441924bb720266,basket,,2022-05-19 11:57:16,0.063703
3865893,bb3e0fa70e9d4ffd84441924bb720266,menu,,2022-05-19 11:57:38,0.06789
3865894,7e095194c66e4569af4d2fd5dcbbfa7d,payment,1408235,2022-05-19 11:57:39,0.069979
3866065,bb3e0fa70e9d4ffd84441924bb720266,payment,1408255,2022-05-19 12:00:27,0.080094
3866729,348c4ce8fcaa43758babededcff3c124,menu,,2022-05-19 12:11:57,0.065513
3866793,bcbdfe2393ff4fa59351b4c01709b988,menu,,2022-05-19 12:13:00,0.084945
3866798,bcbdfe2393ff4fa59351b4c01709b988,menu,,2022-05-19 12:13:03,0.068298
3866855,348c4ce8fcaa43758babededcff3c124,menu,,2022-05-19 12:13:53,0.070615
3866896,348c4ce8fcaa43758babededcff3c124,menu,,2022-05-19 12:14:42,0.077575
3866930,bcbdfe2393ff4fa59351b4c01709b988,basket,,2022-05-19 12:15:07,0.076375
3866993,348c4ce8fcaa43758babededcff3c124,menu,,2022-05-19 12:16:10,0.08589
3867420,348c4ce8fcaa43758babededcff3c124,basket,,2022-05-19 12:23:26,0.056463
3867467,348c4ce8fcaa43758babededcff3c124,menu,,2022-05-19 12:23:58,0.089892
3867524,348c4ce8fcaa43758babededcff3c124,basket,,2022-05-19 12:24:57,0.080806
3867695,348c4ce8fcaa43758babededcff3c124,menu,,2022-05-19 12:27:22,0.087163
3867702,348c4ce8fcaa43758babededcff3c124,payment,1408428,2022-05-19 12:27:27,0.095336
3869694,db55c13ea37e4e5aa08ce2c16b8bf505,menu,,2022-05-19 12:59:28,0.067908
3869728,db55c13ea37e4e5aa08ce2c16b8bf505,menu,,2022-05-19 13:00:02,0.060441
3869855,ba20a79c6d7c4fdf8ee3895e4f1bb56e,menu,,2022-05-19 13:02:23,0.085939
3869857,4ecc6cc8606f4f2d9f934169aa60d934,menu,,2022-05-19 13:02:28,0.090106
3869957,ba20a79c6d7c4fdf8ee3895e4f1bb56e,menu,,2022-05-19 13:04:05,0.056769
3869976,0ea8469d67f6448fb4389cda261d6e15,menu,,2022-05-19 13:04:27,0.059956
3870023,ba20a79c6d7c4fdf8ee3895e4f1bb56e,menu,,2022-05-19 13:05:11,0.067777
3870051,db55c13ea37e4e5aa08ce2c16b8bf505,basket,,2022-05-19 13:05:43,0.065587
3870060,db55c13ea37e4e5aa08ce2c16b8bf505,menu,,2022-05-19 13:05:50,0.081067
3870071,4ecc6cc8606f4f2d9f934169aa60d934,menu,,2022-05-19 13:05:54,0.079496
3870078,0ea8469d67f6448fb4389cda261d6e15,menu,,2022-05-19 13:06:01,0.078624
3870161,db55c13ea37e4e5aa08ce2c16b8bf505,basket,,2022-05-19 13:07:32,0.062093
3870171,0ea8469d67f6448fb4389cda261d6e15,menu,,2022-05-19 13:07:37,0.079201
3870229,db55c13ea37e4e5aa08ce2c16b8bf505,menu,,2022-05-19 13:08:42,0.080317
3870233,db55c13ea37e4e5aa08ce2c16b8bf505,menu,,2022-05-19 13:08:45,0.074475
3870263,db55c13ea37e4e5aa08ce2c16b8bf505,payment,1408719,2022-05-19 13:09:12,0.093139
3870348,4ecc6cc8606f4f2d9f934169aa60d934,menu,,2022-05-19 13:10:29,0.061186
3870350,ba20a79c6d7c4fdf8ee3895e4f1bb56e,menu,,2022-05-19 13:10:30,0.070738
3870400,ba20a79c6d7c4fdf8ee3895e4f1bb56e,basket,,2022-05-19 13:11:08,0.070749
3870406,4ecc6cc8606f4f2d9f934169aa60d934,menu,,2022-05-19 13:11:14,0.066956
3870506,ba20a79c6d7c4fdf8ee3895e4f1bb56e,basket,,2022-05-19 13:12:35,0.061949
3870638,ba20a79c6d7c4fdf8ee3895e4f1bb56e,basket,,2022-05-19 13:14:58,0.058501
3870685,ba20a79c6d7c4fdf8ee3895e4f1bb56e,payment,1408772,2022-05-19 13:15:43,0.089111
3870712,4ecc6cc8606f4f2d9f934169aa60d934,basket,,2022-05-19 13:16:09,0.06471
3870736,4ecc6cc8606f4f2d9f934169aa60d934,basket,,2022-05-19 13:16:33,0.087219
3870755,4ecc6cc8606f4f2d9f934169aa60d934,menu,,2022-05-19 13:16:53,0.067685
3870758,4ecc6cc8606f4f2d9f934169aa60d934,menu,,2022-05-19 13:17:02,0.07216
3870775,4ecc6cc8606f4f2d9f934169aa60d934,basket,,2022-05-19 13:17:17,0.091488
3870797,2957b4b397c74105af8895774b6c1118,menu,,2022-05-19 13:17:42,0.084374
3870856,4ecc6cc8606f4f2d9f934169aa60d934,payment,1408794,2022-05-19 13:18:44,0.082332
3870881,0ea8469d67f6448fb4389cda261d6e15,basket,,2022-05-19 13:19:09,0.063357
3870886,0ea8469d67f6448fb4389cda261d6e15,basket,,2022-05-19 13:19:15,0.076658
3871417,2957b4b397c74105af8895774b6c1118,menu,,2022-05-19 13:27:08,0.06141
3871467,2957b4b397c74105af8895774b6c1118,basket,,2022-05-19 13:27:55,0.060449
3871522,2957b4b397c74105af8895774b6c1118,menu,,2022-05-19 13:28:53,0.071076
3871524,2957b4b397c74105af8895774b6c1118,menu,,2022-05-19 13:28:58,0.040956
3871570,2957b4b397c74105af8895774b6c1118,basket,,2022-05-19 13:29:35,0.054959
3871660,2957b4b397c74105af8895774b6c1118,payment,1408868,2022-05-19 13:30:51,0.052728
3871970,b1cc00cbd39f45edaad0342f58c3706a,menu,,2022-05-19 13:35:43,0.078134
3872301,b1cc00cbd39f45edaad0342f58c3706a,basket,,2022-05-19 13:40:20,0.072943
3873004,e22219e3dd084363accd3fe517974848,menu,,2022-05-19 13:50:03,0.08495
3873147,a95eb4984a7a47fab79072c34f338baf,menu,,2022-05-19 13:52:06,0.067319
3873303,df25db42a2704ae7ba40dd4a9d816638,menu,,2022-05-19 13:54:15,0.067561
3873437,e22219e3dd084363accd3fe517974848,menu,,2022-05-19 13:55:58,0.077549
3873595,a95eb4984a7a47fab79072c34f338baf,menu,,2022-05-19 13:58:11,0.092227
3873610,e22219e3dd084363accd3fe517974848,menu,,2022-05-19 13:58:26,0.043125
3873677,a95eb4984a7a47fab79072c34f338baf,menu,,2022-05-19 13:59:16,0.063674
3873708,df25db42a2704ae7ba40dd4a9d816638,menu,,2022-05-19 13:59:44,0.048412
3873745,a95eb4984a7a47fab79072c34f338baf,menu,,2022-05-19 14:00:20,0.070017
3873761,e22219e3dd084363accd3fe517974848,menu,,2022-05-19 14:00:31,0.060928
3874137,e22219e3dd084363accd3fe517974848,basket,,2022-05-19 14:05:50,0.082604
3874163,a95eb4984a7a47fab79072c34f338baf,basket,,2022-05-19 14:06:00,0.078011
3874176,e22219e3dd084363accd3fe517974848,basket,,2022-05-19 14:06:09,0.057648
3874270,e22219e3dd084363accd3fe517974848,menu,,2022-05-19 14:07:20,0.059442
3874279,e22219e3dd084363accd3fe517974848,basket,,2022-05-19 14:07:22,0.08926
3874320,e22219e3dd084363accd3fe517974848,payment,1409161,2022-05-19 14:07:46,0.05746
3874407,df25db42a2704ae7ba40dd4a9d816638,basket,,2022-05-19 14:08:55,0.057969
3874425,4052406f7c9c4e338f178f24ae8a8145,menu,,2022-05-19 14:09:09,0.06496
3874466,a95eb4984a7a47fab79072c34f338baf,payment,1409183,2022-05-19 14:09:44,0.070057
3874478,df25db42a2704ae7ba40dd4a9d816638,basket,,2022-05-19 14:09:54,0.069593
3874493,df25db42a2704ae7ba40dd4a9d816638,basket,,2022-05-19 14:10:06,0.070238
3874542,1145600cb9f34ef7a4c7f2f971bfed13,menu,,2022-05-19 14:10:49,0.053982
3874566,4e5bbff30707442d8c27a40ab73e95ef,menu,,2022-05-19 14:11:13,0.058463
3874613,df25db42a2704ae7ba40dd4a9d816638,menu,,2022-05-19 14:11:52,0.082053
3874626,4e5bbff30707442d8c27a40ab73e95ef,menu,,2022-05-19 14:12:05,0.063374
3874707,6ee831b289bc42e7b5f4ad8dfd957a29,menu,,2022-05-19 14:13:17,0.079784
3874714,df25db42a2704ae7ba40dd4a9d816638,payment,1409207,2022-05-19 14:13:22,0.045551
3874812,4e5bbff30707442d8c27a40ab73e95ef,menu,,2022-05-19 14:14:47,0.060529
3874839,6ee831b289bc42e7b5f4ad8dfd957a29,menu,,2022-05-19 14:15:06,0.058874
3875024,4e5bbff30707442d8c27a40ab73e95ef,menu,,2022-05-19 14:17:38,0.07257
3875057,6ee831b289bc42e7b5f4ad8dfd957a29,menu,,2022-05-19 14:18:11,0.066973
3875063,4052406f7c9c4e338f178f24ae8a8145,menu,,2022-05-19 14:18:20,0.073081
3875147,1145600cb9f34ef7a4c7f2f971bfed13,menu,,2022-05-19 14:19:21,0.06955
3875225,6ee831b289bc42e7b5f4ad8dfd957a29,menu,,2022-05-19 14:20:22,0.077649
3875231,4052406f7c9c4e338f178f24ae8a8145,menu,,2022-05-19 14:20:24,0.065169
3875258,1145600cb9f34ef7a4c7f2f971bfed13,menu,,2022-05-19 14:20:47,0.076161
3875336,4e5bbff30707442d8c27a40ab73e95ef,basket,,2022-05-19 14:21:54,0.050754
3875483,1145600cb9f34ef7a4c7f2f971bfed13,menu,,2022-05-19 14:23:40,0.057264
3875511,d108b3689a9e4cafa314d2f960f62ba0,menu,,2022-05-19 14:24:05,0.082761
3875513,1145600cb9f34ef7a4c7f2f971bfed13,basket,,2022-05-19 14:24:07,0.0723
3875520,4052406f7c9c4e338f178f24ae8a8145,basket,,2022-05-19 14:24:14,0.071478
3875542,1145600cb9f34ef7a4c7f2f971bfed13,basket,,2022-05-19 14:24:31,0.063418
3875553,4052406f7c9c4e338f178f24ae8a8145,basket,,2022-05-19 14:24:40,0.061255
3875585,1145600cb9f34ef7a4c7f2f971bfed13,menu,,2022-05-19 14:25:04,0.078933
3875632,1145600cb9f34ef7a4c7f2f971bfed13,payment,1409313,2022-05-19 14:25:37,0.067286
3875658,1145600cb9f34ef7a4c7f2f971bfed13,menu,,2022-05-19 14:25:58,0.068037
3875659,4052406f7c9c4e338f178f24ae8a8145,menu,,2022-05-19 14:25:59,0.068682
3875663,4052406f7c9c4e338f178f24ae8a8145,payment,1409316,2022-05-19 14:26:03,0.066589
3875673,4052406f7c9c4e338f178f24ae8a8145,menu,,2022-05-19 14:26:11,0.064231
3875775,6ee831b289bc42e7b5f4ad8dfd957a29,menu,,2022-05-19 14:27:33,0.065158
3875833,6ee831b289bc42e7b5f4ad8dfd957a29,basket,,2022-05-19 14:28:33,0.073829
3875849,6ee831b289bc42e7b5f4ad8dfd957a29,basket,,2022-05-19 14:28:44,0.076426
3875858,6ee831b289bc42e7b5f4ad8dfd957a29,menu,,2022-05-19 14:29:03,0.085099
3875889,d909126a20184e49ac5e8011d7ee7f1c,menu,,2022-05-19 14:29:26,0.054949
3875961,6ee831b289bc42e7b5f4ad8dfd957a29,basket,,2022-05-19 14:30:21,0.084203
3875962,d108b3689a9e4cafa314d2f960f62ba0,basket,,2022-05-19 14:30:22,0.077925
3876005,d909126a20184e49ac5e8011d7ee7f1c,menu,,2022-05-19 14:30:54,0
3876086,6ee831b289bc42e7b5f4ad8dfd957a29,basket,,2022-05-19 14:32:03,0.056978
3876092,2cde19b0ddd74a5d9cea3f9a2d0515b2,menu,,2022-05-19 14:32:07,0.098371
3876109,6ee831b289bc42e7b5f4ad8dfd957a29,payment,1409368,2022-05-19 14:32:17,0.084151
3876118,2cde19b0ddd74a5d9cea3f9a2d0515b2,menu,,2022-05-19 14:32:24,0.073535
3876176,d909126a20184e49ac5e8011d7ee7f1c,menu,,2022-05-19 14:33:09,0.067316
3876178,d909126a20184e49ac5e8011d7ee7f1c,menu,,2022-05-19 14:33:11,0.058754
3876210,d108b3689a9e4cafa314d2f960f62ba0,basket,,2022-05-19 14:33:38,0.084908
3876235,2cde19b0ddd74a5d9cea3f9a2d0515b2,menu,,2022-05-19 14:34:05,0.087953
3876251,d909126a20184e49ac5e8011d7ee7f1c,menu,,2022-05-19 14:34:21,0.062699
3876299,2cde19b0ddd74a5d9cea3f9a2d0515b2,basket,,2022-05-19 14:35:06,0.087251
3876370,2cde19b0ddd74a5d9cea3f9a2d0515b2,menu,,2022-05-19 14:35:56,0.074762
3876402,2cde19b0ddd74a5d9cea3f9a2d0515b2,basket,,2022-05-19 14:36:26,0.092511
3876428,2cde19b0ddd74a5d9cea3f9a2d0515b2,basket,,2022-05-19 14:36:50,0.074044
3876467,2cde19b0ddd74a5d9cea3f9a2d0515b2,menu,,2022-05-19 14:37:27,0.070993
3876552,2cde19b0ddd74a5d9cea3f9a2d0515b2,payment,1409415,2022-05-19 14:38:41,0.050771
3876647,5128d262829948adb7b8f7f00ebe59af,menu,,2022-05-19 14:40:11,0.060374
3876779,5128d262829948adb7b8f7f00ebe59af,menu,,2022-05-19 14:42:01,0.060117
3876817,fc297781ed5c4ac4a9541f29bfc6be01,menu,,2022-05-19 14:42:37,0.075469
3876917,fc297781ed5c4ac4a9541f29bfc6be01,menu,,2022-05-19 14:43:56,0.060597
3876957,5128d262829948adb7b8f7f00ebe59af,menu,,2022-05-19 14:44:36,0.067498
3876977,fc297781ed5c4ac4a9541f29bfc6be01,menu,,2022-05-19 14:44:50,0.064697
3876985,71152137058e4e9383d9fa0d40eae55e,menu,,2022-05-19 14:44:52,0.100832
3876997,d909126a20184e49ac5e8011d7ee7f1c,basket,,2022-05-19 14:44:59,0.076009
3877028,71152137058e4e9383d9fa0d40eae55e,menu,,2022-05-19 14:45:24,0.074285
3877068,5128d262829948adb7b8f7f00ebe59af,menu,,2022-05-19 14:45:55,0.072852
3877092,d909126a20184e49ac5e8011d7ee7f1c,basket,,2022-05-19 14:46:26,0.052483
3877104,d909126a20184e49ac5e8011d7ee7f1c,menu,,2022-05-19 14:46:43,0.077081
3877215,d909126a20184e49ac5e8011d7ee7f1c,payment,1409492,2022-05-19 14:48:19,0.09236
3877278,71152137058e4e9383d9fa0d40eae55e,menu,,2022-05-19 14:49:36,0.061461
3877308,71152137058e4e9383d9fa0d40eae55e,basket,,2022-05-19 14:50:06,0.062211
3877358,71152137058e4e9383d9fa0d40eae55e,menu,,2022-05-19 14:50:59,0.066882
3877523,71152137058e4e9383d9fa0d40eae55e,payment,1409525,2022-05-19 14:53:49,0.07549
3877562,5128d262829948adb7b8f7f00ebe59af,basket,,2022-05-19 14:54:29,0.096699
3877566,fc297781ed5c4ac4a9541f29bfc6be01,basket,,2022-05-19 14:54:31,0.075703
3877606,5128d262829948adb7b8f7f00ebe59af,basket,,2022-05-19 14:54:58,0.068093
3877620,fc297781ed5c4ac4a9541f29bfc6be01,menu,,2022-05-19 14:55:11,0.084286
3877628,5128d262829948adb7b8f7f00ebe59af,basket,,2022-05-19 14:55:23,0.06962
3877764,fc297781ed5c4ac4a9541f29bfc6be01,basket,,2022-05-19 14:57:12,0.058063
3877781,c2110e680df54ae4997f854e6e42dbe0,menu,,2022-05-19 14:57:33,0.092093
3877789,fc297781ed5c4ac4a9541f29bfc6be01,payment,1409555,2022-05-19 14:57:38,0.066494
3877798,5128d262829948adb7b8f7f00ebe59af,menu,,2022-05-19 14:57:44,0.073442
3877849,5128d262829948adb7b8f7f00ebe59af,basket,,2022-05-19 14:58:31,0.071988
3877892,5128d262829948adb7b8f7f00ebe59af,payment,1409570,2022-05-19 14:59:07,0.069839
3878173,d7f52c91ce634df0b65b9769e05885d9,menu,,2022-05-19 15:03:41,0.080679
3878250,d7f52c91ce634df0b65b9769e05885d9,menu,,2022-05-19 15:04:59,0.047441
3878390,c2110e680df54ae4997f854e6e42dbe0,menu,,2022-05-19 15:07:15,0.051916
3878416,68887726168748e4b9fc14f9930d8ef9,menu,,2022-05-19 15:07:34,0.089405
3878541,68887726168748e4b9fc14f9930d8ef9,menu,,2022-05-19 15:09:35,0.075842
3878650,c2110e680df54ae4997f854e6e42dbe0,basket,,2022-05-19 15:11:34,0.056869
3878710,68887726168748e4b9fc14f9930d8ef9,menu,,2022-05-19 15:12:30,0.080274
3878782,68887726168748e4b9fc14f9930d8ef9,menu,,2022-05-19 15:13:33,0.045792
3878911,c2110e680df54ae4997f854e6e42dbe0,menu,,2022-05-19 15:15:31,0.089124
3878945,68887726168748e4b9fc14f9930d8ef9,menu,,2022-05-19 15:15:54,0.056142
3878950,c2110e680df54ae4997f854e6e42dbe0,payment,1409690,2022-05-19 15:15:56,0.06328
3879029,68887726168748e4b9fc14f9930d8ef9,menu,,2022-05-19 15:17:15,0.061257
3879037,68887726168748e4b9fc14f9930d8ef9,menu,,2022-05-19 15:17:19,0.067224
3879071,d7f52c91ce634df0b65b9769e05885d9,menu,,2022-05-19 15:17:54,0.08397
3879132,fe0772981a014411aeb3e4888f45a22b,menu,,2022-05-19 15:18:46,0.07979
3879199,fe0772981a014411aeb3e4888f45a22b,menu,,2022-05-19 15:19:56,0.072846
3879320,68887726168748e4b9fc14f9930d8ef9,basket,,2022-05-19 15:22:05,0.056397
3879363,68887726168748e4b9fc14f9930d8ef9,payment,1409730,2022-05-19 15:22:55,0.08321
3879378,5d34d2af8e5446538237c144545aa114,menu,,2022-05-19 15:23:12,0.095354
3879401,5d34d2af8e5446538237c144545aa114,menu,,2022-05-19 15:23:38,0.077494
3879548,fe0772981a014411aeb3e4888f45a22b,menu,,2022-05-19 15:26:29,0.059591
3879793,1315e0014e50414a9740ed84d8d73e87,menu,,2022-05-19 15:30:22,0.052734
3879877,1315e0014e50414a9740ed84d8d73e87,menu,,2022-05-19 15:31:57,0.061218
3879945,5d34d2af8e5446538237c144545aa114,menu,,2022-05-19 15:33:04,0.070487
3879962,5d34d2af8e5446538237c144545aa114,menu,,2022-05-19 15:33:20,0.062676
3879987,fe0772981a014411aeb3e4888f45a22b,basket,,2022-05-19 15:33:45,0.068988
3879991,fe0772981a014411aeb3e4888f45a22b,basket,,2022-05-19 15:33:47,0.073589
3880019,fe0772981a014411aeb3e4888f45a22b,menu,,2022-05-19 15:34:12,0.071733
3880027,5d34d2af8e5446538237c144545aa114,menu,,2022-05-19 15:34:21,0.073953
3880063,1315e0014e50414a9740ed84d8d73e87,menu,,2022-05-19 15:34:56,0.09694
3880071,1315e0014e50414a9740ed84d8d73e87,menu,,2022-05-19 15:35:05,0.064399
3880154,fe0772981a014411aeb3e4888f45a22b,payment,1409824,2022-05-19 15:36:43,0.067702
3880161,5d34d2af8e5446538237c144545aa114,basket,,2022-05-19 15:36:49,0.090028
3880266,5d34d2af8e5446538237c144545aa114,basket,,2022-05-19 15:38:36,0.075712
3880290,804bb970813b4e7798861011caaa5fce,menu,,2022-05-19 15:38:53,0.089242
3880304,5d34d2af8e5446538237c144545aa114,basket,,2022-05-19 15:39:05,0.069964
3880325,5d34d2af8e5446538237c144545aa114,payment,1409839,2022-05-19 15:39:30,0.071694
3880331,5d34d2af8e5446538237c144545aa114,menu,,2022-05-19 15:39:40,0.087736
3880385,1315e0014e50414a9740ed84d8d73e87,basket,,2022-05-19 15:40:38,0.080528
3880417,804bb970813b4e7798861011caaa5fce,menu,,2022-05-19 15:41:14,0.07092
3880533,1315e0014e50414a9740ed84d8d73e87,basket,,2022-05-19 15:42:56,0.060106
3880535,1315e0014e50414a9740ed84d8d73e87,basket,,2022-05-19 15:42:57,0.084433
3880575,804bb970813b4e7798861011caaa5fce,menu,,2022-05-19 15:43:42,0.094982
3880602,1315e0014e50414a9740ed84d8d73e87,payment,1409863,2022-05-19 15:44:08,0.07615
3880606,1315e0014e50414a9740ed84d8d73e87,menu,,2022-05-19 15:44:11,0.078299
3880624,1315e0014e50414a9740ed84d8d73e87,menu,,2022-05-19 15:44:28,0.081538
3880627,1315e0014e50414a9740ed84d8d73e87,menu,,2022-05-19 15:44:30,0.063295
3880638,1315e0014e50414a9740ed84d8d73e87,menu,,2022-05-19 15:44:37,0.078226
3881035,1819821e6d7845129d4c47a0a94a890e,menu,,2022-05-19 15:50:43,0.07691
3881195,1819821e6d7845129d4c47a0a94a890e,menu,,2022-05-19 15:53:06,0.089843
3881349,f2f578bdb1334be589255c56d528d524,menu,,2022-05-19 15:55:16,0.065375
3881493,1819821e6d7845129d4c47a0a94a890e,menu,,2022-05-19 15:57:43,0.073885
3881640,c48924015c3e4aa191302dbe9f7d9902,menu,,2022-05-19 16:00:04,0.064214
3881655,c48924015c3e4aa191302dbe9f7d9902,menu,,2022-05-19 16:00:13,0.066747
3881682,c48924015c3e4aa191302dbe9f7d9902,menu,,2022-05-19 16:00:35,0.060736
3881782,1819821e6d7845129d4c47a0a94a890e,menu,,2022-05-19 16:02:04,0.046239
3881910,f2f578bdb1334be589255c56d528d524,menu,,2022-05-19 16:03:53,0.063128
3881972,f2f578bdb1334be589255c56d528d524,menu,,2022-05-19 16:04:40,0.081223
3882066,1819821e6d7845129d4c47a0a94a890e,basket,,2022-05-19 16:06:00,0.066144
3882112,c48924015c3e4aa191302dbe9f7d9902,menu,,2022-05-19 16:06:37,0.078417
3882137,1819821e6d7845129d4c47a0a94a890e,payment,1410021,2022-05-19 16:06:55,0.06636
3882232,f2f578bdb1334be589255c56d528d524,menu,,2022-05-19 16:08:06,0.059767
3882309,f2f578bdb1334be589255c56d528d524,menu,,2022-05-19 16:09:07,0.064272
3882324,f2f578bdb1334be589255c56d528d524,basket,,2022-05-19 16:09:18,0.079843
3882335,53584a96becc4e61b1854c48eb6e5971,menu,,2022-05-19 16:09:27,0.061917
3882398,f2f578bdb1334be589255c56d528d524,basket,,2022-05-19 16:10:14,0.073858
3882447,f2f578bdb1334be589255c56d528d524,menu,,2022-05-19 16:11:02,0.054879
3882448,53584a96becc4e61b1854c48eb6e5971,menu,,2022-05-19 16:11:04,0.05975
3882470,f2f578bdb1334be589255c56d528d524,basket,,2022-05-19 16:11:19,0.073717
3882513,f2f578bdb1334be589255c56d528d524,menu,,2022-05-19 16:11:57,0.074478
3882584,c48924015c3e4aa191302dbe9f7d9902,basket,,2022-05-19 16:13:07,0.067317
3882600,f2f578bdb1334be589255c56d528d524,payment,1410078,2022-05-19 16:13:26,0.066166
3882705,53584a96becc4e61b1854c48eb6e5971,menu,,2022-05-19 16:15:10,0.061494
3882712,b207137e6a124d02a6136a982617e42f,menu,,2022-05-19 16:15:24,0.074228
3882836,c48924015c3e4aa191302dbe9f7d9902,payment,1410105,2022-05-19 16:17:24,0.069216
3882881,245fbb90c1de491f9561a1735df7c05a,menu,,2022-05-19 16:17:56,0.087616
3882903,b207137e6a124d02a6136a982617e42f,menu,,2022-05-19 16:18:25,0.06679
3883058,b207137e6a124d02a6136a982617e42f,menu,,2022-05-19 16:20:43,0.065185
3883101,b207137e6a124d02a6136a982617e42f,menu,,2022-05-19 16:21:20,0.079414
3883308,245fbb90c1de491f9561a1735df7c05a,menu,,2022-05-19 16:25:12,0.07223
3883462,b207137e6a124d02a6136a982617e42f,basket,,2022-05-19 16:28:20,0.073334
3883465,b207137e6a124d02a6136a982617e42f,basket,,2022-05-19 16:28:21,0.061263
3883482,245fbb90c1de491f9561a1735df7c05a,menu,,2022-05-19 16:28:37,0.075951
3883494,245fbb90c1de491f9561a1735df7c05a,menu,,2022-05-19 16:28:51,0.059548
3883502,b207137e6a124d02a6136a982617e42f,menu,,2022-05-19 16:29:06,0.080323
3883532,b207137e6a124d02a6136a982617e42f,menu,,2022-05-19 16:29:36,0.075477
3883602,245fbb90c1de491f9561a1735df7c05a,menu,,2022-05-19 16:30:43,0.05352
3883699,b207137e6a124d02a6136a982617e42f,payment,1410208,2022-05-19 16:32:25,0.067631
3883713,245fbb90c1de491f9561a1735df7c05a,basket,,2022-05-19 16:32:38,0.06594
3883940,245fbb90c1de491f9561a1735df7c05a,menu,,2022-05-19 16:36:01,0.082848
3884022,245fbb90c1de491f9561a1735df7c05a,payment,1410247,2022-05-19 16:37:22,0.053233
3884592,87d52dc16e1e4298b534fcc00c0e8fb3,menu,,2022-05-19 16:47:54,0.062306
3884626,87d52dc16e1e4298b534fcc00c0e8fb3,menu,,2022-05-19 16:48:28,0.087273
3884880,87d52dc16e1e4298b534fcc00c0e8fb3,menu,,2022-05-19 16:52:52,0.08284
3885022,87d52dc16e1e4298b534fcc00c0e8fb3,menu,,2022-05-19 16:55:20,0.063431
3885441,87d52dc16e1e4298b534fcc00c0e8fb3,menu,,2022-05-19 17:02:15,0.0706
3885489,87d52dc16e1e4298b534fcc00c0e8fb3,basket,,2022-05-19 17:03:12,0.052721
3885566,87d52dc16e1e4298b534fcc00c0e8fb3,basket,,2022-05-19 17:04:46,0.070831
3885580,87d52dc16e1e4298b534fcc00c0e8fb3,menu,,2022-05-19 17:05:03,0.063717
3885722,87d52dc16e1e4298b534fcc00c0e8fb3,payment,1410433,2022-05-19 17:07:29,0.054746
3886353,c5789964e67f4064ba71d143791646d4,basket,,2022-05-19 17:18:28,0.060521
3886356,c5789964e67f4064ba71d143791646d4,menu,,2022-05-19 17:18:30,0.067692
3886469,c5789964e67f4064ba71d143791646d4,basket,,2022-05-19 17:20:27,0.06269
3886829,aafef1ef8de04151afc54fc2146bcf88,menu,,2022-05-19 17:26:22,0.071909
3886861,0cd7205c9e104244841798014a32e9a2,menu,,2022-05-19 17:26:56,0.06409
3887314,7e7f100eabdb4a3d8f451e7c2f0bf880,menu,,2022-05-19 17:35:13,0.075837
3887316,7e7f100eabdb4a3d8f451e7c2f0bf880,menu,,2022-05-19 17:35:15,0.082355
3887428,0cd7205c9e104244841798014a32e9a2,menu,,2022-05-19 17:37:11,0.068552
3887595,aafef1ef8de04151afc54fc2146bcf88,menu,,2022-05-19 17:39:47,0.087733
3887623,7e7f100eabdb4a3d8f451e7c2f0bf880,menu,,2022-05-19 17:40:11,0.07666
3887767,0cd7205c9e104244841798014a32e9a2,basket,,2022-05-19 17:42:57,0.072895
3887833,0cd7205c9e104244841798014a32e9a2,menu,,2022-05-19 17:44:05,0.068658
3887840,7e7f100eabdb4a3d8f451e7c2f0bf880,basket,,2022-05-19 17:44:16,0.091175
3887881,7e7f100eabdb4a3d8f451e7c2f0bf880,basket,,2022-05-19 17:45:04,0.084113
3888083,71ca443b90644793b891febf92911e6e,menu,,2022-05-19 17:48:05,0.06522
3888158,71ca443b90644793b891febf92911e6e,menu,,2022-05-19 17:49:23,0.069867
3888575,a29f7961c52e46a5a08ad2a643f4c18b,menu,,2022-05-19 17:56:50,0.059367
3888592,a29f7961c52e46a5a08ad2a643f4c18b,menu,,2022-05-19 17:57:04,0.070094
3888801,71ca443b90644793b891febf92911e6e,menu,,2022-05-19 18:01:05,0.063937
3888836,71ca443b90644793b891febf92911e6e,basket,,2022-05-19 18:01:37,0.059892
3888877,a29f7961c52e46a5a08ad2a643f4c18b,menu,,2022-05-19 18:02:19,0.073582
3888887,8eea09102acb407da785115a2bbc8718,menu,,2022-05-19 18:02:31,0.057954
3888890,980483a8c4b542058d7c7f7fd874c436,menu,,2022-05-19 18:02:32,0.051583
3888941,980483a8c4b542058d7c7f7fd874c436,menu,,2022-05-19 18:03:24,0.073717
3888962,8eea09102acb407da785115a2bbc8718,menu,,2022-05-19 18:03:44,0.073408
3888980,71ca443b90644793b891febf92911e6e,menu,,2022-05-19 18:04:05,0.092712
3889012,71ca443b90644793b891febf92911e6e,payment,1410792,2022-05-19 18:04:38,0.066096
3889013,8eea09102acb407da785115a2bbc8718,menu,,2022-05-19 18:04:39,0.100868
3889061,a29f7961c52e46a5a08ad2a643f4c18b,basket,,2022-05-19 18:05:41,0.077747
3889091,8eea09102acb407da785115a2bbc8718,menu,,2022-05-19 18:06:14,0.071192
3889178,8eea09102acb407da785115a2bbc8718,menu,,2022-05-19 18:07:54,0.073215
3889197,980483a8c4b542058d7c7f7fd874c436,menu,,2022-05-19 18:08:16,0.041024
3889335,938f8f314db04f5d8e4e6ba8a7c02e65,menu,,2022-05-19 18:10:36,0.069716
3889460,938f8f314db04f5d8e4e6ba8a7c02e65,menu,,2022-05-19 18:12:57,0.065063
3889510,8eea09102acb407da785115a2bbc8718,basket,,2022-05-19 18:13:37,0.07639
3889537,8eea09102acb407da785115a2bbc8718,basket,,2022-05-19 18:13:56,0.085297
3889617,980483a8c4b542058d7c7f7fd874c436,menu,,2022-05-19 18:15:16,0.078861
3889637,938f8f314db04f5d8e4e6ba8a7c02e65,menu,,2022-05-19 18:15:41,0.055481
3889664,8eea09102acb407da785115a2bbc8718,basket,,2022-05-19 18:16:05,0.073443
3889756,980483a8c4b542058d7c7f7fd874c436,menu,,2022-05-19 18:17:54,0.06485
3889771,8eea09102acb407da785115a2bbc8718,payment,1410878,2022-05-19 18:18:05,0.067485
3889794,980483a8c4b542058d7c7f7fd874c436,menu,,2022-05-19 18:18:22,0.057526
3889818,980483a8c4b542058d7c7f7fd874c436,basket,,2022-05-19 18:18:43,0.068006
3889821,8eea09102acb407da785115a2bbc8718,menu,,2022-05-19 18:18:47,0.073836
3889829,980483a8c4b542058d7c7f7fd874c436,basket,,2022-05-19 18:18:59,0.072854
3889988,980483a8c4b542058d7c7f7fd874c436,payment,1410898,2022-05-19 18:21:50,0.032821
3890030,938f8f314db04f5d8e4e6ba8a7c02e65,menu,,2022-05-19 18:22:39,0.069529
3890263,938f8f314db04f5d8e4e6ba8a7c02e65,basket,,2022-05-19 18:27:00,0.067073
3890266,938f8f314db04f5d8e4e6ba8a7c02e65,basket,,2022-05-19 18:27:01,0.06148
3890281,938f8f314db04f5d8e4e6ba8a7c02e65,menu,,2022-05-19 18:27:14,0.092899
3890336,938f8f314db04f5d8e4e6ba8a7c02e65,payment,1410939,2022-05-19 18:28:15,0.073304
3890869,369dca6b94484eaf9fd8e9350061aa12,menu,,2022-05-19 18:37:27,0.075478
3890928,369dca6b94484eaf9fd8e9350061aa12,menu,,2022-05-19 18:38:42,0.061954
3890971,369dca6b94484eaf9fd8e9350061aa12,menu,,2022-05-19 18:39:29,0.073906
3891009,2671a0b2e1684b6988200b5f12692066,menu,,2022-05-19 18:40:14,0.080646
3891164,1d6fcb342cb549209df2df242b2a305c,menu,,2022-05-19 18:43:19,0.075818
3891182,369dca6b94484eaf9fd8e9350061aa12,menu,,2022-05-19 18:43:32,0.071122
3891185,3fc11bbef43d4d5fb1c3638c57f67c3d,menu,,2022-05-19 18:43:36,0.074463
3891195,1d6fcb342cb549209df2df242b2a305c,menu,,2022-05-19 18:43:46,0.069582
3891353,3fc11bbef43d4d5fb1c3638c57f67c3d,menu,,2022-05-19 18:46:55,0.066203
3891360,1d6fcb342cb549209df2df242b2a305c,menu,,2022-05-19 18:47:00,0.083971
3891457,3fc11bbef43d4d5fb1c3638c57f67c3d,menu,,2022-05-19 18:49:03,0.093786
3891506,c8f3213feed442698c85dcc0fd9b668d,menu,,2022-05-19 18:50:13,0.076347
3891535,369dca6b94484eaf9fd8e9350061aa12,basket,,2022-05-19 18:50:52,0.066882
3891541,c8f3213feed442698c85dcc0fd9b668d,menu,,2022-05-19 18:51:00,0.07099
3891554,369dca6b94484eaf9fd8e9350061aa12,basket,,2022-05-19 18:51:14,0.0739
3891605,369dca6b94484eaf9fd8e9350061aa12,basket,,2022-05-19 18:51:54,0.084127
3891623,1d6fcb342cb549209df2df242b2a305c,menu,,2022-05-19 18:52:11,0.081297
3891669,369dca6b94484eaf9fd8e9350061aa12,payment,1411085,2022-05-19 18:53:00,0.064437
3891712,c8f3213feed442698c85dcc0fd9b668d,menu,,2022-05-19 18:53:43,0.046396
3891740,3fc11bbef43d4d5fb1c3638c57f67c3d,menu,,2022-05-19 18:54:20,0.082583
3891804,c8f3213feed442698c85dcc0fd9b668d,menu,,2022-05-19 18:55:17,0.084782
3891946,1d6fcb342cb549209df2df242b2a305c,basket,,2022-05-19 18:57:52,0.077464
3892044,3fc11bbef43d4d5fb1c3638c57f67c3d,menu,,2022-05-19 18:59:37,0.070518
3892089,1d6fcb342cb549209df2df242b2a305c,basket,,2022-05-19 19:00:24,0.069991
3892110,1d6fcb342cb549209df2df242b2a305c,menu,,2022-05-19 19:00:48,0.065454
3892130,1d6fcb342cb549209df2df242b2a305c,payment,1411145,2022-05-19 19:01:11,0.066604
3892133,3fc11bbef43d4d5fb1c3638c57f67c3d,basket,,2022-05-19 19:01:17,0.072417
3892149,3fc11bbef43d4d5fb1c3638c57f67c3d,basket,,2022-05-19 19:01:39,0.064672
3892153,c8f3213feed442698c85dcc0fd9b668d,basket,,2022-05-19 19:01:43,0.074487
3892182,3fc11bbef43d4d5fb1c3638c57f67c3d,payment,1411151,2022-05-19 19:02:21,0.086701
3892207,c8f3213feed442698c85dcc0fd9b668d,basket,,2022-05-19 19:02:51,0.061751
3892267,c8f3213feed442698c85dcc0fd9b668d,payment,1411158,2022-05-19 19:04:15,0.079264
3893138,bc3f73206c76457ba26ca55535f2a3d7,menu,,2022-05-19 19:22:04,0.056195
3893154,bc3f73206c76457ba26ca55535f2a3d7,menu,,2022-05-19 19:22:25,0.059788
3893402,f4b6eabacd80424e9cf26e60d473cab7,menu,,2022-05-19 19:27:57,0.058028
3893582,f4b6eabacd80424e9cf26e60d473cab7,menu,,2022-05-19 19:31:35,0.067693
3893659,b154634ebdc746c9a0965186cfda8af2,menu,,2022-05-19 19:32:56,0.075121
3893697,6aaefc1f303544d19a8dbeea6c864c28,menu,,2022-05-19 19:33:34,0.066532
3893731,bc3f73206c76457ba26ca55535f2a3d7,basket,,2022-05-19 19:34:23,0.06802
3893746,6aaefc1f303544d19a8dbeea6c864c28,menu,,2022-05-19 19:34:44,0.063876
3893750,bc3f73206c76457ba26ca55535f2a3d7,basket,,2022-05-19 19:34:48,0.072098
3893873,6aaefc1f303544d19a8dbeea6c864c28,menu,,2022-05-19 19:36:48,0.071872
3893947,bc3f73206c76457ba26ca55535f2a3d7,payment,1411358,2022-05-19 19:38:04,0.094409
3893984,0b24443576494b71859fbf2ed3afda04,menu,,2022-05-19 19:39:01,0.082533
3894026,0b24443576494b71859fbf2ed3afda04,menu,,2022-05-19 19:40:19,0.071414
3894030,b154634ebdc746c9a0965186cfda8af2,menu,,2022-05-19 19:40:28,0.068785
3894041,b154634ebdc746c9a0965186cfda8af2,menu,,2022-05-19 19:40:54,0.06974
3894084,6aaefc1f303544d19a8dbeea6c864c28,basket,,2022-05-19 19:41:51,0.076913
3894093,6aaefc1f303544d19a8dbeea6c864c28,menu,,2022-05-19 19:42:13,0.063159
3894106,6aaefc1f303544d19a8dbeea6c864c28,basket,,2022-05-19 19:42:21,0.074926
3894149,6aaefc1f303544d19a8dbeea6c864c28,payment,1411381,2022-05-19 19:43:28,0.070576
3894152,f4b6eabacd80424e9cf26e60d473cab7,basket,,2022-05-19 19:43:31,0.054131
3894171,6aaefc1f303544d19a8dbeea6c864c28,menu,,2022-05-19 19:43:56,0.081062
3894188,b154634ebdc746c9a0965186cfda8af2,menu,,2022-05-19 19:44:14,0.060898
3894256,f4b6eabacd80424e9cf26e60d473cab7,basket,,2022-05-19 19:45:57,0.071292
3894268,f4b6eabacd80424e9cf26e60d473cab7,menu,,2022-05-19 19:46:08,0.07628
3894302,f4b6eabacd80424e9cf26e60d473cab7,basket,,2022-05-19 19:46:50,0.054805
3894322,f4b6eabacd80424e9cf26e60d473cab7,payment,1411399,2022-05-19 19:47:14,0.066541
3894339,b154634ebdc746c9a0965186cfda8af2,menu,,2022-05-19 19:47:37,0.070504
3894350,0b24443576494b71859fbf2ed3afda04,menu,,2022-05-19 19:47:56,0.079037
3894357,b154634ebdc746c9a0965186cfda8af2,basket,,2022-05-19 19:48:06,0.082818
3894379,b154634ebdc746c9a0965186cfda8af2,basket,,2022-05-19 19:48:35,0.057226
3894437,b154634ebdc746c9a0965186cfda8af2,payment,1411412,2022-05-19 19:49:53,0.079887
3894444,0b24443576494b71859fbf2ed3afda04,menu,,2022-05-19 19:50:08,0.062688
3894538,0b24443576494b71859fbf2ed3afda04,basket,,2022-05-19 19:52:46,0.085179
3894653,0d17ed34f6e0492091e4efec5849a34f,menu,,2022-05-19 19:55:39,0.080925
3894681,0b24443576494b71859fbf2ed3afda04,basket,,2022-05-19 19:56:14,0.068131
3894731,0b24443576494b71859fbf2ed3afda04,payment,1411447,2022-05-19 19:57:16,0.070627
3894855,0d17ed34f6e0492091e4efec5849a34f,menu,,2022-05-19 19:59:48,0.051134
3895027,e29222656b1a4625bd87a7d47d164808,menu,,2022-05-19 20:03:23,0.067978
3895068,e29222656b1a4625bd87a7d47d164808,menu,,2022-05-19 20:04:32,0.078477
3895100,0d17ed34f6e0492091e4efec5849a34f,menu,,2022-05-19 20:05:34,0.059535
3895206,09ee6340339543d09fcfe65db656c634,menu,,2022-05-19 20:08:22,0.080783
3895237,e29222656b1a4625bd87a7d47d164808,menu,,2022-05-19 20:09:12,0.080933
3895246,09ee6340339543d09fcfe65db656c634,menu,,2022-05-19 20:09:25,0.057712
3895260,0d17ed34f6e0492091e4efec5849a34f,basket,,2022-05-19 20:09:34,0.078275
3895288,0d17ed34f6e0492091e4efec5849a34f,menu,,2022-05-19 20:10:05,0.067371
3895321,b1b6c51d35f646e8b0b274d9737b8109,menu,,2022-05-19 20:10:50,0.047258
3895334,0d17ed34f6e0492091e4efec5849a34f,basket,,2022-05-19 20:11:09,0.095623
3895344,0d17ed34f6e0492091e4efec5849a34f,menu,,2022-05-19 20:11:28,0.054929
3895345,e29222656b1a4625bd87a7d47d164808,menu,,2022-05-19 20:11:30,0.065965
3895353,0d17ed34f6e0492091e4efec5849a34f,payment,1411519,2022-05-19 20:11:51,0.045522
3895414,574bccb61d9b43de96d066490d0a58b9,menu,,2022-05-19 20:12:53,0.085948
3895474,b1b6c51d35f646e8b0b274d9737b8109,menu,,2022-05-19 20:14:15,0.082657
3895572,e29222656b1a4625bd87a7d47d164808,menu,,2022-05-19 20:16:10,0.059113
3895588,85fad2eca4c84e8d98935908b4652865,menu,,2022-05-19 20:16:32,0.066592
3895655,85fad2eca4c84e8d98935908b4652865,menu,,2022-05-19 20:17:42,0.083168
3895676,09ee6340339543d09fcfe65db656c634,menu,,2022-05-19 20:17:55,0.078134
3895735,e29222656b1a4625bd87a7d47d164808,basket,,2022-05-19 20:19:35,0.086941
3895736,e29222656b1a4625bd87a7d47d164808,basket,,2022-05-19 20:19:39,0.048417
3895812,85fad2eca4c84e8d98935908b4652865,menu,,2022-05-19 20:21:24,0.066651
3895818,e29222656b1a4625bd87a7d47d164808,menu,,2022-05-19 20:21:34,0.045225
3895829,e29222656b1a4625bd87a7d47d164808,menu,,2022-05-19 20:21:46,0.076585
3895855,574bccb61d9b43de96d066490d0a58b9,menu,,2022-05-19 20:22:21,0.078211
3895857,e29222656b1a4625bd87a7d47d164808,payment,1411579,2022-05-19 20:22:24,0.043021
3895934,09ee6340339543d09fcfe65db656c634,basket,,2022-05-19 20:24:18,0.080159
3895955,09ee6340339543d09fcfe65db656c634,basket,,2022-05-19 20:24:51,0.060096
3895998,09ee6340339543d09fcfe65db656c634,basket,,2022-05-19 20:25:48,0.093261
3896022,09ee6340339543d09fcfe65db656c634,menu,,2022-05-19 20:26:14,0.079599
3896040,f3b43f21a4434997aa6645a2ca793a47,menu,,2022-05-19 20:26:43,0.063112
3896063,85fad2eca4c84e8d98935908b4652865,menu,,2022-05-19 20:27:08,0.068089
3896065,09ee6340339543d09fcfe65db656c634,payment,1411612,2022-05-19 20:27:10,0.06316
3896081,b1b6c51d35f646e8b0b274d9737b8109,basket,,2022-05-19 20:27:32,0.080551
3896085,09ee6340339543d09fcfe65db656c634,menu,,2022-05-19 20:27:41,0.076074
3896086,574bccb61d9b43de96d066490d0a58b9,menu,,2022-05-19 20:27:42,0.048648
3896091,ccab9f3b8f6d481792b2553506b3da3c,menu,,2022-05-19 20:27:47,0.065215
3896115,574bccb61d9b43de96d066490d0a58b9,menu,,2022-05-19 20:28:24,0.064955
3896124,ccab9f3b8f6d481792b2553506b3da3c,menu,,2022-05-19 20:28:37,0.045615
3896144,574bccb61d9b43de96d066490d0a58b9,basket,,2022-05-19 20:29:18,0.088977
3896145,574bccb61d9b43de96d066490d0a58b9,menu,,2022-05-19 20:29:19,0.06741
3896146,574bccb61d9b43de96d066490d0a58b9,basket,,2022-05-19 20:29:19,0.073307
3896169,574bccb61d9b43de96d066490d0a58b9,basket,,2022-05-19 20:29:46,0.070611
3896178,85fad2eca4c84e8d98935908b4652865,basket,,2022-05-19 20:29:56,0.070263
3896216,574bccb61d9b43de96d066490d0a58b9,menu,,2022-05-19 20:30:56,0.066602
3896217,ccab9f3b8f6d481792b2553506b3da3c,basket,,2022-05-19 20:31:00,0.092611
3896223,85fad2eca4c84e8d98935908b4652865,basket,,2022-05-19 20:31:04,0.067128
3896236,574bccb61d9b43de96d066490d0a58b9,payment,1411630,2022-05-19 20:31:27,0.080709
3896237,85fad2eca4c84e8d98935908b4652865,menu,,2022-05-19 20:31:28,0.078202
3896253,85fad2eca4c84e8d98935908b4652865,basket,,2022-05-19 20:31:56,0.086684
3896300,ccab9f3b8f6d481792b2553506b3da3c,basket,,2022-05-19 20:33:27,0.072221
3896308,f3b43f21a4434997aa6645a2ca793a47,menu,,2022-05-19 20:33:35,0.079444
3896312,f3b43f21a4434997aa6645a2ca793a47,menu,,2022-05-19 20:33:38,0.073546
3896336,85fad2eca4c84e8d98935908b4652865,payment,1411638,2022-05-19 20:34:13,0.055759
3896345,f3b43f21a4434997aa6645a2ca793a47,menu,,2022-05-19 20:34:19,0.070817
3896512,f3b43f21a4434997aa6645a2ca793a47,basket,,2022-05-19 20:39:12,0.048646
3896569,f3b43f21a4434997aa6645a2ca793a47,basket,,2022-05-19 20:40:43,0.045724
3896581,f3b43f21a4434997aa6645a2ca793a47,basket,,2022-05-19 20:41:04,0.057493
3896595,f3b43f21a4434997aa6645a2ca793a47,basket,,2022-05-19 20:41:30,0.077767
3896615,f3b43f21a4434997aa6645a2ca793a47,menu,,2022-05-19 20:42:04,0.065412
3896625,f3b43f21a4434997aa6645a2ca793a47,payment,1411670,2022-05-19 20:42:18,0.06029
3896818,1fe00476ff264e73bd1c24a0d772d0c7,menu,,2022-05-19 20:47:06,0.07546
3896836,1fe00476ff264e73bd1c24a0d772d0c7,menu,,2022-05-19 20:47:24,0.078296
3896968,9dd2527109824b25801480aac33b7b00,menu,,2022-05-19 20:51:34,0.081123
3897013,9dd2527109824b25801480aac33b7b00,menu,,2022-05-19 20:53:15,0.089485
3897021,c3dca4724382479faac823e2fc83ddc9,menu,,2022-05-19 20:53:22,0.067023
3897150,1fe00476ff264e73bd1c24a0d772d0c7,menu,,2022-05-19 20:56:23,0.080935
3897158,c3dca4724382479faac823e2fc83ddc9,menu,,2022-05-19 20:56:39,0.068476
3897229,c3dca4724382479faac823e2fc83ddc9,menu,,2022-05-19 20:58:44,0.072416
3897248,9dd2527109824b25801480aac33b7b00,menu,,2022-05-19 20:59:15,0.065451
3897252,9dd2527109824b25801480aac33b7b00,menu,,2022-05-19 20:59:17,0.051318
3897293,1fe00476ff264e73bd1c24a0d772d0c7,menu,,2022-05-19 21:00:25,0.077833
3897299,1fe00476ff264e73bd1c24a0d772d0c7,menu,,2022-05-19 21:00:34,0.060988
3897351,9dd2527109824b25801480aac33b7b00,basket,,2022-05-19 21:01:50,0.081501
3897397,1fe00476ff264e73bd1c24a0d772d0c7,basket,,2022-05-19 21:02:52,0.071336
3897435,1fe00476ff264e73bd1c24a0d772d0c7,menu,,2022-05-19 21:04:14,0.074425
3897444,c3dca4724382479faac823e2fc83ddc9,menu,,2022-05-19 21:04:26,0.070279
3897448,1fe00476ff264e73bd1c24a0d772d0c7,basket,,2022-05-19 21:04:28,0.060995
3897467,1fe00476ff264e73bd1c24a0d772d0c7,menu,,2022-05-19 21:05:05,0.081552
3897482,1fe00476ff264e73bd1c24a0d772d0c7,menu,,2022-05-19 21:05:28,0.083375
3897486,1fe00476ff264e73bd1c24a0d772d0c7,payment,1411770,2022-05-19 21:05:35,0.068834
3897574,c3dca4724382479faac823e2fc83ddc9,basket,,2022-05-19 21:07:55,0.075687
3897599,c3dca4724382479faac823e2fc83ddc9,basket,,2022-05-19 21:08:39,0.056791
3897656,c3dca4724382479faac823e2fc83ddc9,menu,,2022-05-19 21:10:12,0.064555
3897733,c3dca4724382479faac823e2fc83ddc9,payment,1411802,2022-05-19 21:12:33,0.066332
3897877,db14a528026b4490aae8870193174b80,menu,,2022-05-19 21:17:10,0.071259
3898074,db14a528026b4490aae8870193174b80,menu,,2022-05-19 21:23:37,0.078125
3898092,db14a528026b4490aae8870193174b80,menu,,2022-05-19 21:24:21,0.076711
3898206,db14a528026b4490aae8870193174b80,menu,,2022-05-19 21:28:32,0.064973
3898273,db14a528026b4490aae8870193174b80,menu,,2022-05-19 21:30:54,0.081662
3898277,db14a528026b4490aae8870193174b80,menu,,2022-05-19 21:30:58,12.28215
3898329,db14a528026b4490aae8870193174b80,basket,,2022-05-19 21:33:25,0.050224
3898377,db14a528026b4490aae8870193174b80,basket,,2022-05-19 21:35:22,0.042056
3898404,db14a528026b4490aae8870193174b80,payment,1411889,2022-05-19 21:36:29,0.076248
3898527,ca9df6793e3b453eacc98deb4a7d8eb8,menu,,2022-05-19 21:42:07,0.074062
3898535,ca9df6793e3b453eacc98deb4a7d8eb8,basket,,2022-05-19 21:42:25,0.085188
3898880,9e202abedded4bbb817c8d0baf37ac7a,menu,,2022-05-19 23:14:14,0.052723
3898885,9e202abedded4bbb817c8d0baf37ac7a,menu,,2022-05-19 23:17:27,0.072361
3898886,9e202abedded4bbb817c8d0baf37ac7a,basket,,2022-05-19 23:18:59,0.069562
3899205,564f7d515aa94910907055a91c88d7eb,menu,,2022-05-20 6:33:24,0.067476
3899214,741463f8bed64ec0bda8b41d29bb6fba,menu,,2022-05-20 6:39:07,0.066284
3899228,564f7d515aa94910907055a91c88d7eb,basket,,2022-05-20 6:46:27,0.091355
3899231,564f7d515aa94910907055a91c88d7eb,basket,,2022-05-20 6:47:26,0.068546
3899233,741463f8bed64ec0bda8b41d29bb6fba,menu,,2022-05-20 6:48:43,0.073515
3899238,741463f8bed64ec0bda8b41d29bb6fba,basket,,2022-05-20 6:49:54,0.044797
3899239,741463f8bed64ec0bda8b41d29bb6fba,basket,,2022-05-20 6:50:06,0.076947
3899240,741463f8bed64ec0bda8b41d29bb6fba,basket,,2022-05-20 6:50:15,0.071641
3899340,804bb970813b4e7798861011caaa5fce,menu,,2022-05-20 7:54:53,0.070826
3899356,804bb970813b4e7798861011caaa5fce,menu,,2022-05-20 8:01:09,0.088883
3899361,804bb970813b4e7798861011caaa5fce,menu,,2022-05-20 8:02:16,0.074573
3899396,804bb970813b4e7798861011caaa5fce,menu,,2022-05-20 8:12:57,0.083492
3899433,535e05f71ff14a7eb102a47691c77131,menu,,2022-05-20 8:20:07,0.077323
3899445,535e05f71ff14a7eb102a47691c77131,menu,,2022-05-20 8:23:13,0.062453
3899459,76ac99c9ddc841018ea402ddb3741f20,menu,,2022-05-20 8:25:20,0.067436
3899484,76ac99c9ddc841018ea402ddb3741f20,menu,,2022-05-20 8:30:51,0.071313
3899495,76ac99c9ddc841018ea402ddb3741f20,basket,,2022-05-20 8:33:03,0.079515
3899567,e4c192daa84044658b0805445311b8e9,menu,,2022-05-20 8:53:31,0.063637
3899573,e4c192daa84044658b0805445311b8e9,menu,,2022-05-20 8:56:18,0.068306
3899601,e4c192daa84044658b0805445311b8e9,menu,,2022-05-20 9:05:26,0.059268
3899692,a29f7961c52e46a5a08ad2a643f4c18b,menu,,2022-05-20 9:27:02,0.063497
3899693,a29f7961c52e46a5a08ad2a643f4c18b,menu,,2022-05-20 9:27:21,0.072891
3900678,93645abee10e45e199ae7d966c3971ba,menu,,2022-05-20 10:32:41,0.085041
3900800,93645abee10e45e199ae7d966c3971ba,menu,,2022-05-20 10:37:29,0.076267
3900812,93645abee10e45e199ae7d966c3971ba,menu,,2022-05-20 10:37:43,0.05853
3901102,93645abee10e45e199ae7d966c3971ba,menu,,2022-05-20 10:45:30,0.058933
3901161,93645abee10e45e199ae7d966c3971ba,basket,,2022-05-20 10:47:15,0.067808
3901253,93645abee10e45e199ae7d966c3971ba,basket,,2022-05-20 10:49:47,0.07869
3901293,93645abee10e45e199ae7d966c3971ba,menu,,2022-05-20 10:50:47,0.066425
3901323,93645abee10e45e199ae7d966c3971ba,payment,1412081,2022-05-20 10:51:38,0.040964
3901369,93645abee10e45e199ae7d966c3971ba,menu,,2022-05-20 10:52:24,0.059869
3901763,0344d49c130047dfba3ea1e44c5edfcf,menu,,2022-05-20 11:00:59,0.070934
3901765,0344d49c130047dfba3ea1e44c5edfcf,menu,,2022-05-20 11:01:01,0.071898
3901950,0344d49c130047dfba3ea1e44c5edfcf,menu,,2022-05-20 11:04:52,0.066816
3902053,d9f27db308a94908973e3a0a94f4d715,menu,,2022-05-20 11:07:40,0.079036
3902083,0344d49c130047dfba3ea1e44c5edfcf,menu,,2022-05-20 11:08:17,0.075955
3902124,d9f27db308a94908973e3a0a94f4d715,menu,,2022-05-20 11:08:53,0.076977
3902154,0344d49c130047dfba3ea1e44c5edfcf,basket,,2022-05-20 11:09:48,0.074034
3902294,d9f27db308a94908973e3a0a94f4d715,menu,,2022-05-20 11:12:39,0.070339
3902303,0344d49c130047dfba3ea1e44c5edfcf,menu,,2022-05-20 11:12:49,0.069598
3902355,0344d49c130047dfba3ea1e44c5edfcf,payment,1412176,2022-05-20 11:13:52,0.054973
3902550,d9f27db308a94908973e3a0a94f4d715,menu,,2022-05-20 11:17:42,0.053512
3902554,d9f27db308a94908973e3a0a94f4d715,menu,,2022-05-20 11:17:48,0.059799
3902742,d9f27db308a94908973e3a0a94f4d715,menu,,2022-05-20 11:20:52,0.065442
3902995,d9f27db308a94908973e3a0a94f4d715,basket,,2022-05-20 11:24:56,0.077962
3903035,d9f27db308a94908973e3a0a94f4d715,basket,,2022-05-20 11:25:50,0.079252
3903067,d9f27db308a94908973e3a0a94f4d715,payment,1412249,2022-05-20 11:26:35,0.062391
3904195,3783991af50446e99cb10779b63ccdd1,menu,,2022-05-20 11:44:16,0.060472
3904291,3783991af50446e99cb10779b63ccdd1,menu,,2022-05-20 11:45:32,0.087831
3905053,3783991af50446e99cb10779b63ccdd1,menu,,2022-05-20 11:56:27,0.069577
3905111,3783991af50446e99cb10779b63ccdd1,menu,,2022-05-20 11:57:10,0.072778
3905115,3783991af50446e99cb10779b63ccdd1,menu,,2022-05-20 11:57:15,0.072323
3905269,3783991af50446e99cb10779b63ccdd1,basket,,2022-05-20 11:59:16,0.08514
3905306,3783991af50446e99cb10779b63ccdd1,menu,,2022-05-20 11:59:35,0.080627
3905390,3783991af50446e99cb10779b63ccdd1,basket,,2022-05-20 12:00:44,0.07637
3905402,3783991af50446e99cb10779b63ccdd1,basket,,2022-05-20 12:00:54,0.073351
3905511,3783991af50446e99cb10779b63ccdd1,payment,1412505,2022-05-20 12:02:24,0.074969
3905669,91f752904fcf4278b0402730d3b560a7,menu,,2022-05-20 12:04:34,0.059838
3905963,91f752904fcf4278b0402730d3b560a7,menu,,2022-05-20 12:08:27,0.061635
3906296,91f752904fcf4278b0402730d3b560a7,menu,,2022-05-20 12:12:40,0.074531
3906363,91f752904fcf4278b0402730d3b560a7,menu,,2022-05-20 12:13:38,0.076255
3906454,91f752904fcf4278b0402730d3b560a7,menu,,2022-05-20 12:15:05,0.057058
3906559,9f82683af8a341eaa387bdcbfe86d018,menu,,2022-05-20 12:16:22,0.086822
3906609,85c6815e94ed41b093fd27fa898fe9be,menu,,2022-05-20 12:17:00,0.072537
3906752,9f82683af8a341eaa387bdcbfe86d018,menu,,2022-05-20 12:19:02,0.090743
3906880,91f752904fcf4278b0402730d3b560a7,basket,,2022-05-20 12:20:41,0.089974
3906892,91f752904fcf4278b0402730d3b560a7,basket,,2022-05-20 12:20:50,0.080969
3907029,91f752904fcf4278b0402730d3b560a7,menu,,2022-05-20 12:22:39,0.066884
3907155,91f752904fcf4278b0402730d3b560a7,payment,1412692,2022-05-20 12:24:12,0
3907192,85c6815e94ed41b093fd27fa898fe9be,menu,,2022-05-20 12:24:50,0.073909
3907318,85c6815e94ed41b093fd27fa898fe9be,menu,,2022-05-20 12:26:33,0.062487
3907361,85c6815e94ed41b093fd27fa898fe9be,menu,,2022-05-20 12:27:00,0.056238
3907492,85c6815e94ed41b093fd27fa898fe9be,menu,,2022-05-20 12:28:44,0.06617
3907535,9f82683af8a341eaa387bdcbfe86d018,basket,,2022-05-20 12:29:13,0.069985
3907537,85c6815e94ed41b093fd27fa898fe9be,basket,,2022-05-20 12:29:15,0.050658
3907542,9f82683af8a341eaa387bdcbfe86d018,basket,,2022-05-20 12:29:18,0.05742
3907638,85c6815e94ed41b093fd27fa898fe9be,basket,,2022-05-20 12:30:29,0.07964
3907668,9f82683af8a341eaa387bdcbfe86d018,basket,,2022-05-20 12:30:51,0.057786
3907716,9f82683af8a341eaa387bdcbfe86d018,basket,,2022-05-20 12:31:26,0.068346
3907764,85c6815e94ed41b093fd27fa898fe9be,menu,,2022-05-20 12:32:01,0.075397
3907776,85c6815e94ed41b093fd27fa898fe9be,payment,1412753,2022-05-20 12:32:09,0.068225
3907902,9f82683af8a341eaa387bdcbfe86d018,payment,1412766,2022-05-20 12:33:40,0.05231
3908440,27f6584fe61a4b2b80d5723df7b358ca,menu,,2022-05-20 12:39:47,0.073843
3908677,27f6584fe61a4b2b80d5723df7b358ca,menu,,2022-05-20 12:43:00,0.058174
3908739,27f6584fe61a4b2b80d5723df7b358ca,menu,,2022-05-20 12:43:44,0.075566
3909078,27f6584fe61a4b2b80d5723df7b358ca,menu,,2022-05-20 12:48:01,0.068893
3909095,27f6584fe61a4b2b80d5723df7b358ca,menu,,2022-05-20 12:48:13,0.069888
3909107,60268ef18f5e475d8744cbc0068c738e,menu,,2022-05-20 12:48:23,0.076027
3909494,60268ef18f5e475d8744cbc0068c738e,menu,,2022-05-20 12:53:08,0.080649
3909611,27f6584fe61a4b2b80d5723df7b358ca,basket,,2022-05-20 12:54:27,0.056893
3909655,27f6584fe61a4b2b80d5723df7b358ca,menu,,2022-05-20 12:55:01,0.073865
3909801,27f6584fe61a4b2b80d5723df7b358ca,payment,1413001,2022-05-20 12:57:06,0.075693
3909917,88586fff0e9a43ec9eae1db68170dc79,menu,,2022-05-20 12:58:42,0.067401
3910224,146e2789ea514853a96c9fa21a64aa7a,menu,,2022-05-20 13:02:41,0
3910252,60268ef18f5e475d8744cbc0068c738e,menu,,2022-05-20 13:02:58,0.076516
3910357,146e2789ea514853a96c9fa21a64aa7a,menu,,2022-05-20 13:04:12,0.062866
3910412,60268ef18f5e475d8744cbc0068c738e,menu,,2022-05-20 13:04:47,0.077897
3910489,60268ef18f5e475d8744cbc0068c738e,basket,,2022-05-20 13:05:47,0.056408
3910599,3d38fafa7d4e465c98ec49cf96999ff4,menu,,2022-05-20 13:07:06,0.089504
3910633,60268ef18f5e475d8744cbc0068c738e,payment,1413091,2022-05-20 13:07:33,0.061831
3910674,60268ef18f5e475d8744cbc0068c738e,menu,,2022-05-20 13:08:01,0.071666
3910697,146e2789ea514853a96c9fa21a64aa7a,menu,,2022-05-20 13:08:25,0.073157
3910754,3d38fafa7d4e465c98ec49cf96999ff4,menu,,2022-05-20 13:09:16,0.075078
3911027,dc63cf757ca1480b92d60e9932f369f1,menu,,2022-05-20 13:12:53,0.074287
3911062,88586fff0e9a43ec9eae1db68170dc79,basket,,2022-05-20 13:13:18,0.060631
3911084,dc63cf757ca1480b92d60e9932f369f1,menu,,2022-05-20 13:13:30,0.070648
3911141,3d38fafa7d4e465c98ec49cf96999ff4,menu,,2022-05-20 13:14:06,0.07294
3911154,3d38fafa7d4e465c98ec49cf96999ff4,menu,,2022-05-20 13:14:14,0.072754
3911185,146e2789ea514853a96c9fa21a64aa7a,basket,,2022-05-20 13:14:38,0.067542
3911223,146e2789ea514853a96c9fa21a64aa7a,menu,,2022-05-20 13:15:03,0.045219
3911358,3d38fafa7d4e465c98ec49cf96999ff4,menu,,2022-05-20 13:16:42,0.071541
3911539,146e2789ea514853a96c9fa21a64aa7a,payment,1413181,2022-05-20 13:18:36,0.052263
3911741,3d38fafa7d4e465c98ec49cf96999ff4,menu,,2022-05-20 13:20:40,0.087135
3911823,3d38fafa7d4e465c98ec49cf96999ff4,basket,,2022-05-20 13:21:39,0.068882
3911882,3d38fafa7d4e465c98ec49cf96999ff4,basket,,2022-05-20 13:22:17,0.088746
3911982,3d38fafa7d4e465c98ec49cf96999ff4,payment,1413242,2022-05-20 13:23:35,0.077637
3912118,dc63cf757ca1480b92d60e9932f369f1,menu,,2022-05-20 13:25:23,0.053061
3912183,dc63cf757ca1480b92d60e9932f369f1,menu,,2022-05-20 13:26:05,0.080339
3912346,dc63cf757ca1480b92d60e9932f369f1,basket,,2022-05-20 13:28:18,0.037594
3912459,dc63cf757ca1480b92d60e9932f369f1,basket,,2022-05-20 13:30:05,0.071369
3912530,1c44e704725940f49447e56e982c7919,menu,,2022-05-20 13:30:50,0.066616
3912540,dc63cf757ca1480b92d60e9932f369f1,menu,,2022-05-20 13:30:57,0.061747
3912585,dc63cf757ca1480b92d60e9932f369f1,menu,,2022-05-20 13:31:29,0.060986
3912594,dc63cf757ca1480b92d60e9932f369f1,payment,1413295,2022-05-20 13:31:33,0.070926
3912825,1c44e704725940f49447e56e982c7919,menu,,2022-05-20 13:34:09,0.066226
3912942,c577e28fb9184b3bb4cdc69cd41b54aa,menu,,2022-05-20 13:35:46,0.068388
3913145,c577e28fb9184b3bb4cdc69cd41b54aa,menu,,2022-05-20 13:38:20,0.053012
3913313,1c44e704725940f49447e56e982c7919,menu,,2022-05-20 13:40:24,0.060923
3913443,1c44e704725940f49447e56e982c7919,menu,,2022-05-20 13:41:56,0.08655
3913477,1c44e704725940f49447e56e982c7919,basket,,2022-05-20 13:42:15,0.07562
3913588,1c44e704725940f49447e56e982c7919,basket,,2022-05-20 13:43:36,0.06706
3913671,1c44e704725940f49447e56e982c7919,basket,,2022-05-20 13:44:30,0.050687
3913740,1c44e704725940f49447e56e982c7919,menu,,2022-05-20 13:45:16,0.068463
3913803,1c44e704725940f49447e56e982c7919,payment,1413423,2022-05-20 13:46:00,0.077659
3913877,1c44e704725940f49447e56e982c7919,menu,,2022-05-20 13:46:50,0.06072
3914180,f5c63b2680ff4731bee58cfbb6bd762d,menu,,2022-05-20 13:50:21,0.058437
3914211,c577e28fb9184b3bb4cdc69cd41b54aa,basket,,2022-05-20 13:50:46,0.055482
3914273,c577e28fb9184b3bb4cdc69cd41b54aa,basket,,2022-05-20 13:51:34,0.080723
3914288,c577e28fb9184b3bb4cdc69cd41b54aa,menu,,2022-05-20 13:51:45,0.065449
3914375,c577e28fb9184b3bb4cdc69cd41b54aa,basket,,2022-05-20 13:52:46,0.078915
3914460,c577e28fb9184b3bb4cdc69cd41b54aa,menu,,2022-05-20 13:53:44,0.082879
3914506,f5c63b2680ff4731bee58cfbb6bd762d,menu,,2022-05-20 13:54:14,0.063559
3914586,c577e28fb9184b3bb4cdc69cd41b54aa,payment,1413510,2022-05-20 13:55:06,0.066247
3914730,f5c63b2680ff4731bee58cfbb6bd762d,menu,,2022-05-20 13:56:32,0.06259
3914775,581efc0b8ec84bc8a1114328ef949332,menu,,2022-05-20 13:57:01,0.068101
3914783,c5cdbecbca3f49b99f301630984c7bfb,menu,,2022-05-20 13:57:06,0.073091
3914951,c5cdbecbca3f49b99f301630984c7bfb,menu,,2022-05-20 13:58:58,0.063439
3915008,f5c63b2680ff4731bee58cfbb6bd762d,menu,,2022-05-20 13:59:41,0.065574
3915034,f5c63b2680ff4731bee58cfbb6bd762d,basket,,2022-05-20 13:59:59,0.074378
3915117,f5c63b2680ff4731bee58cfbb6bd762d,basket,,2022-05-20 14:00:56,0.050178
3915210,f5c63b2680ff4731bee58cfbb6bd762d,payment,1413589,2022-05-20 14:02:02,0.05631
3915259,c5cdbecbca3f49b99f301630984c7bfb,menu,,2022-05-20 14:02:35,0.060465
3915263,f5c63b2680ff4731bee58cfbb6bd762d,menu,,2022-05-20 14:02:39,0.074358
3915343,6926935e6af041c4bea36b654b21e7c1,menu,,2022-05-20 14:03:33,0.075511
3915374,c5cdbecbca3f49b99f301630984c7bfb,menu,,2022-05-20 14:04:06,0.078468
3915416,c5cdbecbca3f49b99f301630984c7bfb,basket,,2022-05-20 14:04:36,0.059462
3915590,581efc0b8ec84bc8a1114328ef949332,menu,,2022-05-20 14:07:11,0.055228
3915610,c5cdbecbca3f49b99f301630984c7bfb,menu,,2022-05-20 14:07:23,0.065198
3915615,bb43453378674abfbb757f18ccf473cb,menu,,2022-05-20 14:07:26,0.063015
3915643,bb43453378674abfbb757f18ccf473cb,menu,,2022-05-20 14:07:45,0.065978
3915652,c5cdbecbca3f49b99f301630984c7bfb,menu,,2022-05-20 14:07:48,0.064914
3915737,c5cdbecbca3f49b99f301630984c7bfb,payment,1413637,2022-05-20 14:08:51,0.065994
3915889,bb43453378674abfbb757f18ccf473cb,menu,,2022-05-20 14:10:41,0.066739
3916095,581efc0b8ec84bc8a1114328ef949332,basket,,2022-05-20 14:13:38,0.079362
3916197,6926935e6af041c4bea36b654b21e7c1,menu,,2022-05-20 14:14:55,0.063855
3916323,96912c53a5ee4829b3fb9a21d5a0add6,menu,,2022-05-20 14:16:06,0.067797
3916427,96912c53a5ee4829b3fb9a21d5a0add6,menu,,2022-05-20 14:17:19,0.079833
3916503,6926935e6af041c4bea36b654b21e7c1,basket,,2022-05-20 14:18:14,0.088988
3916722,96912c53a5ee4829b3fb9a21d5a0add6,basket,,2022-05-20 14:20:59,0.062172
3916750,ee4c6a29770a4e539de6336d4127978d,menu,,2022-05-20 14:21:17,0.070856
3916762,fe17af8a5e634442bc4b905ec5701754,menu,,2022-05-20 14:21:24,0.0716
3916772,c39bbb40ffc64427ad782131f9d2645e,menu,,2022-05-20 14:21:31,0.075295
3916802,fe17af8a5e634442bc4b905ec5701754,menu,,2022-05-20 14:21:52,0.062588
3916838,ee4c6a29770a4e539de6336d4127978d,menu,,2022-05-20 14:22:18,0.063636
3916877,96912c53a5ee4829b3fb9a21d5a0add6,menu,,2022-05-20 14:22:46,0.044632
3916887,7871722995e649ccb1fee4e9bd3b05aa,menu,,2022-05-20 14:22:50,0.068145
3916912,96912c53a5ee4829b3fb9a21d5a0add6,menu,,2022-05-20 14:23:06,0.069791
3917055,bb43453378674abfbb757f18ccf473cb,basket,,2022-05-20 14:24:47,0.087553
3917106,96912c53a5ee4829b3fb9a21d5a0add6,payment,1413792,2022-05-20 14:25:21,0.063969
3917113,96912c53a5ee4829b3fb9a21d5a0add6,menu,,2022-05-20 14:25:27,0.052791
3917125,bb43453378674abfbb757f18ccf473cb,payment,1413797,2022-05-20 14:25:35,0.070679
3917160,fe17af8a5e634442bc4b905ec5701754,menu,,2022-05-20 14:26:01,0.093872
3917186,ee4c6a29770a4e539de6336d4127978d,menu,,2022-05-20 14:26:17,0.07339
3917325,175f1098bc674d229ca48ca60d4133d3,menu,,2022-05-20 14:27:43,0.065445
3917369,2f1174c9455a4e3d9eae627801abcf7a,menu,,2022-05-20 14:28:16,0.061732
3917411,ee4c6a29770a4e539de6336d4127978d,basket,,2022-05-20 14:28:47,0.057924
3917412,c39bbb40ffc64427ad782131f9d2645e,menu,,2022-05-20 14:28:47,0.072736
3917435,175f1098bc674d229ca48ca60d4133d3,menu,,2022-05-20 14:29:01,0.072894
3917619,ee4c6a29770a4e539de6336d4127978d,payment,1413853,2022-05-20 14:31:12,0.087698
3917644,fe17af8a5e634442bc4b905ec5701754,menu,,2022-05-20 14:31:25,0.054538
3917703,7871722995e649ccb1fee4e9bd3b05aa,basket,,2022-05-20 14:31:56,0.080684
3917754,175f1098bc674d229ca48ca60d4133d3,menu,,2022-05-20 14:32:28,0.071926
3917884,2f1174c9455a4e3d9eae627801abcf7a,menu,,2022-05-20 14:33:59,0.070943
3917886,38b2144251b04c6ca592a71c633edccf,menu,,2022-05-20 14:34:00,0.096589
3917941,785a6dfec3024d47898615cc5647501d,menu,,2022-05-20 14:34:38,0.056695
3917971,7871722995e649ccb1fee4e9bd3b05aa,basket,,2022-05-20 14:34:54,0.079148
3917979,fe17af8a5e634442bc4b905ec5701754,basket,,2022-05-20 14:35:02,0.073834
3918003,785a6dfec3024d47898615cc5647501d,menu,,2022-05-20 14:35:19,0.076092
3918046,fe17af8a5e634442bc4b905ec5701754,basket,,2022-05-20 14:35:49,0.058643
3918116,fe17af8a5e634442bc4b905ec5701754,menu,,2022-05-20 14:36:41,0.091335
3918118,785a6dfec3024d47898615cc5647501d,menu,,2022-05-20 14:36:44,0.076232
3918123,fe17af8a5e634442bc4b905ec5701754,basket,,2022-05-20 14:36:45,0.062473
3918147,51f645f571ab42e88087f0c994389529,menu,,2022-05-20 14:36:59,0.072017
3918194,785a6dfec3024d47898615cc5647501d,menu,,2022-05-20 14:37:26,0.054242
3918204,fe17af8a5e634442bc4b905ec5701754,payment,1413911,2022-05-20 14:37:32,0.060053
3918273,51f645f571ab42e88087f0c994389529,menu,,2022-05-20 14:38:13,0.080054
3918278,2f1174c9455a4e3d9eae627801abcf7a,menu,,2022-05-20 14:38:15,0.080955
3918422,175f1098bc674d229ca48ca60d4133d3,menu,,2022-05-20 14:39:47,0.064945
3918485,175f1098bc674d229ca48ca60d4133d3,basket,,2022-05-20 14:40:26,0.066259
3918516,2f1174c9455a4e3d9eae627801abcf7a,menu,,2022-05-20 14:40:53,0.070318
3918602,3102b1bff0fd4215b295942d27ea3cbf,menu,,2022-05-20 14:41:48,0.068055
3918638,175f1098bc674d229ca48ca60d4133d3,basket,,2022-05-20 14:42:19,0.078523
3918708,175f1098bc674d229ca48ca60d4133d3,menu,,2022-05-20 14:43:09,0.083256
3918731,175f1098bc674d229ca48ca60d4133d3,basket,,2022-05-20 14:43:24,0.071577
3918733,2f1174c9455a4e3d9eae627801abcf7a,basket,,2022-05-20 14:43:26,0.063283
3918761,3102b1bff0fd4215b295942d27ea3cbf,menu,,2022-05-20 14:43:46,0.088214
3918779,175f1098bc674d229ca48ca60d4133d3,menu,,2022-05-20 14:44:00,0.080942
3918796,38b2144251b04c6ca592a71c633edccf,menu,,2022-05-20 14:44:06,0.092861
3918810,175f1098bc674d229ca48ca60d4133d3,payment,1413987,2022-05-20 14:44:18,0.062019
3918923,38b2144251b04c6ca592a71c633edccf,menu,,2022-05-20 14:45:38,0.067339
3918990,51f645f571ab42e88087f0c994389529,menu,,2022-05-20 14:46:26,0.044405
3919014,2f1174c9455a4e3d9eae627801abcf7a,basket,,2022-05-20 14:46:48,0.069359
3919068,2f1174c9455a4e3d9eae627801abcf7a,payment,1414013,2022-05-20 14:47:22,0.070003
3919072,51f645f571ab42e88087f0c994389529,menu,,2022-05-20 14:47:23,0.064449
3919143,38b2144251b04c6ca592a71c633edccf,basket,,2022-05-20 14:48:07,0.076459
3919180,785a6dfec3024d47898615cc5647501d,basket,,2022-05-20 14:48:30,0.074921
3919198,38b2144251b04c6ca592a71c633edccf,basket,,2022-05-20 14:48:41,0.06821
3919303,38b2144251b04c6ca592a71c633edccf,menu,,2022-05-20 14:49:50,0.063264
3919346,38b2144251b04c6ca592a71c633edccf,basket,,2022-05-20 14:50:18,0.086094
3919374,38b2144251b04c6ca592a71c633edccf,menu,,2022-05-20 14:50:37,0.066106
3919404,38b2144251b04c6ca592a71c633edccf,payment,1414050,2022-05-20 14:51:04,0.05304
3919449,785a6dfec3024d47898615cc5647501d,payment,1414054,2022-05-20 14:51:33,0.068149
3919486,3102b1bff0fd4215b295942d27ea3cbf,basket,,2022-05-20 14:51:53,0.071685
3919550,3102b1bff0fd4215b295942d27ea3cbf,menu,,2022-05-20 14:52:34,0.079778
3919638,6ae91e5b5880411390a8bbc9eec3bc69,menu,,2022-05-20 14:53:38,0.072134
3919686,51f645f571ab42e88087f0c994389529,basket,,2022-05-20 14:54:10,0.060111
3919731,51f645f571ab42e88087f0c994389529,basket,,2022-05-20 14:54:41,0.055502
3919758,51f645f571ab42e88087f0c994389529,basket,,2022-05-20 14:54:58,0.054205
3919894,51f645f571ab42e88087f0c994389529,payment,1414103,2022-05-20 14:56:20,0.056846
3919896,1bc9053434ce4569905a9d552f94d509,menu,,2022-05-20 14:56:23,0.062162
3920174,1bc9053434ce4569905a9d552f94d509,menu,,2022-05-20 14:59:57,0.074633
3920316,4646f89f8f184281a8d861f09ef086d6,menu,,2022-05-20 15:01:40,0.091304
3920324,4646f89f8f184281a8d861f09ef086d6,menu,,2022-05-20 15:01:45,0.072792
3920342,6ae91e5b5880411390a8bbc9eec3bc69,basket,,2022-05-20 15:01:58,0.09567
3920391,1bc9053434ce4569905a9d552f94d509,menu,,2022-05-20 15:02:39,0.075625
3920452,6ae91e5b5880411390a8bbc9eec3bc69,basket,,2022-05-20 15:03:27,0.084293
3920510,4646f89f8f184281a8d861f09ef086d6,menu,,2022-05-20 15:04:05,0.066926
3920990,1bc9053434ce4569905a9d552f94d509,menu,,2022-05-20 15:09:35,0.068289
3920997,4646f89f8f184281a8d861f09ef086d6,menu,,2022-05-20 15:09:40,0.074088
3921101,4646f89f8f184281a8d861f09ef086d6,menu,,2022-05-20 15:10:52,0.071732
3921125,4646f89f8f184281a8d861f09ef086d6,menu,,2022-05-20 15:11:15,0.079586
3921228,b6371386d991432ca9564272b7665999,menu,,2022-05-20 15:12:16,0.077145
3921334,1bc9053434ce4569905a9d552f94d509,basket,,2022-05-20 15:13:25,0.072352
3921471,eb66e34c78dc4ee3a4d154d854a78f74,menu,,2022-05-20 15:15:05,0.063312
3921472,1bc9053434ce4569905a9d552f94d509,payment,1414276,2022-05-20 15:15:05,0.079857
3921505,b6371386d991432ca9564272b7665999,menu,,2022-05-20 15:15:22,0.079803
3921639,85345de9b587403d8283a7ab6398bc56,menu,,2022-05-20 15:16:58,0.0604
3921649,4646f89f8f184281a8d861f09ef086d6,basket,,2022-05-20 15:17:07,0.063639
3921706,b6371386d991432ca9564272b7665999,menu,,2022-05-20 15:17:59,0.052447
3921722,4646f89f8f184281a8d861f09ef086d6,basket,,2022-05-20 15:18:09,0.070544
3921748,c527cfef3eba4aa9b4b73ae023add073,menu,,2022-05-20 15:18:28,0.062295
3921799,4646f89f8f184281a8d861f09ef086d6,payment,1414307,2022-05-20 15:18:56,0.06989
3921853,4646f89f8f184281a8d861f09ef086d6,menu,,2022-05-20 15:19:33,0.063682
3922104,d29c27ce17544b569b8e0d70b145f2f0,menu,,2022-05-20 15:22:19,0.081573
3922128,eb66e34c78dc4ee3a4d154d854a78f74,basket,,2022-05-20 15:22:39,0.089746
3922163,eb66e34c78dc4ee3a4d154d854a78f74,menu,,2022-05-20 15:23:07,0.07117
3922199,85345de9b587403d8283a7ab6398bc56,menu,,2022-05-20 15:23:34,0.081589
3922246,d29c27ce17544b569b8e0d70b145f2f0,menu,,2022-05-20 15:24:01,0.056746
3922404,c527cfef3eba4aa9b4b73ae023add073,menu,,2022-05-20 15:25:56,0.074546
3922421,85345de9b587403d8283a7ab6398bc56,menu,,2022-05-20 15:26:16,0.094689
3922444,b6371386d991432ca9564272b7665999,basket,,2022-05-20 15:26:27,0.071496
3922472,b6371386d991432ca9564272b7665999,payment,1414397,2022-05-20 15:26:42,0.080956
3922518,c527cfef3eba4aa9b4b73ae023add073,menu,,2022-05-20 15:27:20,0.076416
3922533,b6371386d991432ca9564272b7665999,menu,,2022-05-20 15:27:35,0.060994
3922632,c527cfef3eba4aa9b4b73ae023add073,menu,,2022-05-20 15:28:47,0.07016
3922648,c527cfef3eba4aa9b4b73ae023add073,menu,,2022-05-20 15:29:00,0.074142
3922659,d29c27ce17544b569b8e0d70b145f2f0,menu,,2022-05-20 15:29:06,0.065907
3922673,85345de9b587403d8283a7ab6398bc56,basket,,2022-05-20 15:29:20,0.064814
3922727,c527cfef3eba4aa9b4b73ae023add073,basket,,2022-05-20 15:30:21,0.053034
3922736,d29c27ce17544b569b8e0d70b145f2f0,basket,,2022-05-20 15:30:29,0.056426
3922759,d29c27ce17544b569b8e0d70b145f2f0,basket,,2022-05-20 15:30:50,0.100294
3922814,fc16e5121d7b4a8098c8fd19ef4fab5b,menu,,2022-05-20 15:31:34,0.070385
3922837,c527cfef3eba4aa9b4b73ae023add073,basket,,2022-05-20 15:31:49,0.071609
3922844,d29c27ce17544b569b8e0d70b145f2f0,basket,,2022-05-20 15:31:53,0.071372
3922855,c527cfef3eba4aa9b4b73ae023add073,basket,,2022-05-20 15:32:02,0.076043
3922905,85345de9b587403d8283a7ab6398bc56,payment,1414448,2022-05-20 15:32:38,0.069406
3922920,d29c27ce17544b569b8e0d70b145f2f0,basket,,2022-05-20 15:32:47,0.079546
3922989,ddf46441a07c45e388400b574ec75e8d,menu,,2022-05-20 15:33:34,0.061954
3923014,c527cfef3eba4aa9b4b73ae023add073,payment,1414460,2022-05-20 15:33:56,0.058266
3923023,d29c27ce17544b569b8e0d70b145f2f0,payment,1414466,2022-05-20 15:34:03,0.089309
3923083,d29c27ce17544b569b8e0d70b145f2f0,menu,,2022-05-20 15:34:44,0.079147
3923410,f58ddf70c6c241bc80005cc5d497899d,menu,,2022-05-20 15:39:05,0.089721
3923440,ddf46441a07c45e388400b574ec75e8d,menu,,2022-05-20 15:39:29,0.071563
3923456,fc16e5121d7b4a8098c8fd19ef4fab5b,menu,,2022-05-20 15:39:44,0.050627
3923480,fc16e5121d7b4a8098c8fd19ef4fab5b,menu,,2022-05-20 15:40:09,0.084361
3923666,ddf46441a07c45e388400b574ec75e8d,menu,,2022-05-20 15:42:39,0.072897
3923697,f58ddf70c6c241bc80005cc5d497899d,menu,,2022-05-20 15:42:58,0.066617
3923707,ddf46441a07c45e388400b574ec75e8d,basket,,2022-05-20 15:43:02,0.067721
3923733,ff62a565ee364595baa0d0de09ea0d70,menu,,2022-05-20 15:43:32,0.078527
3923770,5557a445839f459f8ef72f70993bad6d,menu,,2022-05-20 15:44:05,0.078708
3923778,f3ec5bdbbd3e4de2b70a80200226b95a,menu,,2022-05-20 15:44:09,0.073278
3923783,f58ddf70c6c241bc80005cc5d497899d,menu,,2022-05-20 15:44:13,0.090662
3923788,402de0a36d1a45bf8fcef6bc1dbde3e8,menu,,2022-05-20 15:44:22,0.06233
3923809,f58ddf70c6c241bc80005cc5d497899d,menu,,2022-05-20 15:44:42,0.071543
3923869,ddf46441a07c45e388400b574ec75e8d,menu,,2022-05-20 15:45:23,0.052472
3923877,fc16e5121d7b4a8098c8fd19ef4fab5b,menu,,2022-05-20 15:45:28,0.06721
3923881,ff62a565ee364595baa0d0de09ea0d70,menu,,2022-05-20 15:45:30,0.073396
3923888,ddf46441a07c45e388400b574ec75e8d,basket,,2022-05-20 15:45:37,0.089869
3923889,ddf46441a07c45e388400b574ec75e8d,basket,,2022-05-20 15:45:38,0.06699
3923918,402de0a36d1a45bf8fcef6bc1dbde3e8,menu,,2022-05-20 15:46:03,0.060608
3923947,ddf46441a07c45e388400b574ec75e8d,menu,,2022-05-20 15:46:27,0.083073
3923950,f3ec5bdbbd3e4de2b70a80200226b95a,menu,,2022-05-20 15:46:30,0.060067
3923953,fc16e5121d7b4a8098c8fd19ef4fab5b,menu,,2022-05-20 15:46:38,0.077845
3924003,fc16e5121d7b4a8098c8fd19ef4fab5b,basket,,2022-05-20 15:47:24,0.083246
3924015,ddf46441a07c45e388400b574ec75e8d,payment,1414568,2022-05-20 15:47:32,0.074538
3924056,402de0a36d1a45bf8fcef6bc1dbde3e8,menu,,2022-05-20 15:48:03,0.065887
3924065,402de0a36d1a45bf8fcef6bc1dbde3e8,menu,,2022-05-20 15:48:09,0.07248
3924090,f3ec5bdbbd3e4de2b70a80200226b95a,menu,,2022-05-20 15:48:28,0.061575
3924100,ff62a565ee364595baa0d0de09ea0d70,menu,,2022-05-20 15:48:34,0.073905
3924222,fc16e5121d7b4a8098c8fd19ef4fab5b,basket,,2022-05-20 15:50:04,0.072386
3924241,402de0a36d1a45bf8fcef6bc1dbde3e8,menu,,2022-05-20 15:50:17,0
3924305,f58ddf70c6c241bc80005cc5d497899d,menu,,2022-05-20 15:50:56,0.075789
3924311,fc16e5121d7b4a8098c8fd19ef4fab5b,payment,1414592,2022-05-20 15:50:58,0.051664
3924394,f3ec5bdbbd3e4de2b70a80200226b95a,menu,,2022-05-20 15:51:55,0.092992
3924427,f3ec5bdbbd3e4de2b70a80200226b95a,menu,,2022-05-20 15:52:22,0.067155
3924583,b4f9bddcd35d4b5bb704b0a09beeb8b9,menu,,2022-05-20 15:54:19,0.088268
3924653,b4f9bddcd35d4b5bb704b0a09beeb8b9,menu,,2022-05-20 15:55:01,0.070452
3924657,f58ddf70c6c241bc80005cc5d497899d,basket,,2022-05-20 15:55:03,0.054399
3924661,402de0a36d1a45bf8fcef6bc1dbde3e8,menu,,2022-05-20 15:55:06,0.048564
3924781,f3ec5bdbbd3e4de2b70a80200226b95a,menu,,2022-05-20 15:56:34,0.067214
3924785,402de0a36d1a45bf8fcef6bc1dbde3e8,basket,,2022-05-20 15:56:37,0.065223
3924794,f3ec5bdbbd3e4de2b70a80200226b95a,basket,,2022-05-20 15:56:43,0.055603
3924816,f3ec5bdbbd3e4de2b70a80200226b95a,basket,,2022-05-20 15:56:52,0.069609
3924857,f58ddf70c6c241bc80005cc5d497899d,payment,1414664,2022-05-20 15:57:12,0.057964
3924915,b4f9bddcd35d4b5bb704b0a09beeb8b9,menu,,2022-05-20 15:57:45,0.052778
3924966,5557a445839f459f8ef72f70993bad6d,menu,,2022-05-20 15:58:24,0.090677
3924976,ff62a565ee364595baa0d0de09ea0d70,basket,,2022-05-20 15:58:29,0.076373
3924998,402de0a36d1a45bf8fcef6bc1dbde3e8,payment,1414677,2022-05-20 15:58:44,0.074985
3925025,f3ec5bdbbd3e4de2b70a80200226b95a,menu,,2022-05-20 15:59:01,0.060578
3925039,b4f9bddcd35d4b5bb704b0a09beeb8b9,menu,,2022-05-20 15:59:12,0.067122
3925047,5557a445839f459f8ef72f70993bad6d,basket,,2022-05-20 15:59:16,0.07275
3925096,f3ec5bdbbd3e4de2b70a80200226b95a,payment,1414691,2022-05-20 15:59:49,0.052759
3925123,ff62a565ee364595baa0d0de09ea0d70,menu,,2022-05-20 16:00:05,0.063731
3925151,ff62a565ee364595baa0d0de09ea0d70,basket,,2022-05-20 16:00:30,0.0566
3925315,ff62a565ee364595baa0d0de09ea0d70,payment,1414704,2022-05-20 16:02:28,0.068555
3925544,b4f9bddcd35d4b5bb704b0a09beeb8b9,menu,,2022-05-20 16:05:06,0.072317
3925842,b4f9bddcd35d4b5bb704b0a09beeb8b9,basket,,2022-05-20 16:09:07,0.05876
3925849,b4f9bddcd35d4b5bb704b0a09beeb8b9,menu,,2022-05-20 16:09:10,0.061612
3925915,fc1fe5479bc3437db49636cb18683405,menu,,2022-05-20 16:10:09,0.06982
3925936,fc1fe5479bc3437db49636cb18683405,menu,,2022-05-20 16:10:18,0.068814
3925950,b4f9bddcd35d4b5bb704b0a09beeb8b9,basket,,2022-05-20 16:10:25,0.074055
3926000,fc1fe5479bc3437db49636cb18683405,menu,,2022-05-20 16:10:57,0.076157
3926111,b4f9bddcd35d4b5bb704b0a09beeb8b9,payment,1414800,2022-05-20 16:12:01,0.056762
3926147,fc1fe5479bc3437db49636cb18683405,menu,,2022-05-20 16:12:27,0.058337
3926313,1e712a5e839c4bbc8969472bd96f2523,menu,,2022-05-20 16:14:33,0.067034
3926332,1e712a5e839c4bbc8969472bd96f2523,menu,,2022-05-20 16:14:42,0.073743
3926503,1e712a5e839c4bbc8969472bd96f2523,menu,,2022-05-20 16:16:33,0.09268
3926796,1e712a5e839c4bbc8969472bd96f2523,menu,,2022-05-20 16:19:46,0.069219
3926928,fc1fe5479bc3437db49636cb18683405,menu,,2022-05-20 16:21:20,0.04825
3927142,fc1fe5479bc3437db49636cb18683405,basket,,2022-05-20 16:23:49,0.068904
3927166,730943b2731c40ad956a126516cf7b37,menu,,2022-05-20 16:23:59,0.057599
3927205,fc1fe5479bc3437db49636cb18683405,basket,,2022-05-20 16:24:24,0.071157
3927216,1e712a5e839c4bbc8969472bd96f2523,menu,,2022-05-20 16:24:37,0.063928
3927260,fc1fe5479bc3437db49636cb18683405,payment,1414920,2022-05-20 16:25:07,0.069762
3927308,146f6ed0fe42424489cf862ea94a351c,menu,,2022-05-20 16:25:34,0.066784
3927312,1e712a5e839c4bbc8969472bd96f2523,menu,,2022-05-20 16:25:39,0.075206
3927342,1e712a5e839c4bbc8969472bd96f2523,menu,,2022-05-20 16:26:00,0.073742
3927390,146f6ed0fe42424489cf862ea94a351c,menu,,2022-05-20 16:26:29,0.08997
3927483,1e712a5e839c4bbc8969472bd96f2523,basket,,2022-05-20 16:27:32,0.084688
3927515,1e712a5e839c4bbc8969472bd96f2523,basket,,2022-05-20 16:27:51,0.0705
3927610,146f6ed0fe42424489cf862ea94a351c,menu,,2022-05-20 16:28:42,0.080542
3927656,1e712a5e839c4bbc8969472bd96f2523,menu,,2022-05-20 16:29:25,0.069208
3927697,146f6ed0fe42424489cf862ea94a351c,menu,,2022-05-20 16:29:54,0.079626
3927750,146f6ed0fe42424489cf862ea94a351c,menu,,2022-05-20 16:30:32,0.062124
3927758,730943b2731c40ad956a126516cf7b37,basket,,2022-05-20 16:30:37,0
3927879,1e712a5e839c4bbc8969472bd96f2523,payment,1414997,2022-05-20 16:31:59,0.074027
3927965,146f6ed0fe42424489cf862ea94a351c,basket,,2022-05-20 16:33:02,0.071277
3928017,146f6ed0fe42424489cf862ea94a351c,basket,,2022-05-20 16:33:37,0.041277
3928154,146f6ed0fe42424489cf862ea94a351c,payment,1415026,2022-05-20 16:35:21,0.074132
3929039,96e49c4a4d6c45e18bc37a51b1b9774f,menu,,2022-05-20 16:46:16,0.082725
3929550,96e49c4a4d6c45e18bc37a51b1b9774f,menu,,2022-05-20 16:52:44,0.067285
3929612,96e49c4a4d6c45e18bc37a51b1b9774f,menu,,2022-05-20 16:53:36,0.073679
3929724,96e49c4a4d6c45e18bc37a51b1b9774f,menu,,2022-05-20 16:54:47,0.064314
3930000,96e49c4a4d6c45e18bc37a51b1b9774f,menu,,2022-05-20 16:57:55,0.062422
3930205,5c48fe374c854562882e1ce882c505e0,menu,,2022-05-20 17:00:31,0.052032
3930251,8b57ff404bae4edc9a2d6f8ed59290dc,menu,,2022-05-20 17:01:01,0.079402
3930275,96e49c4a4d6c45e18bc37a51b1b9774f,basket,,2022-05-20 17:01:22,0.053677
3930496,8b57ff404bae4edc9a2d6f8ed59290dc,menu,,2022-05-20 17:04:11,0.080428
3930526,8b57ff404bae4edc9a2d6f8ed59290dc,menu,,2022-05-20 17:04:31,0.074741
3930607,96e49c4a4d6c45e18bc37a51b1b9774f,payment,1415299,2022-05-20 17:05:32,0.085714
3930638,96e49c4a4d6c45e18bc37a51b1b9774f,menu,,2022-05-20 17:05:55,0.081159
3930651,8b57ff404bae4edc9a2d6f8ed59290dc,menu,,2022-05-20 17:06:01,0.076016
3930799,8b57ff404bae4edc9a2d6f8ed59290dc,menu,,2022-05-20 17:07:49,0.06482
3930828,5c48fe374c854562882e1ce882c505e0,menu,,2022-05-20 17:08:08,0.058144
3931473,5c48fe374c854562882e1ce882c505e0,basket,,2022-05-20 17:15:59,0.067171
3931477,5c48fe374c854562882e1ce882c505e0,basket,,2022-05-20 17:16:03,0.085837
3931496,8b57ff404bae4edc9a2d6f8ed59290dc,menu,,2022-05-20 17:16:17,0.074824
3931775,8b57ff404bae4edc9a2d6f8ed59290dc,basket,,2022-05-20 17:19:50,0.076665
3931815,8b57ff404bae4edc9a2d6f8ed59290dc,payment,1415445,2022-05-20 17:20:18,0.075512
3931841,8b57ff404bae4edc9a2d6f8ed59290dc,menu,,2022-05-20 17:20:39,0.058859
3931852,bd907319464349cebaf6624188cc2f5c,menu,,2022-05-20 17:20:50,0.090894
3931915,2df79e20636f4c7a904777d03f812705,menu,,2022-05-20 17:21:51,0.053733
3932023,bd907319464349cebaf6624188cc2f5c,menu,,2022-05-20 17:23:26,0.072096
3932523,a33e699b42774bcba0d0fd279a62f7b8,menu,,2022-05-20 17:30:15,0.058842
3932531,bd907319464349cebaf6624188cc2f5c,menu,,2022-05-20 17:30:21,0.065256
3932593,bd907319464349cebaf6624188cc2f5c,menu,,2022-05-20 17:31:03,0.05551
3932687,2df79e20636f4c7a904777d03f812705,basket,,2022-05-20 17:32:26,0.065683
3932713,2df79e20636f4c7a904777d03f812705,menu,,2022-05-20 17:32:53,0.059666
3932728,bd907319464349cebaf6624188cc2f5c,menu,,2022-05-20 17:33:09,0.075656
3932733,2df79e20636f4c7a904777d03f812705,basket,,2022-05-20 17:33:14,0.074162
3932746,2df79e20636f4c7a904777d03f812705,menu,,2022-05-20 17:33:24,0.054867
3932768,2df79e20636f4c7a904777d03f812705,menu,,2022-05-20 17:33:45,0.078075
3932769,bd907319464349cebaf6624188cc2f5c,basket,,2022-05-20 17:33:45,0.093664
3932830,2df79e20636f4c7a904777d03f812705,payment,1415564,2022-05-20 17:34:35,0.080526
3932940,0eba17cf61bf480590cec4067a96b59b,menu,,2022-05-20 17:36:10,0.088505
3933068,bd907319464349cebaf6624188cc2f5c,payment,1415592,2022-05-20 17:37:58,0.074278
3933107,0eba17cf61bf480590cec4067a96b59b,menu,,2022-05-20 17:38:35,0.084853
3933113,ff7743b05ded4d83a361702ba4bc8bbb,menu,,2022-05-20 17:38:38,0.081004
3933115,a33e699b42774bcba0d0fd279a62f7b8,basket,,2022-05-20 17:38:39,0.06882
3933156,a33e699b42774bcba0d0fd279a62f7b8,menu,,2022-05-20 17:39:19,0.07399
3933257,0eba17cf61bf480590cec4067a96b59b,menu,,2022-05-20 17:40:52,0.081686
3933353,ff7743b05ded4d83a361702ba4bc8bbb,menu,,2022-05-20 17:42:33,0.072532
3933511,0eba17cf61bf480590cec4067a96b59b,menu,,2022-05-20 17:45:00,0.059562
3933590,bf280aa4557c45608bad46d911b5de89,menu,,2022-05-20 17:46:12,0.071337
3933703,bf280aa4557c45608bad46d911b5de89,menu,,2022-05-20 17:47:43,0.054699
3933730,0eba17cf61bf480590cec4067a96b59b,menu,,2022-05-20 17:48:08,0.047201
3933784,bf280aa4557c45608bad46d911b5de89,menu,,2022-05-20 17:48:54,0.056972
3933787,bf280aa4557c45608bad46d911b5de89,basket,,2022-05-20 17:48:55,0.07039
3933821,bf280aa4557c45608bad46d911b5de89,basket,,2022-05-20 17:49:28,0.059905
3933894,bf280aa4557c45608bad46d911b5de89,menu,,2022-05-20 17:50:39,0.062378
3933932,ff7743b05ded4d83a361702ba4bc8bbb,menu,,2022-05-20 17:51:04,0.039503
3933952,0a2523d419bf4e31b0d5e5a2824368e0,menu,,2022-05-20 17:51:18,0.069749
3933967,ff7743b05ded4d83a361702ba4bc8bbb,menu,,2022-05-20 17:51:28,0.054244
3933977,bf280aa4557c45608bad46d911b5de89,menu,,2022-05-20 17:51:34,0.050157
3934050,0eba17cf61bf480590cec4067a96b59b,basket,,2022-05-20 17:52:37,0.070486
3934052,bf280aa4557c45608bad46d911b5de89,payment,1415692,2022-05-20 17:52:41,0.075854
3934144,0eba17cf61bf480590cec4067a96b59b,menu,,2022-05-20 17:54:00,0.083906
3934148,ff7743b05ded4d83a361702ba4bc8bbb,basket,,2022-05-20 17:54:04,0.049459
3934155,0eba17cf61bf480590cec4067a96b59b,payment,1415703,2022-05-20 17:54:09,0.070573
3934198,0a2523d419bf4e31b0d5e5a2824368e0,menu,,2022-05-20 17:54:41,0.064245
3934219,ff7743b05ded4d83a361702ba4bc8bbb,payment,1415712,2022-05-20 17:55:04,0.061714
3934276,0a2523d419bf4e31b0d5e5a2824368e0,menu,,2022-05-20 17:55:57,0.084535
3934323,0a2523d419bf4e31b0d5e5a2824368e0,menu,,2022-05-20 17:56:44,0.072449
3934354,0a2523d419bf4e31b0d5e5a2824368e0,menu,,2022-05-20 17:57:11,0.056473
3934848,909db7122844433d87ab360339e3469e,menu,,2022-05-20 18:03:59,0.073634
3934851,909db7122844433d87ab360339e3469e,menu,,2022-05-20 18:04:06,0.058823
3934955,0a2523d419bf4e31b0d5e5a2824368e0,basket,,2022-05-20 18:05:26,0.072792
3935069,0a2523d419bf4e31b0d5e5a2824368e0,menu,,2022-05-20 18:07:05,0.065915
3935223,0a2523d419bf4e31b0d5e5a2824368e0,payment,1415816,2022-05-20 18:08:59,0.068485
3935500,f49086f2c0954ff0ab0f21828e236f37,menu,,2022-05-20 18:12:46,0.063815
3935681,909db7122844433d87ab360339e3469e,basket,,2022-05-20 18:15:24,0.062654
3935931,de9b03828c3b47d7b1b3f8ca394cd010,menu,,2022-05-20 18:19:08,0.07762
3936115,f49086f2c0954ff0ab0f21828e236f37,menu,,2022-05-20 18:21:50,0.077994
3936168,0c5e4991ee064249a2cbaba36fdcd86a,menu,,2022-05-20 18:22:39,0.073286
3936199,5f558e098d234468bb85214b43c35720,menu,,2022-05-20 18:23:02,0.070325
3936258,de9b03828c3b47d7b1b3f8ca394cd010,menu,,2022-05-20 18:23:53,0.078374
3936296,0c5e4991ee064249a2cbaba36fdcd86a,menu,,2022-05-20 18:24:21,0.081918
3936364,5f558e098d234468bb85214b43c35720,menu,,2022-05-20 18:25:35,0.074118
3936399,5f558e098d234468bb85214b43c35720,menu,,2022-05-20 18:26:16,0.070826
3936425,f49086f2c0954ff0ab0f21828e236f37,basket,,2022-05-20 18:26:54,0.063125
3936430,f49086f2c0954ff0ab0f21828e236f37,menu,,2022-05-20 18:26:55,0.059029
3936442,f49086f2c0954ff0ab0f21828e236f37,basket,,2022-05-20 18:27:08,0.063057
3936467,de9b03828c3b47d7b1b3f8ca394cd010,basket,,2022-05-20 18:27:30,0.069111
3936499,5f558e098d234468bb85214b43c35720,menu,,2022-05-20 18:28:04,0.062541
3936561,0c5e4991ee064249a2cbaba36fdcd86a,menu,,2022-05-20 18:29:15,0.075648
3936603,5f558e098d234468bb85214b43c35720,menu,,2022-05-20 18:30:00,0.067197
3936623,de9b03828c3b47d7b1b3f8ca394cd010,basket,,2022-05-20 18:30:19,0.059768
3936670,f49086f2c0954ff0ab0f21828e236f37,menu,,2022-05-20 18:31:05,0.062688
3936698,f49086f2c0954ff0ab0f21828e236f37,payment,1415993,2022-05-20 18:31:33,0.095115
3936732,de9b03828c3b47d7b1b3f8ca394cd010,menu,,2022-05-20 18:32:04,0.060604
3937020,5f558e098d234468bb85214b43c35720,basket,,2022-05-20 18:36:59,0.069768
3937026,0c5e4991ee064249a2cbaba36fdcd86a,basket,,2022-05-20 18:37:02,0.056266
3937037,0c5e4991ee064249a2cbaba36fdcd86a,basket,,2022-05-20 18:37:12,0.046006
3937047,0c5e4991ee064249a2cbaba36fdcd86a,basket,,2022-05-20 18:37:21,0.083287
3937050,0c5e4991ee064249a2cbaba36fdcd86a,menu,,2022-05-20 18:37:23,0.091958
3937086,0c5e4991ee064249a2cbaba36fdcd86a,basket,,2022-05-20 18:38:01,0.056932
3937089,5f558e098d234468bb85214b43c35720,payment,1416031,2022-05-20 18:38:02,0.054766
3937111,0c5e4991ee064249a2cbaba36fdcd86a,menu,,2022-05-20 18:38:22,0.060612
3937212,0c5e4991ee064249a2cbaba36fdcd86a,payment,1416054,2022-05-20 18:39:44,0.053918
3937633,ece403a160ef4844906f9f7e3d77ce57,menu,,2022-05-20 18:46:01,0.060624
3937634,be9a4a40bd1e4493aecba0b49cd0e356,menu,,2022-05-20 18:46:02,0.06031
3937814,46e9ebcb45a54a39903f806924067924,menu,,2022-05-20 18:48:37,0.06938
3937823,be9a4a40bd1e4493aecba0b49cd0e356,menu,,2022-05-20 18:48:48,0.043834
3937826,be9a4a40bd1e4493aecba0b49cd0e356,menu,,2022-05-20 18:48:54,0.076107
3937889,46e9ebcb45a54a39903f806924067924,menu,,2022-05-20 18:49:40,0.064411
3937920,46e9ebcb45a54a39903f806924067924,menu,,2022-05-20 18:50:13,0.060678
3938094,be9a4a40bd1e4493aecba0b49cd0e356,menu,,2022-05-20 18:52:47,0.075119
3938168,be9a4a40bd1e4493aecba0b49cd0e356,menu,,2022-05-20 18:53:49,0.071974
3938227,46e9ebcb45a54a39903f806924067924,menu,,2022-05-20 18:54:40,0.059889
3938244,10d3d0f83db347aa8bfb310f3349ab53,menu,,2022-05-20 18:54:53,0.072443
3938315,46e9ebcb45a54a39903f806924067924,menu,,2022-05-20 18:55:56,0.08509
3938453,10d3d0f83db347aa8bfb310f3349ab53,menu,,2022-05-20 18:57:45,0.083124
3938492,ece403a160ef4844906f9f7e3d77ce57,menu,,2022-05-20 18:58:18,0.078542
3938570,10d3d0f83db347aa8bfb310f3349ab53,menu,,2022-05-20 18:59:19,0.060808
3938616,10d3d0f83db347aa8bfb310f3349ab53,menu,,2022-05-20 19:00:02,0.074972
3938661,be9a4a40bd1e4493aecba0b49cd0e356,basket,,2022-05-20 19:00:51,0.065932
3938663,be9a4a40bd1e4493aecba0b49cd0e356,menu,,2022-05-20 19:00:51,0.0748
3938710,be9a4a40bd1e4493aecba0b49cd0e356,basket,,2022-05-20 19:01:41,0.058657
3938745,46e9ebcb45a54a39903f806924067924,menu,,2022-05-20 19:02:15,0.067434
3938750,be9a4a40bd1e4493aecba0b49cd0e356,basket,,2022-05-20 19:02:18,0.063028
3938824,46e9ebcb45a54a39903f806924067924,menu,,2022-05-20 19:03:20,0.087762
3938831,10d3d0f83db347aa8bfb310f3349ab53,menu,,2022-05-20 19:03:23,0.060729
3938947,be9a4a40bd1e4493aecba0b49cd0e356,payment,1416238,2022-05-20 19:05:02,0.073285
3938975,46e9ebcb45a54a39903f806924067924,basket,,2022-05-20 19:05:23,0.095656
3938989,46e9ebcb45a54a39903f806924067924,basket,,2022-05-20 19:05:35,0.070277
3939061,46e9ebcb45a54a39903f806924067924,payment,1416250,2022-05-20 19:06:36,0.067651
3939301,10d3d0f83db347aa8bfb310f3349ab53,basket,,2022-05-20 19:10:13,0.07819
3939394,56e66fd20f5c44048694e48ac10c4e84,menu,,2022-05-20 19:11:48,0.064641
3939398,56e66fd20f5c44048694e48ac10c4e84,menu,,2022-05-20 19:11:53,0.077185
3939456,47a1ad0d84bc48e09bd9cb46ed6684e7,menu,,2022-05-20 19:12:41,0.074374
3939519,10d3d0f83db347aa8bfb310f3349ab53,menu,,2022-05-20 19:13:49,0.065443
3939535,56e66fd20f5c44048694e48ac10c4e84,menu,,2022-05-20 19:14:12,0.058438
3939565,10d3d0f83db347aa8bfb310f3349ab53,payment,1416320,2022-05-20 19:14:40,0.088601
3939659,df9e01d3059f4b83bd6a0cbaa4bd1d99,menu,,2022-05-20 19:15:44,0.076057
3939662,eec9f763dc91493f94744b310be3298b,menu,,2022-05-20 19:15:47,0.068344
3939714,56e66fd20f5c44048694e48ac10c4e84,basket,,2022-05-20 19:16:30,0.071242
3939729,47a1ad0d84bc48e09bd9cb46ed6684e7,menu,,2022-05-20 19:16:43,0.064973
3939736,df9e01d3059f4b83bd6a0cbaa4bd1d99,menu,,2022-05-20 19:16:50,0.08446
3939744,47a1ad0d84bc48e09bd9cb46ed6684e7,menu,,2022-05-20 19:16:56,0.055674
3939764,56e66fd20f5c44048694e48ac10c4e84,menu,,2022-05-20 19:17:17,0.071074
3939767,eec9f763dc91493f94744b310be3298b,menu,,2022-05-20 19:17:19,0.084191
3939822,2c14db411f904aa1a6495edd36a56043,menu,,2022-05-20 19:17:58,0.066334
3939880,eec9f763dc91493f94744b310be3298b,menu,,2022-05-20 19:18:55,0.07818
3939889,56e66fd20f5c44048694e48ac10c4e84,menu,,2022-05-20 19:19:04,0.059214
3939986,56e66fd20f5c44048694e48ac10c4e84,payment,1416369,2022-05-20 19:20:25,0.073978
3940069,eec9f763dc91493f94744b310be3298b,menu,,2022-05-20 19:21:42,0.056925
3940128,47a1ad0d84bc48e09bd9cb46ed6684e7,menu,,2022-05-20 19:22:45,0.061465
3940164,eec9f763dc91493f94744b310be3298b,menu,,2022-05-20 19:23:23,0.084274
3940199,d47075a22d3c4fc683df9e75653aa89e,menu,,2022-05-20 19:23:56,0.073378
3940208,df9e01d3059f4b83bd6a0cbaa4bd1d99,menu,,2022-05-20 19:24:02,0.080687
3940240,2c14db411f904aa1a6495edd36a56043,menu,,2022-05-20 19:24:36,0.07496
3940264,df9e01d3059f4b83bd6a0cbaa4bd1d99,menu,,2022-05-20 19:25:01,0.062416
3940266,d47075a22d3c4fc683df9e75653aa89e,menu,,2022-05-20 19:25:01,0.085349
3940286,2c14db411f904aa1a6495edd36a56043,menu,,2022-05-20 19:25:19,0.072216
3940289,47a1ad0d84bc48e09bd9cb46ed6684e7,menu,,2022-05-20 19:25:19,0.084038
3940323,2c14db411f904aa1a6495edd36a56043,menu,,2022-05-20 19:25:50,0.061829
3940324,47a1ad0d84bc48e09bd9cb46ed6684e7,menu,,2022-05-20 19:25:50,0.063496
3940336,df9e01d3059f4b83bd6a0cbaa4bd1d99,menu,,2022-05-20 19:26:00,0.084441
3940380,eec9f763dc91493f94744b310be3298b,menu,,2022-05-20 19:26:39,0.082319
3940410,d47075a22d3c4fc683df9e75653aa89e,menu,,2022-05-20 19:26:57,0.052524
3940420,47a1ad0d84bc48e09bd9cb46ed6684e7,basket,,2022-05-20 19:27:05,0.080188
3940438,df9e01d3059f4b83bd6a0cbaa4bd1d99,basket,,2022-05-20 19:27:29,0.078288
3940459,d47075a22d3c4fc683df9e75653aa89e,menu,,2022-05-20 19:27:51,0.088886
3940516,47a1ad0d84bc48e09bd9cb46ed6684e7,basket,,2022-05-20 19:28:41,0.066658
3940543,2c14db411f904aa1a6495edd36a56043,menu,,2022-05-20 19:29:06,0.078931
3940565,eec9f763dc91493f94744b310be3298b,menu,,2022-05-20 19:29:25,0.062354
3940596,eec9f763dc91493f94744b310be3298b,basket,,2022-05-20 19:29:54,0.080736
3940617,2c14db411f904aa1a6495edd36a56043,basket,,2022-05-20 19:30:16,0.059201
3940622,eec9f763dc91493f94744b310be3298b,basket,,2022-05-20 19:30:23,0.073443
3940640,df9e01d3059f4b83bd6a0cbaa4bd1d99,menu,,2022-05-20 19:30:38,0.051513
3940660,d47075a22d3c4fc683df9e75653aa89e,menu,,2022-05-20 19:30:52,0.057061
3940670,d47075a22d3c4fc683df9e75653aa89e,menu,,2022-05-20 19:31:00,0.072839
3940706,47a1ad0d84bc48e09bd9cb46ed6684e7,payment,1416448,2022-05-20 19:31:30,0.070815
3940708,df9e01d3059f4b83bd6a0cbaa4bd1d99,payment,1416447,2022-05-20 19:31:32,0.0811
3940808,eec9f763dc91493f94744b310be3298b,basket,,2022-05-20 19:32:52,0.07813
3940814,d47075a22d3c4fc683df9e75653aa89e,basket,,2022-05-20 19:32:58,0.075237
3940832,2c14db411f904aa1a6495edd36a56043,menu,,2022-05-20 19:33:16,0.082616
3940861,eec9f763dc91493f94744b310be3298b,payment,1416463,2022-05-20 19:33:40,0.065705
3940880,2c14db411f904aa1a6495edd36a56043,payment,1416466,2022-05-20 19:33:50,0.06368
3940915,d47075a22d3c4fc683df9e75653aa89e,payment,1416470,2022-05-20 19:34:31,0.057501
3941262,d47065597708434e9dfaf7527c81624c,menu,,2022-05-20 19:39:59,0.078261
3941404,b7cd497024f64527831794a64ce587ad,menu,,2022-05-20 19:42:22,0.0824
3941493,1011c3fe294848b1ad93bb80bd6d0278,menu,,2022-05-20 19:43:49,0.101931
3941561,b7cd497024f64527831794a64ce587ad,menu,,2022-05-20 19:45:02,0.049487
3941572,b7cd497024f64527831794a64ce587ad,menu,,2022-05-20 19:45:15,0.091921
3941634,1011c3fe294848b1ad93bb80bd6d0278,menu,,2022-05-20 19:46:25,0.082733
3941818,b7cd497024f64527831794a64ce587ad,menu,,2022-05-20 19:50:24,0.046625
3941897,1011c3fe294848b1ad93bb80bd6d0278,menu,,2022-05-20 19:52:03,0.06499
3942121,b7cd497024f64527831794a64ce587ad,menu,,2022-05-20 19:56:29,0.076042
3942162,b7cd497024f64527831794a64ce587ad,basket,,2022-05-20 19:57:31,0.059412
3942252,b7cd497024f64527831794a64ce587ad,menu,,2022-05-20 19:59:17,0.057408
3942256,b7cd497024f64527831794a64ce587ad,basket,,2022-05-20 19:59:21,0.086163
3942259,b7cd497024f64527831794a64ce587ad,basket,,2022-05-20 19:59:23,0.074773
3942354,b7cd497024f64527831794a64ce587ad,payment,1416651,2022-05-20 20:01:19,0.065715
3942636,585bea250b7242918cc6d54c0dbbab7d,menu,,2022-05-20 20:06:39,0.074583
3942688,585bea250b7242918cc6d54c0dbbab7d,menu,,2022-05-20 20:07:42,0.050482
3942693,585bea250b7242918cc6d54c0dbbab7d,menu,,2022-05-20 20:07:56,0.076219
3942933,585bea250b7242918cc6d54c0dbbab7d,menu,,2022-05-20 20:12:09,0.083568
3942959,1a71e65c4ded40e39e7d394ead2c212f,menu,,2022-05-20 20:12:35,0.052031
3943075,585bea250b7242918cc6d54c0dbbab7d,basket,,2022-05-20 20:14:31,0.055347
3943140,585bea250b7242918cc6d54c0dbbab7d,menu,,2022-05-20 20:15:34,0.066263
3943153,1a71e65c4ded40e39e7d394ead2c212f,menu,,2022-05-20 20:15:52,0.083536
3943168,585bea250b7242918cc6d54c0dbbab7d,basket,,2022-05-20 20:16:09,0.060682
3943219,585bea250b7242918cc6d54c0dbbab7d,menu,,2022-05-20 20:17:30,0.052733
3943289,585bea250b7242918cc6d54c0dbbab7d,payment,1416766,2022-05-20 20:19:14,0.070154
3943293,1a71e65c4ded40e39e7d394ead2c212f,basket,,2022-05-20 20:19:22,0.076755
3943300,19bb122aa56d4a0fbbe3be941b134f61,menu,,2022-05-20 20:19:28,0.068137
3943361,01feb81a8aab4786abaf27acb4167549,menu,,2022-05-20 20:20:48,0.064999
3943410,19bb122aa56d4a0fbbe3be941b134f61,menu,,2022-05-20 20:22:00,0.063169
3943539,19bb122aa56d4a0fbbe3be941b134f61,menu,,2022-05-20 20:25:01,0.064087
3943719,19bb122aa56d4a0fbbe3be941b134f61,menu,,2022-05-20 20:29:36,0.080629
3943731,01feb81a8aab4786abaf27acb4167549,menu,,2022-05-20 20:29:49,0.0759
3943767,01feb81a8aab4786abaf27acb4167549,menu,,2022-05-20 20:30:44,0.06582
3943850,01feb81a8aab4786abaf27acb4167549,basket,,2022-05-20 20:32:24,0.051062
3943923,01feb81a8aab4786abaf27acb4167549,basket,,2022-05-20 20:33:52,0.050186
3943925,730943b2731c40ad956a126516cf7b37,menu,,2022-05-20 20:33:54,0.084444
3943975,730943b2731c40ad956a126516cf7b37,menu,,2022-05-20 20:34:43,0.055095
3943989,01feb81a8aab4786abaf27acb4167549,menu,,2022-05-20 20:35:06,0.089805
3943993,6e3e120431e74966bf08489f2d1b2ab9,menu,,2022-05-20 20:35:10,0.062977
3944013,730943b2731c40ad956a126516cf7b37,menu,,2022-05-20 20:35:36,0.061538
3944018,01feb81a8aab4786abaf27acb4167549,payment,1416843,2022-05-20 20:35:44,0.091502
3944066,6e3e120431e74966bf08489f2d1b2ab9,menu,,2022-05-20 20:36:37,0.081842
3944130,6e3e120431e74966bf08489f2d1b2ab9,menu,,2022-05-20 20:38:04,0.061174
3944224,f5d275e8b96f4150b1b7db694f7a1f01,menu,,2022-05-20 20:39:55,0.082441
3944260,6e3e120431e74966bf08489f2d1b2ab9,menu,,2022-05-20 20:40:43,0.085958
3944273,730943b2731c40ad956a126516cf7b37,basket,,2022-05-20 20:41:03,0.068263
3944320,92c5c49bd11d41b8a3e0b0fbd3065454,menu,,2022-05-20 20:42:32,0.079477
3944329,92c5c49bd11d41b8a3e0b0fbd3065454,menu,,2022-05-20 20:42:48,0.086506
3944382,f5d275e8b96f4150b1b7db694f7a1f01,menu,,2022-05-20 20:44:17,0.059963
3944408,6e3e120431e74966bf08489f2d1b2ab9,basket,,2022-05-20 20:44:59,0.068937
3944424,aba22af71b8948518d1ff9ad73460f37,menu,,2022-05-20 20:45:22,0.085745
3944437,730943b2731c40ad956a126516cf7b37,menu,,2022-05-20 20:45:44,0.072692
3944490,6e3e120431e74966bf08489f2d1b2ab9,basket,,2022-05-20 20:47:03,0.060189
3944507,f5d275e8b96f4150b1b7db694f7a1f01,menu,,2022-05-20 20:47:27,0.064753
3944516,f5d275e8b96f4150b1b7db694f7a1f01,menu,,2022-05-20 20:47:38,0.086845
3944532,aba22af71b8948518d1ff9ad73460f37,menu,,2022-05-20 20:47:57,0.064215
3944542,6e3e120431e74966bf08489f2d1b2ab9,payment,1416914,2022-05-20 20:48:08,0.081429
3944548,6e3e120431e74966bf08489f2d1b2ab9,menu,,2022-05-20 20:48:16,0.070781
3944563,202332a6ab2a48c1996249c91cf19c0e,menu,,2022-05-20 20:48:43,0.073229
3944585,92c5c49bd11d41b8a3e0b0fbd3065454,menu,,2022-05-20 20:49:08,0.066496
3944587,aba22af71b8948518d1ff9ad73460f37,menu,,2022-05-20 20:49:12,0.058074
3944623,f5d275e8b96f4150b1b7db694f7a1f01,menu,,2022-05-20 20:50:05,0.067956
3944666,92c5c49bd11d41b8a3e0b0fbd3065454,menu,,2022-05-20 20:51:07,0.078296
3944679,202332a6ab2a48c1996249c91cf19c0e,menu,,2022-05-20 20:51:27,0.082228
3944741,086952632edf4d1595f64906d032a26a,menu,,2022-05-20 20:52:58,0.068948
3944753,f5d275e8b96f4150b1b7db694f7a1f01,basket,,2022-05-20 20:53:15,0.085756
3944764,202332a6ab2a48c1996249c91cf19c0e,menu,,2022-05-20 20:53:27,0.068554
3944770,92c5c49bd11d41b8a3e0b0fbd3065454,basket,,2022-05-20 20:53:33,0.064357
3944774,92c5c49bd11d41b8a3e0b0fbd3065454,menu,,2022-05-20 20:53:40,0.066148
3944784,92c5c49bd11d41b8a3e0b0fbd3065454,basket,,2022-05-20 20:53:52,0.059295
3944803,92c5c49bd11d41b8a3e0b0fbd3065454,payment,1416941,2022-05-20 20:54:19,0.067131
3944807,f5d275e8b96f4150b1b7db694f7a1f01,menu,,2022-05-20 20:54:26,0.074724
3944842,92c5c49bd11d41b8a3e0b0fbd3065454,menu,,2022-05-20 20:55:05,0.088826
3944870,aba22af71b8948518d1ff9ad73460f37,menu,,2022-05-20 20:55:36,0.072133
3944921,086952632edf4d1595f64906d032a26a,menu,,2022-05-20 20:56:36,0.084767
3944946,f5d275e8b96f4150b1b7db694f7a1f01,payment,1416959,2022-05-20 20:56:55,0.057397
3944967,086952632edf4d1595f64906d032a26a,menu,,2022-05-20 20:57:23,0.068713
3944987,086952632edf4d1595f64906d032a26a,menu,,2022-05-20 20:57:56,0.070449
3945064,aba22af71b8948518d1ff9ad73460f37,basket,,2022-05-20 20:59:57,0.064856
3945077,202332a6ab2a48c1996249c91cf19c0e,menu,,2022-05-20 21:00:13,0.072887
3945096,086952632edf4d1595f64906d032a26a,menu,,2022-05-20 21:00:45,0.081995
3945099,086952632edf4d1595f64906d032a26a,menu,,2022-05-20 21:00:47,0.084534
3945121,c5c0cceafc8d4ef5af94dd0d72d0b4d2,menu,,2022-05-20 21:01:32,0.0858
3945164,aba22af71b8948518d1ff9ad73460f37,payment,1416982,2022-05-20 21:02:22,0.080213
3945192,086952632edf4d1595f64906d032a26a,menu,,2022-05-20 21:03:05,0.056315
3945280,202332a6ab2a48c1996249c91cf19c0e,basket,,2022-05-20 21:04:53,0.054559
3945290,086952632edf4d1595f64906d032a26a,menu,,2022-05-20 21:05:02,0.077828
3945326,202332a6ab2a48c1996249c91cf19c0e,basket,,2022-05-20 21:05:49,0.087691
3945343,202332a6ab2a48c1996249c91cf19c0e,basket,,2022-05-20 21:06:12,0.08614
3945370,202332a6ab2a48c1996249c91cf19c0e,menu,,2022-05-20 21:06:48,0.061589
3945407,202332a6ab2a48c1996249c91cf19c0e,payment,1417010,2022-05-20 21:07:38,0.058214
3945413,086952632edf4d1595f64906d032a26a,basket,,2022-05-20 21:07:48,0.070978
3945461,086952632edf4d1595f64906d032a26a,payment,1417019,2022-05-20 21:08:44,0.085248
3945602,c5c0cceafc8d4ef5af94dd0d72d0b4d2,menu,,2022-05-20 21:12:10,0.042869
3945642,c5c0cceafc8d4ef5af94dd0d72d0b4d2,basket,,2022-05-20 21:13:03,0.073272
3945666,c5c0cceafc8d4ef5af94dd0d72d0b4d2,basket,,2022-05-20 21:13:50,0.079798
3945763,c5c0cceafc8d4ef5af94dd0d72d0b4d2,menu,,2022-05-20 21:15:44,35.15771
3945778,c5c0cceafc8d4ef5af94dd0d72d0b4d2,basket,,2022-05-20 21:16:01,0.066719
3945807,c5c0cceafc8d4ef5af94dd0d72d0b4d2,menu,,2022-05-20 21:16:47,0.074658
3945840,c5c0cceafc8d4ef5af94dd0d72d0b4d2,payment,1417067,2022-05-20 21:17:31,0.058357
3945993,7fda60bd8c1643289c471369468fcd15,menu,,2022-05-20 21:22:04,0.068946
3946128,7fda60bd8c1643289c471369468fcd15,menu,,2022-05-20 21:25:19,0.052837
3946248,7fda60bd8c1643289c471369468fcd15,menu,,2022-05-20 21:28:39,0.060633
3946408,1b350368bbb34bc7939902a515998e7f,menu,,2022-05-20 21:32:55,0.095955
3946430,1b350368bbb34bc7939902a515998e7f,menu,,2022-05-20 21:33:24,0.090571
3946504,7fda60bd8c1643289c471369468fcd15,basket,,2022-05-20 21:35:17,0.064977
3946541,1b350368bbb34bc7939902a515998e7f,menu,,2022-05-20 21:36:10,0.077597
3946633,7fda60bd8c1643289c471369468fcd15,payment,1417165,2022-05-20 21:38:43,0.081205
3946710,1b350368bbb34bc7939902a515998e7f,menu,,2022-05-20 21:41:12,0.043853
3946711,1b350368bbb34bc7939902a515998e7f,menu,,2022-05-20 21:41:12,0.081826
3946745,1b350368bbb34bc7939902a515998e7f,menu,,2022-05-20 21:42:07,0.065391
3946799,1b350368bbb34bc7939902a515998e7f,basket,,2022-05-20 21:43:57,0.082128
3946873,1b350368bbb34bc7939902a515998e7f,basket,,2022-05-20 21:46:00,0.048641
3946969,1b350368bbb34bc7939902a515998e7f,payment,1417215,2022-05-20 21:48:52,0
3947232,3044daf8b7fd45ce98ca9cc6fc81287b,menu,,2022-05-20 23:17:20,0.04766
3947233,3044daf8b7fd45ce98ca9cc6fc81287b,menu,,2022-05-20 23:17:35,0.053697
3947503,919af7e157ed4632ab37a52300a1f306,menu,,2022-05-21 6:26:28,0.057255
3947506,919af7e157ed4632ab37a52300a1f306,menu,,2022-05-21 6:28:16,0.053625
3947519,919af7e157ed4632ab37a52300a1f306,menu,,2022-05-21 6:34:18,0.087562
3947523,919af7e157ed4632ab37a52300a1f306,menu,,2022-05-21 6:36:23,0.06044
3947536,919af7e157ed4632ab37a52300a1f306,basket,,2022-05-21 6:40:52,0.080645
3947546,919af7e157ed4632ab37a52300a1f306,menu,,2022-05-21 6:45:36,0.064961
3947885,623b798082d14f538c94b9cedac44b56,menu,,2022-05-21 8:55:52,0.051675
3947893,623b798082d14f538c94b9cedac44b56,menu,,2022-05-21 8:57:48,0.088142
3947898,623b798082d14f538c94b9cedac44b56,menu,,2022-05-21 9:00:53,0.061627
3947908,623b798082d14f538c94b9cedac44b56,basket,,2022-05-21 9:05:41,0.091515
3948083,30d21e31175e4708bc2f32cd53ad3c26,menu,,2022-05-21 9:49:42,0.083635
3948115,30d21e31175e4708bc2f32cd53ad3c26,basket,,2022-05-21 9:54:58,0.066538
3948117,30d21e31175e4708bc2f32cd53ad3c26,basket,,2022-05-21 9:55:00,0.054116
3948128,f6234877c12746359efbdb6b00310fb0,menu,,2022-05-21 9:55:56,0.073429
3948157,30d21e31175e4708bc2f32cd53ad3c26,basket,,2022-05-21 9:58:38,0.079804
3948181,f6234877c12746359efbdb6b00310fb0,menu,,2022-05-21 10:00:20,0.059256
3948202,08f9daf50a484d019f2876d4e416ca09,menu,,2022-05-21 10:01:45,0.051411
3948212,f6234877c12746359efbdb6b00310fb0,menu,,2022-05-21 10:02:13,0.059224
3948242,f6234877c12746359efbdb6b00310fb0,menu,,2022-05-21 10:04:14,0.070095
3948250,08f9daf50a484d019f2876d4e416ca09,menu,,2022-05-21 10:04:41,0.080968
3948263,f6234877c12746359efbdb6b00310fb0,basket,,2022-05-21 10:05:33,0.077087
3948277,f6234877c12746359efbdb6b00310fb0,menu,,2022-05-21 10:06:15,0.06828
3948281,f6234877c12746359efbdb6b00310fb0,basket,,2022-05-21 10:06:49,0.077537
3948293,f6234877c12746359efbdb6b00310fb0,menu,,2022-05-21 10:07:14,0.092289
3948298,ef32ecdb0a9347dd98ff2221c7126e78,menu,,2022-05-21 10:07:28,0.073066
3948344,f6234877c12746359efbdb6b00310fb0,payment,1417259,2022-05-21 10:09:35,0.070742
3948382,08f9daf50a484d019f2876d4e416ca09,basket,,2022-05-21 10:11:14,0.050325
3948560,1e712a5e839c4bbc8969472bd96f2523,menu,,2022-05-21 10:17:51,0.059533
3948653,ef32ecdb0a9347dd98ff2221c7126e78,menu,,2022-05-21 10:21:23,0.08073
3948681,1e712a5e839c4bbc8969472bd96f2523,menu,,2022-05-21 10:22:33,0.057683
3948720,1e712a5e839c4bbc8969472bd96f2523,menu,,2022-05-21 10:24:15,0.096019
3948726,ef32ecdb0a9347dd98ff2221c7126e78,basket,,2022-05-21 10:24:29,0.073197
3948735,ef32ecdb0a9347dd98ff2221c7126e78,basket,,2022-05-21 10:24:53,0.070743
3948748,ef32ecdb0a9347dd98ff2221c7126e78,payment,1417292,2022-05-21 10:25:36,0.04891
3948987,1e712a5e839c4bbc8969472bd96f2523,basket,,2022-05-21 10:34:03,0.054868
3948989,1f13dbfe07174e90b684f3083cd6763d,menu,,2022-05-21 10:34:04,0.079974
3948998,1e712a5e839c4bbc8969472bd96f2523,basket,,2022-05-21 10:34:22,0.065615
3949071,1e712a5e839c4bbc8969472bd96f2523,payment,1417320,2022-05-21 10:37:04,0.064972
3949155,a84f3246d0e140b4b198adea18b3b2d8,menu,,2022-05-21 10:39:40,0.067015
3949163,a84f3246d0e140b4b198adea18b3b2d8,menu,,2022-05-21 10:39:57,0.054197
3949542,1f13dbfe07174e90b684f3083cd6763d,basket,,2022-05-21 10:50:50,0.076447
3949564,1f13dbfe07174e90b684f3083cd6763d,menu,,2022-05-21 10:51:14,0.06794
3949576,1f13dbfe07174e90b684f3083cd6763d,menu,,2022-05-21 10:51:31,0.063562
3949592,a84f3246d0e140b4b198adea18b3b2d8,basket,,2022-05-21 10:51:51,0.064164
3949650,6c9be189609b4a1694d8c29f51fc2677,menu,,2022-05-21 10:53:03,0.087404
3949685,6c9be189609b4a1694d8c29f51fc2677,menu,,2022-05-21 10:54:07,0.070563
3949703,6c9be189609b4a1694d8c29f51fc2677,menu,,2022-05-21 10:54:36,0.054114
3949709,a84f3246d0e140b4b198adea18b3b2d8,menu,,2022-05-21 10:54:40,0.073088
3949746,6c9be189609b4a1694d8c29f51fc2677,menu,,2022-05-21 10:55:43,0.057684
3949771,6c9be189609b4a1694d8c29f51fc2677,menu,,2022-05-21 10:56:16,0.072677
3949821,6c9be189609b4a1694d8c29f51fc2677,menu,,2022-05-21 10:57:42,0.067617
3949848,6c9be189609b4a1694d8c29f51fc2677,menu,,2022-05-21 10:58:17,0.057298
3950348,6c9be189609b4a1694d8c29f51fc2677,basket,,2022-05-21 11:09:37,0.06543
3950429,6c9be189609b4a1694d8c29f51fc2677,payment,1417450,2022-05-21 11:11:08,0.086804
3950912,575781ef989045e991944a9bfe52ddc7,menu,,2022-05-21 11:20:19,0.062151
3951489,575781ef989045e991944a9bfe52ddc7,menu,,2022-05-21 11:29:42,0.053193
3951566,575781ef989045e991944a9bfe52ddc7,menu,,2022-05-21 11:31:08,0.079471
3951686,c9be983cdffa4497bb197dc9ced323ed,menu,,2022-05-21 11:32:56,0.065311
3951690,c9be983cdffa4497bb197dc9ced323ed,menu,,2022-05-21 11:33:04,0.069956
3951767,823c8c7e7cf2436693459b4d9b552ccc,menu,,2022-05-21 11:34:17,0.080702
3951789,575781ef989045e991944a9bfe52ddc7,basket,,2022-05-21 11:34:34,0.072869
3951835,c9be983cdffa4497bb197dc9ced323ed,menu,,2022-05-21 11:35:08,0.065993
3951941,575781ef989045e991944a9bfe52ddc7,menu,,2022-05-21 11:36:39,0.070034
3952050,c9be983cdffa4497bb197dc9ced323ed,menu,,2022-05-21 11:38:10,0.071866
3952078,0486a8b922064d64ac69aa1c215c554b,menu,,2022-05-21 11:38:40,0.104106
3952295,0486a8b922064d64ac69aa1c215c554b,menu,,2022-05-21 11:42:07,0.066509
3952475,823c8c7e7cf2436693459b4d9b552ccc,menu,,2022-05-21 11:44:56,0.086909
3952493,c9be983cdffa4497bb197dc9ced323ed,menu,,2022-05-21 11:45:15,0.090591
3952535,c9be983cdffa4497bb197dc9ced323ed,basket,,2022-05-21 11:45:55,0.061656
3952654,823c8c7e7cf2436693459b4d9b552ccc,menu,,2022-05-21 11:47:34,0.053746
3952707,c9be983cdffa4497bb197dc9ced323ed,basket,,2022-05-21 11:48:22,0.066435
3952738,a3a962cc04ca4d209dbc323f3b3cb57c,menu,,2022-05-21 11:48:46,0.078433
3952770,823c8c7e7cf2436693459b4d9b552ccc,menu,,2022-05-21 11:49:15,0.076479
3952790,823c8c7e7cf2436693459b4d9b552ccc,basket,,2022-05-21 11:49:28,0.068655
3952820,c9be983cdffa4497bb197dc9ced323ed,menu,,2022-05-21 11:50:02,0.072088
3952833,823c8c7e7cf2436693459b4d9b552ccc,menu,,2022-05-21 11:50:18,0.08183
3952852,c9be983cdffa4497bb197dc9ced323ed,payment,1417705,2022-05-21 11:50:30,0.074987
3952863,823c8c7e7cf2436693459b4d9b552ccc,basket,,2022-05-21 11:50:43,0.064918
3952968,823c8c7e7cf2436693459b4d9b552ccc,basket,,2022-05-21 11:52:21,0.05664
3953027,0486a8b922064d64ac69aa1c215c554b,menu,,2022-05-21 11:53:08,0.069536
3953055,0486a8b922064d64ac69aa1c215c554b,basket,,2022-05-21 11:53:35,0.071033
3953064,823c8c7e7cf2436693459b4d9b552ccc,payment,1417730,2022-05-21 11:53:40,0.056576
3953067,a3a962cc04ca4d209dbc323f3b3cb57c,menu,,2022-05-21 11:53:41,0.051901
3953251,0486a8b922064d64ac69aa1c215c554b,payment,1417748,2022-05-21 11:56:21,0.072761
3953413,083ffdf9a93b4a67a6b24b894a1100c3,menu,,2022-05-21 11:58:37,0.074986
3953448,a3a962cc04ca4d209dbc323f3b3cb57c,basket,,2022-05-21 11:59:03,0.067961
3953457,a3a962cc04ca4d209dbc323f3b3cb57c,basket,,2022-05-21 11:59:08,0.071673
3953638,fcba138d603f4f7b8f14fe18496795e4,menu,,2022-05-21 12:01:53,0.073512
3953823,c94d5b45e99944cd9c4ba086a9cc97e1,menu,,2022-05-21 12:04:29,0.063925
3953883,fcba138d603f4f7b8f14fe18496795e4,menu,,2022-05-21 12:05:23,0.040408
3954097,083ffdf9a93b4a67a6b24b894a1100c3,basket,,2022-05-21 12:08:41,0.052824
3954145,c94d5b45e99944cd9c4ba086a9cc97e1,menu,,2022-05-21 12:09:13,0.077741
3954263,00c47a84898e410cabb0208d3d2d3625,menu,,2022-05-21 12:10:42,0.088459
3954285,c94d5b45e99944cd9c4ba086a9cc97e1,menu,,2022-05-21 12:11:05,0.075364
3954291,c94d5b45e99944cd9c4ba086a9cc97e1,menu,,2022-05-21 12:11:10,0.05968
3954346,083ffdf9a93b4a67a6b24b894a1100c3,menu,,2022-05-21 12:12:01,0.084607
3954359,00c47a84898e410cabb0208d3d2d3625,menu,,2022-05-21 12:12:07,0.089082
3954386,c94d5b45e99944cd9c4ba086a9cc97e1,basket,,2022-05-21 12:12:28,0.078119
3954567,fcba138d603f4f7b8f14fe18496795e4,basket,,2022-05-21 12:15:10,0.061314
3954568,c94d5b45e99944cd9c4ba086a9cc97e1,basket,,2022-05-21 12:15:10,0.05996
3954588,fcba138d603f4f7b8f14fe18496795e4,menu,,2022-05-21 12:15:28,0.075909
3954594,c94d5b45e99944cd9c4ba086a9cc97e1,basket,,2022-05-21 12:15:35,0.068518
3954651,fcba138d603f4f7b8f14fe18496795e4,menu,,2022-05-21 12:16:28,0.090588
3954656,c94d5b45e99944cd9c4ba086a9cc97e1,payment,1417913,2022-05-21 12:16:29,0.089101
3954752,7413fb2bf21447e892139b360ea2bdf6,menu,,2022-05-21 12:18:03,0.057628
3954759,fcba138d603f4f7b8f14fe18496795e4,payment,1417926,2022-05-21 12:18:07,0.071745
3954853,00c47a84898e410cabb0208d3d2d3625,menu,,2022-05-21 12:19:35,0.068386
3955022,7413fb2bf21447e892139b360ea2bdf6,basket,,2022-05-21 12:21:46,0.048169
3955139,00c47a84898e410cabb0208d3d2d3625,menu,,2022-05-21 12:23:28,0.0765
3955141,7413fb2bf21447e892139b360ea2bdf6,menu,,2022-05-21 12:23:29,0.060909
3955216,2121b0874fec4ec191fbfc919206a52f,menu,,2022-05-21 12:24:29,0.067309
3955303,00c47a84898e410cabb0208d3d2d3625,basket,,2022-05-21 12:25:48,0.064719
3955443,00c47a84898e410cabb0208d3d2d3625,basket,,2022-05-21 12:27:29,0.084593
3955505,00c47a84898e410cabb0208d3d2d3625,menu,,2022-05-21 12:28:21,0.090298
3955567,00c47a84898e410cabb0208d3d2d3625,payment,1418009,2022-05-21 12:29:13,0.060589
3955669,e6f9d20542b4453fa2fbe7a3a9a5f228,menu,,2022-05-21 12:30:36,0.076782
3955932,2121b0874fec4ec191fbfc919206a52f,menu,,2022-05-21 12:33:55,0.055695
3955957,e6f9d20542b4453fa2fbe7a3a9a5f228,menu,,2022-05-21 12:34:08,0.079223
3956017,2121b0874fec4ec191fbfc919206a52f,menu,,2022-05-21 12:34:54,0.083551
3956042,e6f9d20542b4453fa2fbe7a3a9a5f228,menu,,2022-05-21 12:35:13,0.073992
3956067,e6f9d20542b4453fa2fbe7a3a9a5f228,basket,,2022-05-21 12:35:29,0.040547
3956315,2121b0874fec4ec191fbfc919206a52f,menu,,2022-05-21 12:38:46,0.071394
3956444,2121b0874fec4ec191fbfc919206a52f,menu,,2022-05-21 12:40:09,0.063443
3956528,2121b0874fec4ec191fbfc919206a52f,basket,,2022-05-21 12:41:13,0.068431
3956576,2121b0874fec4ec191fbfc919206a52f,payment,1418119,2022-05-21 12:41:53,0.070685
3956607,2121b0874fec4ec191fbfc919206a52f,menu,,2022-05-21 12:42:18,0.080151
3957882,95fc7cf92f41449398661119b2f30b1c,menu,,2022-05-21 12:59:26,0.079563
3957903,95fc7cf92f41449398661119b2f30b1c,menu,,2022-05-21 12:59:37,0.090143
3958015,95fc7cf92f41449398661119b2f30b1c,menu,,2022-05-21 13:01:07,0.09211
3958285,5f7b4cd77a34449e96f1f57382cc0826,menu,,2022-05-21 13:04:41,0.06435
3958300,5f7b4cd77a34449e96f1f57382cc0826,menu,,2022-05-21 13:04:50,0.068192
3958398,5f7b4cd77a34449e96f1f57382cc0826,menu,,2022-05-21 13:05:54,0.055733
3958694,dfbe0dae26054e258bca76bb3921d2b6,menu,,2022-05-21 13:09:23,0.071638
3958730,dfbe0dae26054e258bca76bb3921d2b6,menu,,2022-05-21 13:09:44,0.057774
3958794,5f7b4cd77a34449e96f1f57382cc0826,basket,,2022-05-21 13:10:30,0.061998
3958858,5f7b4cd77a34449e96f1f57382cc0826,basket,,2022-05-21 13:11:15,0.048004
3958884,95fc7cf92f41449398661119b2f30b1c,menu,,2022-05-21 13:11:33,0.06956
3958910,698c498db36c45eaa8710b9f41f6fddc,menu,,2022-05-21 13:11:49,0.063801
3958967,dfbe0dae26054e258bca76bb3921d2b6,menu,,2022-05-21 13:12:22,0.089354
3958996,95fc7cf92f41449398661119b2f30b1c,menu,,2022-05-21 13:12:42,0.075323
3959073,dfbe0dae26054e258bca76bb3921d2b6,menu,,2022-05-21 13:13:35,0.062142
3959087,95fc7cf92f41449398661119b2f30b1c,menu,,2022-05-21 13:13:47,0.090449
3959152,dfbe0dae26054e258bca76bb3921d2b6,menu,,2022-05-21 13:14:40,0.082567
3959176,5f7b4cd77a34449e96f1f57382cc0826,payment,1418416,2022-05-21 13:14:57,0.062201
3959204,95fc7cf92f41449398661119b2f30b1c,basket,,2022-05-21 13:15:17,0.063376
3959360,dfbe0dae26054e258bca76bb3921d2b6,menu,,2022-05-21 13:17:11,0.078956
3959382,95fc7cf92f41449398661119b2f30b1c,payment,1418441,2022-05-21 13:17:30,0.046744
3959423,0ce86e1c143945e2958c16d9a1a9f862,menu,,2022-05-21 13:17:55,0.085922
3959427,0ce86e1c143945e2958c16d9a1a9f862,menu,,2022-05-21 13:17:57,0.068895
3959497,0ce86e1c143945e2958c16d9a1a9f862,menu,,2022-05-21 13:19:01,0.066407
3959685,0ce86e1c143945e2958c16d9a1a9f862,menu,,2022-05-21 13:21:19,0.083552
3959694,dfbe0dae26054e258bca76bb3921d2b6,menu,,2022-05-21 13:21:24,0.055676
3959814,5f12061f9f7344f38e1c466a5783d04d,menu,,2022-05-21 13:23:02,0.068197
3959886,dfbe0dae26054e258bca76bb3921d2b6,basket,,2022-05-21 13:23:52,0.073744
3959889,96e49c4a4d6c45e18bc37a51b1b9774f,menu,,2022-05-21 13:23:56,0.083151
3959946,dfbe0dae26054e258bca76bb3921d2b6,basket,,2022-05-21 13:24:38,0.057571
3959947,96e49c4a4d6c45e18bc37a51b1b9774f,menu,,2022-05-21 13:24:38,0.071374
3960017,5f12061f9f7344f38e1c466a5783d04d,menu,,2022-05-21 13:25:19,0.07428
3960087,dfbe0dae26054e258bca76bb3921d2b6,payment,1418528,2022-05-21 13:26:02,0.05799
3960096,0ce86e1c143945e2958c16d9a1a9f862,menu,,2022-05-21 13:26:06,0.077401
3960110,698c498db36c45eaa8710b9f41f6fddc,basket,,2022-05-21 13:26:15,0.066466
3960133,698c498db36c45eaa8710b9f41f6fddc,basket,,2022-05-21 13:26:33,0.054769
3960153,122a358add104cd2845f19bfa1b4e0be,menu,,2022-05-21 13:26:49,0.069789
3960163,5f12061f9f7344f38e1c466a5783d04d,menu,,2022-05-21 13:26:54,0.057907
3960240,0ce86e1c143945e2958c16d9a1a9f862,menu,,2022-05-21 13:27:42,0.088295
3960276,a87c82e9c2b84e1a85876af42de52ca0,menu,,2022-05-21 13:28:06,0.086532
3960305,0ce86e1c143945e2958c16d9a1a9f862,basket,,2022-05-21 13:28:20,0.084736
3960351,122a358add104cd2845f19bfa1b4e0be,menu,,2022-05-21 13:28:49,0.078094
3960353,122a358add104cd2845f19bfa1b4e0be,menu,,2022-05-21 13:28:49,0.071019
3960460,86ea0dcd52e84580b1e882296e791265,menu,,2022-05-21 13:30:24,0.076113
3960496,5f12061f9f7344f38e1c466a5783d04d,basket,,2022-05-21 13:30:44,0.066324
3960620,a87c82e9c2b84e1a85876af42de52ca0,menu,,2022-05-21 13:32:19,0.059689
3960666,0ce86e1c143945e2958c16d9a1a9f862,payment,1418597,2022-05-21 13:32:44,0.068266
3960686,122a358add104cd2845f19bfa1b4e0be,menu,,2022-05-21 13:32:57,0.076252
3960905,2180a6ec72a1461d947bc2ea67ed11f9,menu,,2022-05-21 13:35:46,0.086651
3960928,788b15e34067419899376283d72f99de,menu,,2022-05-21 13:36:09,0.08025
3960976,86ea0dcd52e84580b1e882296e791265,menu,,2022-05-21 13:36:46,0.062095
3961012,2180a6ec72a1461d947bc2ea67ed11f9,menu,,2022-05-21 13:37:23,0.068393
3961108,788b15e34067419899376283d72f99de,menu,,2022-05-21 13:38:45,0.049396
3961191,a87c82e9c2b84e1a85876af42de52ca0,menu,,2022-05-21 13:39:45,0.092869
3961219,122a358add104cd2845f19bfa1b4e0be,menu,,2022-05-21 13:40:11,0.079468
3961265,122a358add104cd2845f19bfa1b4e0be,menu,,2022-05-21 13:40:40,0.091107
3961288,122a358add104cd2845f19bfa1b4e0be,menu,,2022-05-21 13:40:56,0.082615
3961318,122a358add104cd2845f19bfa1b4e0be,basket,,2022-05-21 13:41:20,0.077334
3961337,96e49c4a4d6c45e18bc37a51b1b9774f,menu,,2022-05-21 13:41:34,0.073449
3961344,96e49c4a4d6c45e18bc37a51b1b9774f,basket,,2022-05-21 13:41:39,0.064866
3961353,96e49c4a4d6c45e18bc37a51b1b9774f,basket,,2022-05-21 13:41:48,0.074548
3961453,2180a6ec72a1461d947bc2ea67ed11f9,basket,,2022-05-21 13:42:54,0.064874
3961470,a87c82e9c2b84e1a85876af42de52ca0,basket,,2022-05-21 13:43:02,0.069233
3961518,96e49c4a4d6c45e18bc37a51b1b9774f,payment,1418682,2022-05-21 13:43:37,0.071345
3961538,96e49c4a4d6c45e18bc37a51b1b9774f,menu,,2022-05-21 13:43:54,0.069654
3961549,96e49c4a4d6c45e18bc37a51b1b9774f,menu,,2022-05-21 13:43:58,0.071971
3961561,a87c82e9c2b84e1a85876af42de52ca0,basket,,2022-05-21 13:44:05,0.071544
3961574,122a358add104cd2845f19bfa1b4e0be,basket,,2022-05-21 13:44:08,0.049917
3961586,86ea0dcd52e84580b1e882296e791265,menu,,2022-05-21 13:44:14,0.072038
3961604,788b15e34067419899376283d72f99de,menu,,2022-05-21 13:44:28,0.079541
3961624,86ea0dcd52e84580b1e882296e791265,menu,,2022-05-21 13:44:43,0.070682
3961631,dd8f5e93e4254d5d9ff8f28d2c68435e,menu,,2022-05-21 13:44:49,0.063964
3961639,122a358add104cd2845f19bfa1b4e0be,payment,1418704,2022-05-21 13:44:58,0.083111
3961647,a87c82e9c2b84e1a85876af42de52ca0,menu,,2022-05-21 13:45:06,0.066751
3961672,788b15e34067419899376283d72f99de,menu,,2022-05-21 13:45:19,0.059196
3961684,86ea0dcd52e84580b1e882296e791265,basket,,2022-05-21 13:45:26,0.066741
3961762,dd8f5e93e4254d5d9ff8f28d2c68435e,menu,,2022-05-21 13:46:23,0.093301
3961785,86ea0dcd52e84580b1e882296e791265,payment,1418716,2022-05-21 13:46:36,0.063259
3961819,2180a6ec72a1461d947bc2ea67ed11f9,basket,,2022-05-21 13:47:02,0.073072
3961844,2180a6ec72a1461d947bc2ea67ed11f9,payment,1418721,2022-05-21 13:47:18,0.051653
3961867,2180a6ec72a1461d947bc2ea67ed11f9,menu,,2022-05-21 13:47:32,0.072251
3961873,2180a6ec72a1461d947bc2ea67ed11f9,menu,,2022-05-21 13:47:40,0.055219
3961912,788b15e34067419899376283d72f99de,menu,,2022-05-21 13:48:05,0.080797
3962030,788b15e34067419899376283d72f99de,menu,,2022-05-21 13:49:40,0.088039
3962283,dd8f5e93e4254d5d9ff8f28d2c68435e,menu,,2022-05-21 13:52:52,0.072317
3962298,6167da66b594479587787feb5715bfce,menu,,2022-05-21 13:53:03,0.072454
3962314,dd8f5e93e4254d5d9ff8f28d2c68435e,menu,,2022-05-21 13:53:12,0.077863
3962328,788b15e34067419899376283d72f99de,basket,,2022-05-21 13:53:20,0.06894
3962403,788b15e34067419899376283d72f99de,basket,,2022-05-21 13:54:19,0.063121
3962421,788b15e34067419899376283d72f99de,payment,1418780,2022-05-21 13:54:34,0.071755
3962449,6167da66b594479587787feb5715bfce,menu,,2022-05-21 13:54:57,0.088454
3962682,6167da66b594479587787feb5715bfce,menu,,2022-05-21 13:58:03,0.066928
3962732,6167da66b594479587787feb5715bfce,menu,,2022-05-21 13:58:38,0.073093
3962915,dd8f5e93e4254d5d9ff8f28d2c68435e,basket,,2022-05-21 14:00:54,0.060299
3962960,dd8f5e93e4254d5d9ff8f28d2c68435e,menu,,2022-05-21 14:01:25,0.063021
3962993,6167da66b594479587787feb5715bfce,menu,,2022-05-21 14:01:41,0.051238
3962999,7ecd0352f9a1486db887809dfff07db9,menu,,2022-05-21 14:01:44,0.063591
3963065,dd8f5e93e4254d5d9ff8f28d2c68435e,basket,,2022-05-21 14:02:25,0.082697
3963099,dd8f5e93e4254d5d9ff8f28d2c68435e,menu,,2022-05-21 14:02:44,0.093635
3963188,dd8f5e93e4254d5d9ff8f28d2c68435e,payment,1418863,2022-05-21 14:03:59,0.058658
3963227,dd8f5e93e4254d5d9ff8f28d2c68435e,menu,,2022-05-21 14:04:31,0.0896
3963455,6167da66b594479587787feb5715bfce,basket,,2022-05-21 14:07:15,0.082189
3963594,6167da66b594479587787feb5715bfce,basket,,2022-05-21 14:08:50,0.055064
3963620,3da69ee31e8a49aa8addc013ef9fd60a,menu,,2022-05-21 14:09:06,0.086795
3963642,7ecd0352f9a1486db887809dfff07db9,menu,,2022-05-21 14:09:27,0.089581
3963739,7ecd0352f9a1486db887809dfff07db9,menu,,2022-05-21 14:10:55,0.052703
3963766,6167da66b594479587787feb5715bfce,payment,1418929,2022-05-21 14:11:21,0.060367
3963857,3da69ee31e8a49aa8addc013ef9fd60a,menu,,2022-05-21 14:12:28,0.08191
3963910,b051cc87843445a09f1864e6a344c3d9,menu,,2022-05-21 14:13:05,0.077697
3963932,3da69ee31e8a49aa8addc013ef9fd60a,menu,,2022-05-21 14:13:19,0.072853
3963970,7ecd0352f9a1486db887809dfff07db9,menu,,2022-05-21 14:13:48,0.082993
3964093,3da69ee31e8a49aa8addc013ef9fd60a,menu,,2022-05-21 14:15:29,0.069397
3964211,3da69ee31e8a49aa8addc013ef9fd60a,menu,,2022-05-21 14:16:52,0.066029
3964245,279f6186ef3e49cb9e969cc9fc5844e7,menu,,2022-05-21 14:17:20,0.059472
3964285,7ecd0352f9a1486db887809dfff07db9,basket,,2022-05-21 14:17:41,0.079553
3964305,7ecd0352f9a1486db887809dfff07db9,payment,1418988,2022-05-21 14:17:56,0.047893
3964311,279f6186ef3e49cb9e969cc9fc5844e7,menu,,2022-05-21 14:18:01,0.098898
3964312,279f6186ef3e49cb9e969cc9fc5844e7,menu,,2022-05-21 14:18:02,0.06727
3964445,279f6186ef3e49cb9e969cc9fc5844e7,menu,,2022-05-21 14:19:32,0.084261
3964460,225bd2a2ef334a8cbde50519dd0b8212,menu,,2022-05-21 14:19:44,0.06971
3964584,279f6186ef3e49cb9e969cc9fc5844e7,menu,,2022-05-21 14:21:21,0.079637
3964589,3da69ee31e8a49aa8addc013ef9fd60a,basket,,2022-05-21 14:21:26,0.057237
3964594,c17494d925fa4535a3517537728a4b81,menu,,2022-05-21 14:21:33,0.077871
3964658,ad8ba6e063a54ea0acf6a077f9c1b5f7,menu,,2022-05-21 14:22:11,0.079195
3964665,3da69ee31e8a49aa8addc013ef9fd60a,basket,,2022-05-21 14:22:17,0.070623
3964751,ad8ba6e063a54ea0acf6a077f9c1b5f7,menu,,2022-05-21 14:23:20,0.063333
3964786,3da69ee31e8a49aa8addc013ef9fd60a,payment,1419040,2022-05-21 14:23:43,0.048095
3964797,b051cc87843445a09f1864e6a344c3d9,menu,,2022-05-21 14:23:48,0.070645
3964800,3da69ee31e8a49aa8addc013ef9fd60a,menu,,2022-05-21 14:23:50,0.083552
3964955,c17494d925fa4535a3517537728a4b81,menu,,2022-05-21 14:25:55,0.06763
3964960,c17494d925fa4535a3517537728a4b81,menu,,2022-05-21 14:25:59,0.072443
3965170,ad8ba6e063a54ea0acf6a077f9c1b5f7,menu,,2022-05-21 14:28:33,0.064181
3965227,ad8ba6e063a54ea0acf6a077f9c1b5f7,menu,,2022-05-21 14:29:18,0.066737
3965245,c17494d925fa4535a3517537728a4b81,menu,,2022-05-21 14:29:31,0.063235
3965307,b96a79c353f04ba8b8f83f9c0d368bc4,menu,,2022-05-21 14:30:20,0.072294
3965326,b051cc87843445a09f1864e6a344c3d9,basket,,2022-05-21 14:30:38,0.074928
3965331,b051cc87843445a09f1864e6a344c3d9,menu,,2022-05-21 14:30:39,0.087817
3965356,b051cc87843445a09f1864e6a344c3d9,basket,,2022-05-21 14:31:09,0.073563
3965410,279f6186ef3e49cb9e969cc9fc5844e7,basket,,2022-05-21 14:31:59,0.07106
3965411,b051cc87843445a09f1864e6a344c3d9,basket,,2022-05-21 14:32:00,0.059394
3965421,279f6186ef3e49cb9e969cc9fc5844e7,basket,,2022-05-21 14:32:09,0.076125
3965446,b051cc87843445a09f1864e6a344c3d9,payment,1419122,2022-05-21 14:32:29,0.05322
3965452,88586fff0e9a43ec9eae1db68170dc79,menu,,2022-05-21 14:32:31,0.071268
3965543,225bd2a2ef334a8cbde50519dd0b8212,menu,,2022-05-21 14:33:39,0.048417
3965550,8bce6c400f6f48b18f80de9ebab8b8c5,menu,,2022-05-21 14:33:43,0.068685
3965559,b96a79c353f04ba8b8f83f9c0d368bc4,menu,,2022-05-21 14:33:47,0.074197
3965593,8bce6c400f6f48b18f80de9ebab8b8c5,menu,,2022-05-21 14:34:18,0.072941
3965624,b96a79c353f04ba8b8f83f9c0d368bc4,menu,,2022-05-21 14:34:38,0.078353
3965661,225bd2a2ef334a8cbde50519dd0b8212,basket,,2022-05-21 14:35:10,0.080981
3965698,8bce6c400f6f48b18f80de9ebab8b8c5,menu,,2022-05-21 14:35:44,0.061333
3965701,279f6186ef3e49cb9e969cc9fc5844e7,basket,,2022-05-21 14:35:46,0.047254
3965702,279f6186ef3e49cb9e969cc9fc5844e7,basket,,2022-05-21 14:35:47,0.067887
3965766,279f6186ef3e49cb9e969cc9fc5844e7,payment,1419161,2022-05-21 14:36:37,0.078406
3965781,225bd2a2ef334a8cbde50519dd0b8212,menu,,2022-05-21 14:36:52,0.068966
3965788,c17494d925fa4535a3517537728a4b81,basket,,2022-05-21 14:36:59,0.074709
3965883,225bd2a2ef334a8cbde50519dd0b8212,payment,1419171,2022-05-21 14:38:06,0.067597
3965888,c17494d925fa4535a3517537728a4b81,basket,,2022-05-21 14:38:10,0.080885
3966043,c17494d925fa4535a3517537728a4b81,menu,,2022-05-21 14:40:23,0.059973
3966049,88586fff0e9a43ec9eae1db68170dc79,menu,,2022-05-21 14:40:28,0.072804
3966053,c17494d925fa4535a3517537728a4b81,payment,1419191,2022-05-21 14:40:29,0.076026
3966187,c212bed1bde14586982331ff11bf88f4,menu,,2022-05-21 14:42:22,0.071707
3966245,8bce6c400f6f48b18f80de9ebab8b8c5,menu,,2022-05-21 14:43:07,0.061496
3966308,88586fff0e9a43ec9eae1db68170dc79,menu,,2022-05-21 14:44:00,0.070556
3966357,b96a79c353f04ba8b8f83f9c0d368bc4,basket,,2022-05-21 14:44:43,0.056685
3966387,88586fff0e9a43ec9eae1db68170dc79,basket,,2022-05-21 14:45:03,0.076981
3966402,d929bd826f0f4d49b7c73c3e923158c7,menu,,2022-05-21 14:45:14,0.073776
3966450,8bce6c400f6f48b18f80de9ebab8b8c5,menu,,2022-05-21 14:45:59,0.048213
3966451,805df8155edd4c7ab32dc74e3fc99c01,menu,,2022-05-21 14:46:00,0.072449
3966471,8bce6c400f6f48b18f80de9ebab8b8c5,menu,,2022-05-21 14:46:13,0.054339
3966503,c212bed1bde14586982331ff11bf88f4,menu,,2022-05-21 14:46:32,0.066035
3966554,c212bed1bde14586982331ff11bf88f4,menu,,2022-05-21 14:47:11,0.057856
3966566,b96a79c353f04ba8b8f83f9c0d368bc4,basket,,2022-05-21 14:47:19,0.079962
3966625,cf87baf164bd4b9aa1725a12b5838cae,menu,,2022-05-21 14:48:08,0.080995
3966632,d929bd826f0f4d49b7c73c3e923158c7,menu,,2022-05-21 14:48:14,0.072
3966644,b96a79c353f04ba8b8f83f9c0d368bc4,menu,,2022-05-21 14:48:23,0.085482
3966649,b96a79c353f04ba8b8f83f9c0d368bc4,payment,1419255,2022-05-21 14:48:30,20.48461
3966692,c212bed1bde14586982331ff11bf88f4,menu,,2022-05-21 14:49:02,0.067695
3966705,8bce6c400f6f48b18f80de9ebab8b8c5,basket,,2022-05-21 14:49:09,0.063301
3966715,88586fff0e9a43ec9eae1db68170dc79,payment,1419257,2022-05-21 14:49:13,0.066526
3966767,805df8155edd4c7ab32dc74e3fc99c01,menu,,2022-05-21 14:49:50,0.074027
3966805,cf87baf164bd4b9aa1725a12b5838cae,menu,,2022-05-21 14:50:12,0.062025
3966819,8bce6c400f6f48b18f80de9ebab8b8c5,basket,,2022-05-21 14:50:24,0.055065
3966881,8bce6c400f6f48b18f80de9ebab8b8c5,menu,,2022-05-21 14:51:07,0.072059
3966927,805df8155edd4c7ab32dc74e3fc99c01,menu,,2022-05-21 14:51:47,0.046775
3966945,c212bed1bde14586982331ff11bf88f4,menu,,2022-05-21 14:52:00,0.074956
3966971,8bce6c400f6f48b18f80de9ebab8b8c5,payment,1419292,2022-05-21 14:52:25,0.056023
3966998,474e66e7950e49fb97459c634cebf863,menu,,2022-05-21 14:52:52,0.085633
3967187,cf87baf164bd4b9aa1725a12b5838cae,menu,,2022-05-21 14:55:22,0.063995
3967197,d929bd826f0f4d49b7c73c3e923158c7,menu,,2022-05-21 14:55:29,0.079256
3967283,c212bed1bde14586982331ff11bf88f4,basket,,2022-05-21 14:56:43,0.05014
3967291,474e66e7950e49fb97459c634cebf863,menu,,2022-05-21 14:56:49,0.068877
3967296,474e66e7950e49fb97459c634cebf863,menu,,2022-05-21 14:56:55,0.082658
3967309,cf87baf164bd4b9aa1725a12b5838cae,menu,,2022-05-21 14:57:04,0.053441
3967322,c212bed1bde14586982331ff11bf88f4,menu,,2022-05-21 14:57:15,0.075893
3967342,d929bd826f0f4d49b7c73c3e923158c7,menu,,2022-05-21 14:57:30,0.072723
3967455,3044daf8b7fd45ce98ca9cc6fc81287b,menu,,2022-05-21 14:58:45,0.092836
3967464,805df8155edd4c7ab32dc74e3fc99c01,menu,,2022-05-21 14:58:50,0.070464
3967472,3044daf8b7fd45ce98ca9cc6fc81287b,menu,,2022-05-21 14:58:54,0.066629
3967475,474e66e7950e49fb97459c634cebf863,menu,,2022-05-21 14:58:57,0.052821
3967524,c212bed1bde14586982331ff11bf88f4,menu,,2022-05-21 14:59:37,0.061709
3967568,c212bed1bde14586982331ff11bf88f4,payment,1419359,2022-05-21 15:00:28,0.05592
3967707,d929bd826f0f4d49b7c73c3e923158c7,basket,,2022-05-21 15:02:29,0.05987
3967719,cf87baf164bd4b9aa1725a12b5838cae,menu,,2022-05-21 15:02:40,0.072243
3967753,474e66e7950e49fb97459c634cebf863,basket,,2022-05-21 15:03:07,0.06689
3967756,d929bd826f0f4d49b7c73c3e923158c7,basket,,2022-05-21 15:03:11,0.073528
3967796,805df8155edd4c7ab32dc74e3fc99c01,basket,,2022-05-21 15:03:40,0.07436
3967813,d929bd826f0f4d49b7c73c3e923158c7,menu,,2022-05-21 15:03:52,0.067483
3967823,805df8155edd4c7ab32dc74e3fc99c01,basket,,2022-05-21 15:04:01,0.07118
3967867,cf87baf164bd4b9aa1725a12b5838cae,basket,,2022-05-21 15:04:36,0.069676
3967871,d929bd826f0f4d49b7c73c3e923158c7,payment,1419388,2022-05-21 15:04:39,0.06401
3967878,474e66e7950e49fb97459c634cebf863,basket,,2022-05-21 15:04:43,0.056293
3967893,046aa1b6760547e0a6f144374666d308,menu,,2022-05-21 15:04:58,0.069385
3967906,805df8155edd4c7ab32dc74e3fc99c01,payment,1419392,2022-05-21 15:05:07,0.06315
3967950,3044daf8b7fd45ce98ca9cc6fc81287b,menu,,2022-05-21 15:05:35,0.069905
3967953,cf87baf164bd4b9aa1725a12b5838cae,basket,,2022-05-21 15:05:37,0.070437
3967967,474e66e7950e49fb97459c634cebf863,menu,,2022-05-21 15:05:45,0.073423
3968082,474e66e7950e49fb97459c634cebf863,payment,1419417,2022-05-21 15:07:25,0.07382
3968087,cf87baf164bd4b9aa1725a12b5838cae,payment,1419414,2022-05-21 15:07:27,0.073652
3968170,3044daf8b7fd45ce98ca9cc6fc81287b,menu,,2022-05-21 15:08:39,0.075637
3968333,919af7e157ed4632ab37a52300a1f306,menu,,2022-05-21 15:11:01,0.052654
3968372,919af7e157ed4632ab37a52300a1f306,menu,,2022-05-21 15:11:37,0.067348
3968376,eea64644ada74b3cb7161ee2a949b872,menu,,2022-05-21 15:11:39,0.070296
3968468,01b4a119c88d483ba7a5428de538aa30,menu,,2022-05-21 15:13:01,0.075753
3968504,046aa1b6760547e0a6f144374666d308,basket,,2022-05-21 15:13:28,0.068446
3968508,01b4a119c88d483ba7a5428de538aa30,menu,,2022-05-21 15:13:33,0.086096
3968532,eea64644ada74b3cb7161ee2a949b872,menu,,2022-05-21 15:13:47,0.074817
3968561,046aa1b6760547e0a6f144374666d308,menu,,2022-05-21 15:14:09,0.070693
3968569,046aa1b6760547e0a6f144374666d308,basket,,2022-05-21 15:14:14,0.054554
3968681,3044daf8b7fd45ce98ca9cc6fc81287b,menu,,2022-05-21 15:15:44,0.071577
3968695,919af7e157ed4632ab37a52300a1f306,menu,,2022-05-21 15:16:00,0.063794
3968711,3044daf8b7fd45ce98ca9cc6fc81287b,menu,,2022-05-21 15:16:16,0.071468
3968767,01b4a119c88d483ba7a5428de538aa30,menu,,2022-05-21 15:17:07,0.054557
3968771,3044daf8b7fd45ce98ca9cc6fc81287b,basket,,2022-05-21 15:17:11,0.049831
3968794,046aa1b6760547e0a6f144374666d308,menu,,2022-05-21 15:17:36,0.074529
3968832,046aa1b6760547e0a6f144374666d308,payment,1419506,2022-05-21 15:18:02,0.064228
3968841,046aa1b6760547e0a6f144374666d308,menu,,2022-05-21 15:18:08,0.072179
3968860,3044daf8b7fd45ce98ca9cc6fc81287b,payment,1419508,2022-05-21 15:18:31,0.079431
3968973,01b4a119c88d483ba7a5428de538aa30,menu,,2022-05-21 15:20:28,0.061676
3969023,eea64644ada74b3cb7161ee2a949b872,menu,,2022-05-21 15:21:22,0.057828
3969123,eea64644ada74b3cb7161ee2a949b872,basket,,2022-05-21 15:22:47,0.062137
3969291,3880e660cabb4e2493a172d086cab89b,menu,,2022-05-21 15:25:06,0.061114
3969306,01b4a119c88d483ba7a5428de538aa30,menu,,2022-05-21 15:25:15,0.092954
3969347,3880e660cabb4e2493a172d086cab89b,menu,,2022-05-21 15:25:48,0.054316
3969421,919af7e157ed4632ab37a52300a1f306,basket,,2022-05-21 15:26:54,0.06658
3969466,3880e660cabb4e2493a172d086cab89b,menu,,2022-05-21 15:27:25,0.090825
3969563,01b4a119c88d483ba7a5428de538aa30,basket,,2022-05-21 15:28:31,0.055526
3969596,919af7e157ed4632ab37a52300a1f306,basket,,2022-05-21 15:28:55,0.059573
3969654,919af7e157ed4632ab37a52300a1f306,basket,,2022-05-21 15:29:37,0.072822
3969716,919af7e157ed4632ab37a52300a1f306,payment,1419596,2022-05-21 15:30:34,0.061988
3969721,919af7e157ed4632ab37a52300a1f306,menu,,2022-05-21 15:30:37,0.055075
3969737,01b4a119c88d483ba7a5428de538aa30,payment,1419599,2022-05-21 15:30:47,0.089789
3969752,919af7e157ed4632ab37a52300a1f306,menu,,2022-05-21 15:31:02,0.058129
3969808,3880e660cabb4e2493a172d086cab89b,basket,,2022-05-21 15:32:03,0.068034
3970097,3880e660cabb4e2493a172d086cab89b,menu,,2022-05-21 15:35:56,0.056323
3970128,3880e660cabb4e2493a172d086cab89b,payment,1419634,2022-05-21 15:36:20,0.057355
3970131,3880e660cabb4e2493a172d086cab89b,menu,,2022-05-21 15:36:21,0.076161
3970151,f871ab4d5d114c28a3e51b1de32e91bb,menu,,2022-05-21 15:36:43,0.075537
3970174,f871ab4d5d114c28a3e51b1de32e91bb,menu,,2022-05-21 15:36:59,0.07017
3970609,20dbe046d95a4e818443baf7c985ecd2,menu,,2022-05-21 15:42:30,0.076567
3970702,03d86460050a4ad68c984b426ac0922d,menu,,2022-05-21 15:43:35,0.061764
3970743,f871ab4d5d114c28a3e51b1de32e91bb,menu,,2022-05-21 15:44:05,0.08277
3970880,20dbe046d95a4e818443baf7c985ecd2,menu,,2022-05-21 15:45:31,0.079826
3971007,f871ab4d5d114c28a3e51b1de32e91bb,menu,,2022-05-21 15:47:03,0.060731
3971080,e1279c2e1fff494dbbbf5715545766e0,menu,,2022-05-21 15:48:03,0.049325
3971175,03d86460050a4ad68c984b426ac0922d,menu,,2022-05-21 15:49:17,0.082022
3971220,03d86460050a4ad68c984b426ac0922d,menu,,2022-05-21 15:49:59,0.07044
3971339,e1279c2e1fff494dbbbf5715545766e0,menu,,2022-05-21 15:51:48,0.059706
3971349,f871ab4d5d114c28a3e51b1de32e91bb,basket,,2022-05-21 15:51:56,0.06733
3971404,7cbe91d191af49bf8d3ceef217a889da,menu,,2022-05-21 15:52:48,0.094514
3971412,e1279c2e1fff494dbbbf5715545766e0,basket,,2022-05-21 15:52:55,0.065851
3971421,03d86460050a4ad68c984b426ac0922d,basket,,2022-05-21 15:52:59,0.083342
3971428,e1279c2e1fff494dbbbf5715545766e0,basket,,2022-05-21 15:53:06,0.071357
3971429,f871ab4d5d114c28a3e51b1de32e91bb,menu,,2022-05-21 15:53:06,0.056083
3971435,e1279c2e1fff494dbbbf5715545766e0,basket,,2022-05-21 15:53:14,0.059669
3971458,f871ab4d5d114c28a3e51b1de32e91bb,basket,,2022-05-21 15:53:32,0.058751
3971461,f119946b7a5746fe9817ba1eabd216eb,menu,,2022-05-21 15:53:33,0.076614
3971483,03d86460050a4ad68c984b426ac0922d,menu,,2022-05-21 15:53:53,0.047809
3971537,e1279c2e1fff494dbbbf5715545766e0,basket,,2022-05-21 15:54:27,0.087841
3971554,03d86460050a4ad68c984b426ac0922d,payment,1419810,2022-05-21 15:54:43,0.048435
3971614,f871ab4d5d114c28a3e51b1de32e91bb,payment,1419816,2022-05-21 15:55:34,0.074879
3971615,03d86460050a4ad68c984b426ac0922d,menu,,2022-05-21 15:55:36,0.065238
3971639,7cbe91d191af49bf8d3ceef217a889da,menu,,2022-05-21 15:55:56,0.076511
3971650,e1279c2e1fff494dbbbf5715545766e0,menu,,2022-05-21 15:56:07,0.060286
3971676,e1279c2e1fff494dbbbf5715545766e0,payment,1419827,2022-05-21 15:56:32,0.054377
3971988,7cbe91d191af49bf8d3ceef217a889da,menu,,2022-05-21 16:00:54,0.086813
3972105,f119946b7a5746fe9817ba1eabd216eb,menu,,2022-05-21 16:02:38,0.089496
3972164,f119946b7a5746fe9817ba1eabd216eb,menu,,2022-05-21 16:03:19,0.063242
3972238,f119946b7a5746fe9817ba1eabd216eb,menu,,2022-05-21 16:04:15,0.055462
3972539,f119946b7a5746fe9817ba1eabd216eb,basket,,2022-05-21 16:08:29,0.09308
3972615,f119946b7a5746fe9817ba1eabd216eb,basket,,2022-05-21 16:09:40,0.070703
3972630,f119946b7a5746fe9817ba1eabd216eb,menu,,2022-05-21 16:09:49,0.070714
3972662,7cbe91d191af49bf8d3ceef217a889da,basket,,2022-05-21 16:10:16,0.065672
3972688,f119946b7a5746fe9817ba1eabd216eb,basket,,2022-05-21 16:10:36,0.095767
3972768,1f13dbfe07174e90b684f3083cd6763d,menu,,2022-05-21 16:11:33,0.080005
3972791,1f13dbfe07174e90b684f3083cd6763d,menu,,2022-05-21 16:11:51,0.054797
3972850,f119946b7a5746fe9817ba1eabd216eb,payment,1419955,2022-05-21 16:12:30,0.070743
3972886,bc3f73206c76457ba26ca55535f2a3d7,menu,,2022-05-21 16:12:52,0.055509
3972905,f119946b7a5746fe9817ba1eabd216eb,menu,,2022-05-21 16:13:06,0.081698
3973090,bc3f73206c76457ba26ca55535f2a3d7,menu,,2022-05-21 16:15:25,0.099918
3973103,bc3f73206c76457ba26ca55535f2a3d7,menu,,2022-05-21 16:15:35,0.087128
3973183,960180b5e4a44139ac7e865e645fc187,menu,,2022-05-21 16:16:40,0.085567
3973208,1f13dbfe07174e90b684f3083cd6763d,menu,,2022-05-21 16:16:55,0.078936
3973211,960180b5e4a44139ac7e865e645fc187,menu,,2022-05-21 16:16:58,0.074045
3973240,28247e3133f940c0aacd29e0187a3890,menu,,2022-05-21 16:17:13,0.070847
3973358,45f167df83c0450799bb461bd86b7e28,menu,,2022-05-21 16:18:35,0.065483
3973426,28247e3133f940c0aacd29e0187a3890,menu,,2022-05-21 16:19:25,0.058357
3973567,960180b5e4a44139ac7e865e645fc187,menu,,2022-05-21 16:21:13,0.084689
3973615,960180b5e4a44139ac7e865e645fc187,menu,,2022-05-21 16:21:41,0.057374
3973616,960180b5e4a44139ac7e865e645fc187,basket,,2022-05-21 16:21:41,0.075437
3973666,28247e3133f940c0aacd29e0187a3890,menu,,2022-05-21 16:22:36,0.091978
3973745,bc3f73206c76457ba26ca55535f2a3d7,menu,,2022-05-21 16:23:35,0.049022
3973792,28247e3133f940c0aacd29e0187a3890,basket,,2022-05-21 16:24:04,0.094937
3973794,960180b5e4a44139ac7e865e645fc187,menu,,2022-05-21 16:24:04,0.078232
3973809,28247e3133f940c0aacd29e0187a3890,menu,,2022-05-21 16:24:18,0.068464
3973866,28247e3133f940c0aacd29e0187a3890,basket,,2022-05-21 16:25:01,0.044894
3973893,8a0d4c914d9f403981978f939917c2c4,menu,,2022-05-21 16:25:19,0.065851
3973938,960180b5e4a44139ac7e865e645fc187,payment,1420065,2022-05-21 16:25:53,0.062764
3973976,960180b5e4a44139ac7e865e645fc187,menu,,2022-05-21 16:26:18,0.063156
3974048,bc3f73206c76457ba26ca55535f2a3d7,basket,,2022-05-21 16:27:15,0.067801
3974064,28247e3133f940c0aacd29e0187a3890,payment,1420090,2022-05-21 16:27:27,0.067144
3974076,1f13dbfe07174e90b684f3083cd6763d,menu,,2022-05-21 16:27:34,0.076581
3974086,1f13dbfe07174e90b684f3083cd6763d,menu,,2022-05-21 16:27:38,0.062055
3974209,1f13dbfe07174e90b684f3083cd6763d,menu,,2022-05-21 16:29:10,0.070938
3974215,8a0d4c914d9f403981978f939917c2c4,menu,,2022-05-21 16:29:14,0.07244
3974265,1f13dbfe07174e90b684f3083cd6763d,basket,,2022-05-21 16:29:50,0.0756
3974286,1f13dbfe07174e90b684f3083cd6763d,basket,,2022-05-21 16:30:05,0.05505
3974288,8a0d4c914d9f403981978f939917c2c4,menu,,2022-05-21 16:30:07,0.0635
3974300,1f13dbfe07174e90b684f3083cd6763d,payment,1420116,2022-05-21 16:30:18,0.064773
3974455,45f167df83c0450799bb461bd86b7e28,basket,,2022-05-21 16:32:29,0.069274
3974495,45f167df83c0450799bb461bd86b7e28,basket,,2022-05-21 16:33:00,0.068932
3974561,45f167df83c0450799bb461bd86b7e28,menu,,2022-05-21 16:33:58,0.067577
3974711,45f167df83c0450799bb461bd86b7e28,payment,1420169,2022-05-21 16:36:02,0.06561
3974716,8a0d4c914d9f403981978f939917c2c4,basket,,2022-05-21 16:36:07,0.079817
3974718,8a0d4c914d9f403981978f939917c2c4,menu,,2022-05-21 16:36:09,0.068088
3974891,8a0d4c914d9f403981978f939917c2c4,menu,,2022-05-21 16:38:20,0.07923
3975033,8a0d4c914d9f403981978f939917c2c4,payment,1420204,2022-05-21 16:40:19,0.062251
3975090,8a0d4c914d9f403981978f939917c2c4,menu,,2022-05-21 16:41:05,0.059167
3975234,5d65ecd478614225b3ab303cb9c225fd,menu,,2022-05-21 16:43:09,0.061495
3975385,5d65ecd478614225b3ab303cb9c225fd,menu,,2022-05-21 16:45:26,0.073321
3975769,5d65ecd478614225b3ab303cb9c225fd,menu,,2022-05-21 16:50:52,0.061546
3975775,5d65ecd478614225b3ab303cb9c225fd,menu,,2022-05-21 16:50:59,0.048746
3976144,6feb14be553f4b2bbb1c2e36b4f47057,menu,,2022-05-21 16:56:17,0.056962
3976146,5d65ecd478614225b3ab303cb9c225fd,menu,,2022-05-21 16:56:19,0.077055
3976153,3bbae1efc1c343c58ad1afed69e7f90d,menu,,2022-05-21 16:56:25,0.078431
3976173,5d65ecd478614225b3ab303cb9c225fd,menu,,2022-05-21 16:56:36,0.078211
3976366,5d65ecd478614225b3ab303cb9c225fd,basket,,2022-05-21 16:59:01,0.079731
3976449,547070d464ee463c898c8c7bb05635b2,menu,,2022-05-21 17:00:35,0.084951
3976497,547070d464ee463c898c8c7bb05635b2,menu,,2022-05-21 17:01:18,0.067184
3976502,9bb41bb5cadb472aa02eda4019cd5b48,menu,,2022-05-21 17:01:21,0.057962
3976524,547070d464ee463c898c8c7bb05635b2,menu,,2022-05-21 17:01:35,0.065815
3976534,6feb14be553f4b2bbb1c2e36b4f47057,menu,,2022-05-21 17:01:42,0.062036
3976564,3bbae1efc1c343c58ad1afed69e7f90d,menu,,2022-05-21 17:02:07,0.067863
3976624,5d65ecd478614225b3ab303cb9c225fd,payment,1420376,2022-05-21 17:03:00,0.072433
3976646,3bbae1efc1c343c58ad1afed69e7f90d,menu,,2022-05-21 17:03:21,0.058764
3976671,9bb41bb5cadb472aa02eda4019cd5b48,menu,,2022-05-21 17:03:37,0.078309
3976728,547070d464ee463c898c8c7bb05635b2,menu,,2022-05-21 17:04:30,0.072656
3976737,3bbae1efc1c343c58ad1afed69e7f90d,menu,,2022-05-21 17:04:40,0.06074
3976984,3bbae1efc1c343c58ad1afed69e7f90d,menu,,2022-05-21 17:08:24,0.053709
3977094,547070d464ee463c898c8c7bb05635b2,menu,,2022-05-21 17:09:57,0.062673
3977099,3bbae1efc1c343c58ad1afed69e7f90d,basket,,2022-05-21 17:09:58,0.099069
3977110,6feb14be553f4b2bbb1c2e36b4f47057,menu,,2022-05-21 17:10:09,0.084633
3977153,547070d464ee463c898c8c7bb05635b2,menu,,2022-05-21 17:10:47,0.072658
3977175,fd0fc94c20bd480d9a53688a47f61cf7,menu,,2022-05-21 17:11:05,0.086242
3977177,fd0fc94c20bd480d9a53688a47f61cf7,menu,,2022-05-21 17:11:08,0.084989
3977197,fd0fc94c20bd480d9a53688a47f61cf7,menu,,2022-05-21 17:11:25,0.050268
3977205,547070d464ee463c898c8c7bb05635b2,menu,,2022-05-21 17:11:29,0.051284
3977208,6feb14be553f4b2bbb1c2e36b4f47057,basket,,2022-05-21 17:11:33,0.062634
3977214,3bbae1efc1c343c58ad1afed69e7f90d,payment,1420445,2022-05-21 17:11:37,0.049278
3977311,6feb14be553f4b2bbb1c2e36b4f47057,menu,,2022-05-21 17:13:04,0.054638
3977350,6feb14be553f4b2bbb1c2e36b4f47057,payment,1420456,2022-05-21 17:13:39,0.064104
3977389,6feb14be553f4b2bbb1c2e36b4f47057,menu,,2022-05-21 17:14:16,0.068315
3977407,9bb41bb5cadb472aa02eda4019cd5b48,basket,,2022-05-21 17:14:29,0.073195
3977517,547070d464ee463c898c8c7bb05635b2,basket,,2022-05-21 17:16:01,0.075009
3977607,9bb41bb5cadb472aa02eda4019cd5b48,basket,,2022-05-21 17:17:09,0.077464
3977617,fd0fc94c20bd480d9a53688a47f61cf7,menu,,2022-05-21 17:17:17,0.063906
3977726,9bb41bb5cadb472aa02eda4019cd5b48,menu,,2022-05-21 17:18:52,0.07695
3977772,547070d464ee463c898c8c7bb05635b2,basket,,2022-05-21 17:19:25,0.055029
3977827,547070d464ee463c898c8c7bb05635b2,payment,1420504,2022-05-21 17:20:03,0.074332
3978213,fd0fc94c20bd480d9a53688a47f61cf7,menu,,2022-05-21 17:25:15,0.068732
3978362,fd0fc94c20bd480d9a53688a47f61cf7,menu,,2022-05-21 17:27:16,0.058026
3978420,fd0fc94c20bd480d9a53688a47f61cf7,basket,,2022-05-21 17:28:09,0.069369
3978474,fd0fc94c20bd480d9a53688a47f61cf7,basket,,2022-05-21 17:28:43,0.080361
3978546,fd0fc94c20bd480d9a53688a47f61cf7,basket,,2022-05-21 17:29:42,0.061412
3978549,50bf819b33bc47dab6a34dc5d6c83ae6,menu,,2022-05-21 17:29:44,0.091383
3978632,fd0fc94c20bd480d9a53688a47f61cf7,payment,1420587,2022-05-21 17:30:36,0.093096
3978668,fd0fc94c20bd480d9a53688a47f61cf7,menu,,2022-05-21 17:31:02,0.086438
3978885,785a6dfec3024d47898615cc5647501d,menu,,2022-05-21 17:33:43,0.0665
3979134,50bf819b33bc47dab6a34dc5d6c83ae6,basket,,2022-05-21 17:36:41,0.072421
3979222,50bf819b33bc47dab6a34dc5d6c83ae6,basket,,2022-05-21 17:37:47,0.071948
3979224,2ccdb8313fd34cd788b4c042dd6cafd5,menu,,2022-05-21 17:37:49,0.07307
3979339,785a6dfec3024d47898615cc5647501d,menu,,2022-05-21 17:39:14,0.054215
3979606,2ccdb8313fd34cd788b4c042dd6cafd5,menu,,2022-05-21 17:43:34,0.07561
3979636,2ccdb8313fd34cd788b4c042dd6cafd5,menu,,2022-05-21 17:43:58,0.086255
3979779,785a6dfec3024d47898615cc5647501d,menu,,2022-05-21 17:46:03,0.065018
3979957,2ccdb8313fd34cd788b4c042dd6cafd5,menu,,2022-05-21 17:49:06,0.078149
3979960,8b95f7897c8a4227b5a056352b524c28,menu,,2022-05-21 17:49:08,0.064183
3980110,785a6dfec3024d47898615cc5647501d,menu,,2022-05-21 17:50:59,0.055703
3980164,785a6dfec3024d47898615cc5647501d,basket,,2022-05-21 17:51:41,0.081722
3980176,1041efea7a804c1a8c0a0858efd2dc2d,menu,,2022-05-21 17:51:46,0.085187
3980198,785a6dfec3024d47898615cc5647501d,menu,,2022-05-21 17:52:00,0.069596
3980233,2ab123792db14051b2604c3369540375,menu,,2022-05-21 17:52:30,0.070359
3980236,785a6dfec3024d47898615cc5647501d,menu,,2022-05-21 17:52:30,0.084167
3980241,785a6dfec3024d47898615cc5647501d,menu,,2022-05-21 17:52:37,0.069917
3980294,785a6dfec3024d47898615cc5647501d,payment,1420789,2022-05-21 17:53:17,0.083414
3980312,2ccdb8313fd34cd788b4c042dd6cafd5,basket,,2022-05-21 17:53:32,0.083238
3980342,2ccdb8313fd34cd788b4c042dd6cafd5,basket,,2022-05-21 17:53:49,0.068607
3980358,1041efea7a804c1a8c0a0858efd2dc2d,menu,,2022-05-21 17:53:58,0.044038
3980436,8b95f7897c8a4227b5a056352b524c28,menu,,2022-05-21 17:54:58,0.071425
3980519,8b95f7897c8a4227b5a056352b524c28,basket,,2022-05-21 17:56:10,0.06736
3980557,2ccdb8313fd34cd788b4c042dd6cafd5,payment,1420823,2022-05-21 17:56:49,0.064579
3980577,8b95f7897c8a4227b5a056352b524c28,menu,,2022-05-21 17:57:05,0.0615
3980635,8b95f7897c8a4227b5a056352b524c28,basket,,2022-05-21 17:57:57,0.077139
3980643,8b95f7897c8a4227b5a056352b524c28,menu,,2022-05-21 17:58:02,0.057686
3980736,8b95f7897c8a4227b5a056352b524c28,menu,,2022-05-21 17:59:26,0.075349
3980795,8b95f7897c8a4227b5a056352b524c28,payment,1420846,2022-05-21 18:00:23,0.059541
3980800,8b95f7897c8a4227b5a056352b524c28,menu,,2022-05-21 18:00:26,0.074177
3980822,8b95f7897c8a4227b5a056352b524c28,menu,,2022-05-21 18:00:38,0.074424
3981142,1041efea7a804c1a8c0a0858efd2dc2d,menu,,2022-05-21 18:05:22,0.05806
3981169,2ab123792db14051b2604c3369540375,menu,,2022-05-21 18:05:57,0.063329
3981233,1041efea7a804c1a8c0a0858efd2dc2d,menu,,2022-05-21 18:06:52,0.075463
3981370,2ab123792db14051b2604c3369540375,basket,,2022-05-21 18:08:40,0.069138
3981487,1041efea7a804c1a8c0a0858efd2dc2d,basket,,2022-05-21 18:10:18,0.069297
3981493,1041efea7a804c1a8c0a0858efd2dc2d,basket,,2022-05-21 18:10:21,0.046122
3981999,7507783d0d1944bca4f283834fe56b89,menu,,2022-05-21 18:17:38,0.051732
3982066,7507783d0d1944bca4f283834fe56b89,menu,,2022-05-21 18:18:38,0.052397
3982121,7507783d0d1944bca4f283834fe56b89,menu,,2022-05-21 18:19:26,0.07377
3982235,30a2bf1871a34b1b82312404e1de100d,menu,,2022-05-21 18:21:14,0.037852
3982278,30a2bf1871a34b1b82312404e1de100d,menu,,2022-05-21 18:21:49,0.051447
3982300,2da76ee445434ea9b84ed2a8bcffe3c9,menu,,2022-05-21 18:22:05,0.0821
3982492,30a2bf1871a34b1b82312404e1de100d,menu,,2022-05-21 18:25:02,0.071863
3982719,30a2bf1871a34b1b82312404e1de100d,menu,,2022-05-21 18:28:14,0.083907
3982728,30a2bf1871a34b1b82312404e1de100d,menu,,2022-05-21 18:28:18,0.074001
3982729,2da76ee445434ea9b84ed2a8bcffe3c9,menu,,2022-05-21 18:28:19,0.073624
3982872,2da76ee445434ea9b84ed2a8bcffe3c9,basket,,2022-05-21 18:30:21,0.059634
3982936,7507783d0d1944bca4f283834fe56b89,menu,,2022-05-21 18:31:05,0.069714
3983040,2da76ee445434ea9b84ed2a8bcffe3c9,menu,,2022-05-21 18:32:37,0.069389
3983046,7507783d0d1944bca4f283834fe56b89,menu,,2022-05-21 18:32:45,0.046264
3983051,0d5e4e71fa474073b2fcb611cc104bff,menu,,2022-05-21 18:32:48,0.069576
3983060,7507783d0d1944bca4f283834fe56b89,basket,,2022-05-21 18:33:02,0.093148
3983091,2da76ee445434ea9b84ed2a8bcffe3c9,payment,1421111,2022-05-21 18:33:33,0.088527
3983118,7507783d0d1944bca4f283834fe56b89,basket,,2022-05-21 18:33:57,0.076033
3983120,0d5e4e71fa474073b2fcb611cc104bff,menu,,2022-05-21 18:33:59,0.078058
3983296,e7ffa27da5fa4705b04ef39069291a0b,menu,,2022-05-21 18:36:36,0.078977
3983349,7507783d0d1944bca4f283834fe56b89,payment,1421139,2022-05-21 18:37:12,0.066317
3983358,e7ffa27da5fa4705b04ef39069291a0b,menu,,2022-05-21 18:37:25,0.069324
3983362,30a2bf1871a34b1b82312404e1de100d,basket,,2022-05-21 18:37:27,0.071858
3983379,e7ffa27da5fa4705b04ef39069291a0b,menu,,2022-05-21 18:37:43,0.077155
3983410,0d5e4e71fa474073b2fcb611cc104bff,menu,,2022-05-21 18:38:13,0.057754
3983492,30a2bf1871a34b1b82312404e1de100d,menu,,2022-05-21 18:39:24,0.071858
3983541,0d5e4e71fa474073b2fcb611cc104bff,basket,,2022-05-21 18:40:10,0.068971
3983564,2835959f3aca468d9422c502e13e3b13,menu,,2022-05-21 18:40:28,0.089504
3983569,e7ffa27da5fa4705b04ef39069291a0b,menu,,2022-05-21 18:40:33,0.070067
3983576,30a2bf1871a34b1b82312404e1de100d,payment,1421173,2022-05-21 18:40:41,0.066697
3983675,e7ffa27da5fa4705b04ef39069291a0b,menu,,2022-05-21 18:42:24,0.05156
3983715,0d5e4e71fa474073b2fcb611cc104bff,basket,,2022-05-21 18:43:01,0.071936
3983722,0d5e4e71fa474073b2fcb611cc104bff,basket,,2022-05-21 18:43:08,0.077799
3983728,0d5e4e71fa474073b2fcb611cc104bff,basket,,2022-05-21 18:43:17,0.054109
3983734,2835959f3aca468d9422c502e13e3b13,menu,,2022-05-21 18:43:24,0.080918
3983756,0d5e4e71fa474073b2fcb611cc104bff,payment,1421196,2022-05-21 18:43:44,0.090315
3983762,0d5e4e71fa474073b2fcb611cc104bff,menu,,2022-05-21 18:43:51,0.078504
3983875,3f9e69e3adfc49fdb122940c33235c97,menu,,2022-05-21 18:45:54,0.038938
3983877,af724e5946334dd4ad10170ad638e015,menu,,2022-05-21 18:45:55,0.061473
3983922,af724e5946334dd4ad10170ad638e015,menu,,2022-05-21 18:46:28,0.051371
3983932,572a70dd737648eaa06c3a42dc7ec01d,basket,,2022-05-21 18:46:39,0.063265
3984025,3f9e69e3adfc49fdb122940c33235c97,menu,,2022-05-21 18:48:02,0.059441
3984029,af724e5946334dd4ad10170ad638e015,menu,,2022-05-21 18:48:03,0.082109
3984064,572a70dd737648eaa06c3a42dc7ec01d,menu,,2022-05-21 18:48:31,0.060292
3984123,3f9e69e3adfc49fdb122940c33235c97,menu,,2022-05-21 18:49:28,0.078571
3984125,af724e5946334dd4ad10170ad638e015,menu,,2022-05-21 18:49:35,0.074152
3984156,2835959f3aca468d9422c502e13e3b13,basket,,2022-05-21 18:49:58,0.074783
3984204,2835959f3aca468d9422c502e13e3b13,basket,,2022-05-21 18:50:46,0.079658
3984259,3f9e69e3adfc49fdb122940c33235c97,menu,,2022-05-21 18:51:52,0.085254
3984275,e7ffa27da5fa4705b04ef39069291a0b,basket,,2022-05-21 18:52:08,0.076689
3984278,2835959f3aca468d9422c502e13e3b13,basket,,2022-05-21 18:52:10,0.072521
3984314,e7ffa27da5fa4705b04ef39069291a0b,menu,,2022-05-21 18:52:40,0.07177
3984339,af724e5946334dd4ad10170ad638e015,menu,,2022-05-21 18:52:58,0.074917
3984359,e7ffa27da5fa4705b04ef39069291a0b,basket,,2022-05-21 18:53:16,0.077118
3984377,3f9e69e3adfc49fdb122940c33235c97,menu,,2022-05-21 18:53:36,0.082532
3984436,2835959f3aca468d9422c502e13e3b13,payment,1421259,2022-05-21 18:54:19,0.056155
3984452,2835959f3aca468d9422c502e13e3b13,menu,,2022-05-21 18:54:29,0.081023
3984458,2835959f3aca468d9422c502e13e3b13,menu,,2022-05-21 18:54:33,0.087197
3984517,e7ffa27da5fa4705b04ef39069291a0b,payment,1421276,2022-05-21 18:55:33,0.078657
3984573,e3b9cb332e164363a1cc599dc395c509,menu,,2022-05-21 18:56:21,0.088313
3984663,3f9e69e3adfc49fdb122940c33235c97,basket,,2022-05-21 18:57:52,0.078106
3984734,e3b9cb332e164363a1cc599dc395c509,menu,,2022-05-21 18:58:54,0.062743
3984746,3f9e69e3adfc49fdb122940c33235c97,basket,,2022-05-21 18:59:00,0.063592
3984835,3f9e69e3adfc49fdb122940c33235c97,payment,1421308,2022-05-21 19:00:13,0.071764
3984924,af724e5946334dd4ad10170ad638e015,basket,,2022-05-21 19:01:35,0.050121
3984964,af724e5946334dd4ad10170ad638e015,basket,,2022-05-21 19:02:12,0.065493
3985036,af724e5946334dd4ad10170ad638e015,menu,,2022-05-21 19:03:19,0.072886
3985133,af724e5946334dd4ad10170ad638e015,payment,1421343,2022-05-21 19:04:33,0.040088
3985253,e3b9cb332e164363a1cc599dc395c509,menu,,2022-05-21 19:06:19,0.065694
3985420,167b07a0b51c49c2817a3a4203e57869,menu,,2022-05-21 19:08:57,0.067605
3985500,167b07a0b51c49c2817a3a4203e57869,menu,,2022-05-21 19:10:28,0.07689
3985669,167b07a0b51c49c2817a3a4203e57869,menu,,2022-05-21 19:12:59,0.063492
3985714,167b07a0b51c49c2817a3a4203e57869,menu,,2022-05-21 19:13:38,0.063069
3985779,c8b24ff428154009adfecdfbe54acef0,menu,,2022-05-21 19:14:41,0.053197
3985851,167b07a0b51c49c2817a3a4203e57869,menu,,2022-05-21 19:15:51,0.043915
3986028,7e3da482a40b4a3aa0aafe07ebe704d2,menu,,2022-05-21 19:18:54,0.059955
3986164,7e3da482a40b4a3aa0aafe07ebe704d2,menu,,2022-05-21 19:21:17,0.051498
3986289,c8b24ff428154009adfecdfbe54acef0,menu,,2022-05-21 19:23:13,0.077554
3986362,7e3da482a40b4a3aa0aafe07ebe704d2,menu,,2022-05-21 19:24:17,0.063438
3986440,167b07a0b51c49c2817a3a4203e57869,basket,,2022-05-21 19:25:27,0.069196
3986496,167b07a0b51c49c2817a3a4203e57869,payment,1421499,2022-05-21 19:26:17,0.048641
3986703,4e13bfcbaa384cc0abbda4f22943a5e7,menu,,2022-05-21 19:29:27,0.076276
3986933,7e3da482a40b4a3aa0aafe07ebe704d2,basket,,2022-05-21 19:33:20,0.083444
3987196,7e3da482a40b4a3aa0aafe07ebe704d2,payment,1421581,2022-05-21 19:37:51,0.073119
3987705,4e13bfcbaa384cc0abbda4f22943a5e7,basket,,2022-05-21 19:46:50,0.057365
3987717,c6e04808ee804065958a82ade4f7db82,menu,,2022-05-21 19:47:02,0.067202
3987727,4e13bfcbaa384cc0abbda4f22943a5e7,menu,,2022-05-21 19:47:12,0.060943
3987736,c6e04808ee804065958a82ade4f7db82,menu,,2022-05-21 19:47:22,0.069971
3988202,c6e04808ee804065958a82ade4f7db82,menu,,2022-05-21 19:55:35,0.04918
3988218,d108b3689a9e4cafa314d2f960f62ba0,menu,,2022-05-21 19:55:52,0.072249
3988308,c6e04808ee804065958a82ade4f7db82,basket,,2022-05-21 19:57:45,0.065284
3988315,c6e04808ee804065958a82ade4f7db82,basket,,2022-05-21 19:57:53,0.071759
3988335,d108b3689a9e4cafa314d2f960f62ba0,menu,,2022-05-21 19:58:15,0.052136
3988337,d108b3689a9e4cafa314d2f960f62ba0,menu,,2022-05-21 19:58:16,0.075006
3988488,d108b3689a9e4cafa314d2f960f62ba0,menu,,2022-05-21 20:00:54,0.054061
3988497,c6e04808ee804065958a82ade4f7db82,menu,,2022-05-21 20:01:04,0.070583
3988500,c6e04808ee804065958a82ade4f7db82,payment,1421734,2022-05-21 20:01:07,0.066823
3988588,d108b3689a9e4cafa314d2f960f62ba0,menu,,2022-05-21 20:02:55,0.070561
3988701,d108b3689a9e4cafa314d2f960f62ba0,basket,,2022-05-21 20:04:57,0.064931
3988770,d108b3689a9e4cafa314d2f960f62ba0,menu,,2022-05-21 20:06:14,0.06608
3988781,d108b3689a9e4cafa314d2f960f62ba0,basket,,2022-05-21 20:06:25,0.076333
3988880,d108b3689a9e4cafa314d2f960f62ba0,payment,1421779,2022-05-21 20:08:08,0.082579
3989471,8f4b4d3875dd42dd880aef9f6ac09e79,menu,,2022-05-21 20:19:18,0.06159
3989536,8f4b4d3875dd42dd880aef9f6ac09e79,menu,,2022-05-21 20:20:40,0.076278
3989624,8f4b4d3875dd42dd880aef9f6ac09e79,menu,,2022-05-21 20:22:28,0.064015
3989666,8f4b4d3875dd42dd880aef9f6ac09e79,menu,,2022-05-21 20:23:10,0.089061
3989799,efba8b025435496f94045ae655eae16e,menu,,2022-05-21 20:25:25,0.069205
3990062,efba8b025435496f94045ae655eae16e,menu,,2022-05-21 20:30:22,0.060522
3990071,8f4b4d3875dd42dd880aef9f6ac09e79,menu,,2022-05-21 20:30:30,0.063156
3990160,4b291ebbd5d6441c9d2822e7f4eb49a8,menu,,2022-05-21 20:31:57,0.06552
3990172,650b87945f2240a89b7e90c582f6df26,menu,,2022-05-21 20:32:14,0.077022
3990255,8f4b4d3875dd42dd880aef9f6ac09e79,basket,,2022-05-21 20:33:52,0.078732
3990276,efba8b025435496f94045ae655eae16e,menu,,2022-05-21 20:34:15,0.073625
3990327,efba8b025435496f94045ae655eae16e,menu,,2022-05-21 20:35:15,0.076203
3990367,8f4b4d3875dd42dd880aef9f6ac09e79,basket,,2022-05-21 20:36:23,0.058552
3990430,fdec0427ae1540c8b3fd060f5f6b65e9,menu,,2022-05-21 20:37:42,0.076865
3990431,8f4b4d3875dd42dd880aef9f6ac09e79,payment,1421958,2022-05-21 20:37:46,0.086045
3990485,4b291ebbd5d6441c9d2822e7f4eb49a8,menu,,2022-05-21 20:38:44,0.066003
3990511,650b87945f2240a89b7e90c582f6df26,menu,,2022-05-21 20:39:16,0.09121
3990526,650b87945f2240a89b7e90c582f6df26,menu,,2022-05-21 20:39:23,0.067711
3990538,650b87945f2240a89b7e90c582f6df26,menu,,2022-05-21 20:39:33,0.067858
3990553,4b291ebbd5d6441c9d2822e7f4eb49a8,menu,,2022-05-21 20:39:49,0.091184
3990577,efba8b025435496f94045ae655eae16e,basket,,2022-05-21 20:40:14,0.070036
3990587,336e3c9ac0414fffb14a1542cb22d892,menu,,2022-05-21 20:40:28,0.065329
3990614,fdec0427ae1540c8b3fd060f5f6b65e9,menu,,2022-05-21 20:40:59,0.058626
3990637,9e90fe4f99eb4192b8f4b2fb128144b6,menu,,2022-05-21 20:41:25,0.071868
3990663,efba8b025435496f94045ae655eae16e,menu,,2022-05-21 20:41:55,0.072803
3990779,efba8b025435496f94045ae655eae16e,payment,1422012,2022-05-21 20:44:06,0.055079
3990808,efba8b025435496f94045ae655eae16e,menu,,2022-05-21 20:44:51,0.070558
3990835,9e90fe4f99eb4192b8f4b2fb128144b6,menu,,2022-05-21 20:45:19,0.06027
3990870,336e3c9ac0414fffb14a1542cb22d892,menu,,2022-05-21 20:45:58,0.061668
3990880,650b87945f2240a89b7e90c582f6df26,menu,,2022-05-21 20:46:16,0.082058
3990884,4b291ebbd5d6441c9d2822e7f4eb49a8,basket,,2022-05-21 20:46:20,0.077885
3990915,650b87945f2240a89b7e90c582f6df26,basket,,2022-05-21 20:46:59,0.052976
3990949,650b87945f2240a89b7e90c582f6df26,basket,,2022-05-21 20:47:48,0.052789
3990953,336e3c9ac0414fffb14a1542cb22d892,menu,,2022-05-21 20:47:57,0.086292
3991020,fdec0427ae1540c8b3fd060f5f6b65e9,menu,,2022-05-21 20:49:03,0.059965
3991104,4b291ebbd5d6441c9d2822e7f4eb49a8,menu,,2022-05-21 20:50:48,0.068928
3991110,650b87945f2240a89b7e90c582f6df26,payment,1422053,2022-05-21 20:50:52,0.058879
3991173,fdec0427ae1540c8b3fd060f5f6b65e9,basket,,2022-05-21 20:52:09,0.069982
3991188,fdec0427ae1540c8b3fd060f5f6b65e9,menu,,2022-05-21 20:52:34,0.075547
3991197,9e90fe4f99eb4192b8f4b2fb128144b6,menu,,2022-05-21 20:52:45,0.060972
3991241,9e90fe4f99eb4192b8f4b2fb128144b6,basket,,2022-05-21 20:53:42,0.064825
3991305,fdec0427ae1540c8b3fd060f5f6b65e9,menu,,2022-05-21 20:55:02,0.07713
3991332,fdec0427ae1540c8b3fd060f5f6b65e9,basket,,2022-05-21 20:55:32,0.07812
3991345,fdec0427ae1540c8b3fd060f5f6b65e9,payment,1422075,2022-05-21 20:55:48,0.084746
3991559,f696c5b17843496da1395b81ec5551fe,menu,,2022-05-21 21:00:44,0.04995
3991578,336e3c9ac0414fffb14a1542cb22d892,menu,,2022-05-21 21:01:08,0.078116
3991596,5c373926f8a74b5ca6f49d12389364ee,menu,,2022-05-21 21:01:23,0.070083
3991814,5c373926f8a74b5ca6f49d12389364ee,menu,,2022-05-21 21:06:32,0.056361
3991881,f696c5b17843496da1395b81ec5551fe,menu,,2022-05-21 21:08:24,0.079957
3992000,5c373926f8a74b5ca6f49d12389364ee,menu,,2022-05-21 21:11:25,0.081518
3992003,5c373926f8a74b5ca6f49d12389364ee,menu,,2022-05-21 21:11:34,0.071613
3992015,5c373926f8a74b5ca6f49d12389364ee,menu,,2022-05-21 21:11:54,0.072216
3992140,5c373926f8a74b5ca6f49d12389364ee,basket,,2022-05-21 21:14:45,0.058723
3992142,f696c5b17843496da1395b81ec5551fe,menu,,2022-05-21 21:14:51,0.081305
3992171,336e3c9ac0414fffb14a1542cb22d892,basket,,2022-05-21 21:15:38,0.077563
3992215,5c373926f8a74b5ca6f49d12389364ee,menu,,2022-05-21 21:16:34,0.058741
3992222,336e3c9ac0414fffb14a1542cb22d892,menu,,2022-05-21 21:16:43,0.079005
3992232,5c373926f8a74b5ca6f49d12389364ee,basket,,2022-05-21 21:16:56,0.072975
3992239,5c373926f8a74b5ca6f49d12389364ee,basket,,2022-05-21 21:17:12,0.061665
3992262,5c373926f8a74b5ca6f49d12389364ee,basket,,2022-05-21 21:17:52,0.072261
3992307,5c373926f8a74b5ca6f49d12389364ee,payment,1422197,2022-05-21 21:19:06,0.064305
3992310,336e3c9ac0414fffb14a1542cb22d892,menu,,2022-05-21 21:19:11,0.069549
3992315,df87e759659849329cd93a99444d2b85,menu,,2022-05-21 21:19:18,0.076537
3992349,336e3c9ac0414fffb14a1542cb22d892,payment,1422203,2022-05-21 21:20:08,0.073727
3992358,df87e759659849329cd93a99444d2b85,menu,,2022-05-21 21:20:21,0.06062
3992373,ab1c41974e30412ca179503ee37e8a2f,menu,,2022-05-21 21:20:35,0.076854
3992380,df87e759659849329cd93a99444d2b85,menu,,2022-05-21 21:20:52,0.088801
3992439,ab1c41974e30412ca179503ee37e8a2f,menu,,2022-05-21 21:22:34,0.067949
3992496,df87e759659849329cd93a99444d2b85,menu,,2022-05-21 21:24:15,0.074073
3992783,ab1c41974e30412ca179503ee37e8a2f,menu,,2022-05-21 21:32:18,0.073664
3992838,ab1c41974e30412ca179503ee37e8a2f,menu,,2022-05-21 21:34:03,0.074381
3992918,ab1c41974e30412ca179503ee37e8a2f,basket,,2022-05-21 21:35:45,0.043398
3992922,ab1c41974e30412ca179503ee37e8a2f,menu,,2022-05-21 21:35:52,0.055142
3993060,bdabbe58941443728beb1a5daf10f2ab,menu,,2022-05-21 21:39:16,0.053839
3993072,bdabbe58941443728beb1a5daf10f2ab,menu,,2022-05-21 21:39:33,0.051969
3993074,bdabbe58941443728beb1a5daf10f2ab,menu,,2022-05-21 21:39:35,0.072926
3993089,ab1c41974e30412ca179503ee37e8a2f,menu,,2022-05-21 21:40:01,0.062673
3993091,ab1c41974e30412ca179503ee37e8a2f,payment,1422289,2022-05-21 21:40:07,0.089777
3993099,204fa3c85d8f4021977948788b9f206f,menu,,2022-05-21 21:40:15,0.048546
3993122,204fa3c85d8f4021977948788b9f206f,menu,,2022-05-21 21:40:43,0.064817
3993176,c15b8ba2b2a942758c67b9794ffd146f,menu,,2022-05-21 21:42:40,0.047234
3993185,bdabbe58941443728beb1a5daf10f2ab,menu,,2022-05-21 21:42:53,0.057286
3993292,204fa3c85d8f4021977948788b9f206f,menu,,2022-05-21 21:47:04,0.080427
3993297,c15b8ba2b2a942758c67b9794ffd146f,menu,,2022-05-21 21:47:21,0.071744
3993338,c15b8ba2b2a942758c67b9794ffd146f,basket,,2022-05-21 21:48:27,0.082979
3993340,204fa3c85d8f4021977948788b9f206f,basket,,2022-05-21 21:48:35,0.07172
3993341,bdabbe58941443728beb1a5daf10f2ab,menu,,2022-05-21 21:48:40,0.077472
3993354,bdabbe58941443728beb1a5daf10f2ab,menu,,2022-05-21 21:49:15,0.086425
3993358,c15b8ba2b2a942758c67b9794ffd146f,basket,,2022-05-21 21:49:22,0.067124
3993400,204fa3c85d8f4021977948788b9f206f,menu,,2022-05-21 21:50:59,0.061613
3993422,c15b8ba2b2a942758c67b9794ffd146f,menu,,2022-05-21 21:52:10,0.065663
3993424,204fa3c85d8f4021977948788b9f206f,basket,,2022-05-21 21:52:13,0.063683
3993431,c15b8ba2b2a942758c67b9794ffd146f,payment,1422340,2022-05-21 21:52:24,0.043851
3993443,204fa3c85d8f4021977948788b9f206f,payment,1422343,2022-05-21 21:52:50,0.052426
3993454,204fa3c85d8f4021977948788b9f206f,menu,,2022-05-21 21:53:20,0.089203
3993546,bdabbe58941443728beb1a5daf10f2ab,basket,,2022-05-21 21:57:31,0.050218
3993558,bdabbe58941443728beb1a5daf10f2ab,payment,1422365,2022-05-21 21:58:02,0.060076
3993607,40a9eacc059346299e82951defba2ab0,menu,,2022-05-21 22:19:20,0.059429
3993644,40a9eacc059346299e82951defba2ab0,basket,,2022-05-21 22:33:24,0.060805
3993649,40a9eacc059346299e82951defba2ab0,menu,,2022-05-21 22:34:36,0.094674
3993653,40a9eacc059346299e82951defba2ab0,basket,,2022-05-21 22:36:38,0.065562
3993891,72cf995005c64e53836a18770d9a93d6,menu,,2022-05-22 5:27:41,0.067861
3993902,72cf995005c64e53836a18770d9a93d6,menu,,2022-05-22 5:34:20,0.075234
3993903,72cf995005c64e53836a18770d9a93d6,menu,,2022-05-22 5:34:24,0.084991
3993905,72cf995005c64e53836a18770d9a93d6,menu,,2022-05-22 5:37:19,0.065597
3993909,72cf995005c64e53836a18770d9a93d6,basket,,2022-05-22 5:38:41,0.049494
3993910,72cf995005c64e53836a18770d9a93d6,basket,,2022-05-22 5:39:40,0.064788
3994069,3c21a661e8584008bad220810b647951,menu,,2022-05-22 7:03:12,0.090486
3994088,3c21a661e8584008bad220810b647951,menu,,2022-05-22 7:11:25,0.080701
3994341,ab792aff93ea4676b62a5972dca89e36,menu,,2022-05-22 8:55:06,0.067596
3994356,ab792aff93ea4676b62a5972dca89e36,menu,,2022-05-22 9:00:07,0.096819
3994364,ab792aff93ea4676b62a5972dca89e36,menu,,2022-05-22 9:02:10,0.072931
3994396,7bb7432f39a046babf0fb4d861ffabf4,menu,,2022-05-22 9:10:47,0.076744
3994397,ab792aff93ea4676b62a5972dca89e36,basket,,2022-05-22 9:10:56,0.063582
3994402,319604cd09334563b696b177f6a17a87,menu,,2022-05-22 9:12:41,0.03857
3994403,319604cd09334563b696b177f6a17a87,menu,,2022-05-22 9:12:42,0.082613
3994406,ab792aff93ea4676b62a5972dca89e36,basket,,2022-05-22 9:13:40,0.060163
3994411,319604cd09334563b696b177f6a17a87,menu,,2022-05-22 9:14:53,0.069489
3994413,319604cd09334563b696b177f6a17a87,menu,,2022-05-22 9:15:46,0.056334
3994445,85aff15f1224471c92c339ca1d8d7ad1,menu,,2022-05-22 9:23:32,0.083004
3994462,85aff15f1224471c92c339ca1d8d7ad1,menu,,2022-05-22 9:26:53,0.071845
3994475,85aff15f1224471c92c339ca1d8d7ad1,menu,,2022-05-22 9:29:00,0.06241
3994493,7337480474074ceeb3986f209b8484af,menu,,2022-05-22 9:32:12,0.068894
3994511,7337480474074ceeb3986f209b8484af,menu,,2022-05-22 9:35:31,0.067095
3994516,85aff15f1224471c92c339ca1d8d7ad1,menu,,2022-05-22 9:36:08,0.055913
3994519,85aff15f1224471c92c339ca1d8d7ad1,basket,,2022-05-22 9:36:38,0.060217
3994521,4794dd591edf426e95050c237821a758,menu,,2022-05-22 9:36:49,0.057769
3994579,7337480474074ceeb3986f209b8484af,menu,,2022-05-22 9:46:10,0.079202
3994585,4794dd591edf426e95050c237821a758,basket,,2022-05-22 9:47:07,0.084569
3994586,4794dd591edf426e95050c237821a758,menu,,2022-05-22 9:47:12,0.097985
3994593,4794dd591edf426e95050c237821a758,menu,,2022-05-22 9:48:15,0.093339
3994619,8296f46876354f1bb6814b9a3e9bab85,menu,,2022-05-22 9:50:59,0.071733
3994672,8296f46876354f1bb6814b9a3e9bab85,menu,,2022-05-22 9:55:37,0.076064
3994747,8296f46876354f1bb6814b9a3e9bab85,basket,,2022-05-22 9:59:56,0.067307
3994795,8296f46876354f1bb6814b9a3e9bab85,menu,,2022-05-22 10:02:39,0.085284
3994829,8296f46876354f1bb6814b9a3e9bab85,basket,,2022-05-22 10:04:04,0.078628
3994848,8296f46876354f1bb6814b9a3e9bab85,menu,,2022-05-22 10:04:44,0.077431
3994986,e76daedfb6fe4b8690b3de3b766d7574,menu,,2022-05-22 10:09:59,0.058522
3995040,8ed4aaee3e85436abf82a1c9039bd173,menu,,2022-05-22 10:11:40,0.077841
3995115,8ed4aaee3e85436abf82a1c9039bd173,menu,,2022-05-22 10:15:01,0.076313
3995138,8ed4aaee3e85436abf82a1c9039bd173,menu,,2022-05-22 10:15:51,0.074616
3995140,8ed4aaee3e85436abf82a1c9039bd173,menu,,2022-05-22 10:15:56,0.07116
3995211,e76daedfb6fe4b8690b3de3b766d7574,basket,,2022-05-22 10:19:19,0.08234
3995215,8ed4aaee3e85436abf82a1c9039bd173,menu,,2022-05-22 10:19:25,0.077667
3995239,e76daedfb6fe4b8690b3de3b766d7574,basket,,2022-05-22 10:20:07,0
3995255,e76daedfb6fe4b8690b3de3b766d7574,menu,,2022-05-22 10:20:47,0.071687
3995335,8ed4aaee3e85436abf82a1c9039bd173,menu,,2022-05-22 10:23:22,0.051357
3995343,e76daedfb6fe4b8690b3de3b766d7574,menu,,2022-05-22 10:23:43,0.070454
3995346,e76daedfb6fe4b8690b3de3b766d7574,payment,1422420,2022-05-22 10:23:49,0.059191
3995374,8ed4aaee3e85436abf82a1c9039bd173,basket,,2022-05-22 10:24:44,0.074715
3995487,8ed4aaee3e85436abf82a1c9039bd173,payment,1422437,2022-05-22 10:29:07,0.054381
3995809,692d0353500b45f9be8e228a6178c66b,menu,,2022-05-22 10:39:48,0.073609
3995864,692d0353500b45f9be8e228a6178c66b,menu,,2022-05-22 10:41:27,0.061888
3996950,9386aaa8ff5d4ad682dc30e5c5118c97,menu,,2022-05-22 11:06:30,0.061187
3997001,9386aaa8ff5d4ad682dc30e5c5118c97,menu,,2022-05-22 11:07:18,0.084319
3997037,57952434afb74e7c90ed829b159bfaba,menu,,2022-05-22 11:07:57,0.062801
3997057,57952434afb74e7c90ed829b159bfaba,menu,,2022-05-22 11:08:28,0.059741
3997095,9386aaa8ff5d4ad682dc30e5c5118c97,menu,,2022-05-22 11:09:16,0.067402
3997108,9386aaa8ff5d4ad682dc30e5c5118c97,menu,,2022-05-22 11:09:34,0.080576
3997248,ac68236ae50f485a9808b85d52c8de0b,menu,,2022-05-22 11:12:11,0.081853
3997258,57952434afb74e7c90ed829b159bfaba,menu,,2022-05-22 11:12:22,0.080617
3997265,ac68236ae50f485a9808b85d52c8de0b,menu,,2022-05-22 11:12:26,0.076254
3997296,7a9957fb114748a98ed79a3731b65781,menu,,2022-05-22 11:13:01,0.070935
3997385,ac68236ae50f485a9808b85d52c8de0b,menu,,2022-05-22 11:14:37,0.076727
3997390,7a9957fb114748a98ed79a3731b65781,menu,,2022-05-22 11:14:38,0.084293
3997424,57952434afb74e7c90ed829b159bfaba,menu,,2022-05-22 11:15:21,0.054745
3997509,ac68236ae50f485a9808b85d52c8de0b,menu,,2022-05-22 11:16:47,0.104804
3997510,7a9957fb114748a98ed79a3731b65781,menu,,2022-05-22 11:16:49,0.065442
3997515,7a9957fb114748a98ed79a3731b65781,menu,,2022-05-22 11:16:56,0.077582
3997614,9386aaa8ff5d4ad682dc30e5c5118c97,basket,,2022-05-22 11:18:50,0.070094
3997625,9386aaa8ff5d4ad682dc30e5c5118c97,basket,,2022-05-22 11:18:58,0.072228
3997686,57952434afb74e7c90ed829b159bfaba,menu,,2022-05-22 11:20:09,0.071581
3997688,0fa9edc7f9d8410fb0c012d10ec99472,menu,,2022-05-22 11:20:13,0.070218
3997690,ac68236ae50f485a9808b85d52c8de0b,menu,,2022-05-22 11:20:14,0.071631
3997709,9386aaa8ff5d4ad682dc30e5c5118c97,menu,,2022-05-22 11:20:33,0.061237
3997732,7a9957fb114748a98ed79a3731b65781,menu,,2022-05-22 11:21:00,0.103505
3997750,dcb213eb9ec34f87b1d526d8d31c8dcb,menu,,2022-05-22 11:21:20,0.084516
3997755,9386aaa8ff5d4ad682dc30e5c5118c97,basket,,2022-05-22 11:21:24,0.081692
3997767,94e2739e2a744b9bb558a8487103011b,menu,,2022-05-22 11:21:45,0.084018
3997773,ac68236ae50f485a9808b85d52c8de0b,basket,,2022-05-22 11:21:51,0.074978
3997791,ac68236ae50f485a9808b85d52c8de0b,basket,,2022-05-22 11:22:09,0.073587
3997844,9386aaa8ff5d4ad682dc30e5c5118c97,payment,1422670,2022-05-22 11:23:09,0.077877
3997846,57952434afb74e7c90ed829b159bfaba,menu,,2022-05-22 11:23:09,0.080016
3997853,7a9957fb114748a98ed79a3731b65781,menu,,2022-05-22 11:23:14,0.057237
3997859,57952434afb74e7c90ed829b159bfaba,basket,,2022-05-22 11:23:19,0.072101
3997867,0fa9edc7f9d8410fb0c012d10ec99472,menu,,2022-05-22 11:23:26,0.065567
3997890,ac68236ae50f485a9808b85d52c8de0b,menu,,2022-05-22 11:23:51,0.08411
3997907,ac68236ae50f485a9808b85d52c8de0b,payment,1422674,2022-05-22 11:24:06,0.07551
3997962,94e2739e2a744b9bb558a8487103011b,menu,,2022-05-22 11:25:04,0.075976
3997979,94e2739e2a744b9bb558a8487103011b,menu,,2022-05-22 11:25:22,0.066533
3997981,94e2739e2a744b9bb558a8487103011b,menu,,2022-05-22 11:25:26,0.065363
3997997,0fa9edc7f9d8410fb0c012d10ec99472,menu,,2022-05-22 11:25:40,0.063687
3998047,dcb213eb9ec34f87b1d526d8d31c8dcb,basket,,2022-05-22 11:26:20,0.069602
3998067,dcb213eb9ec34f87b1d526d8d31c8dcb,menu,,2022-05-22 11:26:37,0.078311
3998068,57952434afb74e7c90ed829b159bfaba,basket,,2022-05-22 11:26:37,0.088097
3998070,e44242729aa9409abb015dd8d394c2d5,menu,,2022-05-22 11:26:39,0.062391
3998106,57952434afb74e7c90ed829b159bfaba,payment,1422695,2022-05-22 11:27:13,0.086532
3998163,dcb213eb9ec34f87b1d526d8d31c8dcb,menu,,2022-05-22 11:27:59,0.051031
3998202,7a9957fb114748a98ed79a3731b65781,basket,,2022-05-22 11:28:26,0.06828
3998205,dcb213eb9ec34f87b1d526d8d31c8dcb,basket,,2022-05-22 11:28:28,0.073399
3998220,0fa9edc7f9d8410fb0c012d10ec99472,menu,,2022-05-22 11:28:40,0.078628
3998227,7a9957fb114748a98ed79a3731b65781,basket,,2022-05-22 11:28:44,0.092716
3998243,879775034d9b4196bbe87162ae78d64f,menu,,2022-05-22 11:28:59,0.072312
3998252,e44242729aa9409abb015dd8d394c2d5,menu,,2022-05-22 11:29:04,0.0609
3998275,e44242729aa9409abb015dd8d394c2d5,menu,,2022-05-22 11:29:27,0.081678
3998283,7a9957fb114748a98ed79a3731b65781,payment,1422711,2022-05-22 11:29:35,0.095214
3998325,879775034d9b4196bbe87162ae78d64f,menu,,2022-05-22 11:30:10,0.070317
3998345,e44242729aa9409abb015dd8d394c2d5,menu,,2022-05-22 11:30:26,0.067758
3998462,94e2739e2a744b9bb558a8487103011b,menu,,2022-05-22 11:32:22,0.07985
3998488,94e2739e2a744b9bb558a8487103011b,basket,,2022-05-22 11:32:44,0.070323
3998502,0fa9edc7f9d8410fb0c012d10ec99472,menu,,2022-05-22 11:32:54,0.077091
3998688,94e2739e2a744b9bb558a8487103011b,payment,1422761,2022-05-22 11:35:35,0.084085
3998705,0fa9edc7f9d8410fb0c012d10ec99472,basket,,2022-05-22 11:35:48,0.080629
3998751,879775034d9b4196bbe87162ae78d64f,menu,,2022-05-22 11:36:33,0.074801
3998806,0fa9edc7f9d8410fb0c012d10ec99472,basket,,2022-05-22 11:37:39,0.074241
3998815,0fa9edc7f9d8410fb0c012d10ec99472,menu,,2022-05-22 11:37:47,0.088209
3998817,e44242729aa9409abb015dd8d394c2d5,menu,,2022-05-22 11:37:47,0.069683
3998844,e44242729aa9409abb015dd8d394c2d5,basket,,2022-05-22 11:38:10,0.064691
3998875,e44242729aa9409abb015dd8d394c2d5,menu,,2022-05-22 11:38:37,0.050734
3998944,0fa9edc7f9d8410fb0c012d10ec99472,payment,1422788,2022-05-22 11:39:35,0.069965
3999027,8c68aa23b37d4925abf5ff5900fd658e,menu,,2022-05-22 11:40:45,0.059092
3999034,879775034d9b4196bbe87162ae78d64f,menu,,2022-05-22 11:40:50,0.068886
3999135,e44242729aa9409abb015dd8d394c2d5,payment,1422811,2022-05-22 11:42:06,0.073302
3999161,879775034d9b4196bbe87162ae78d64f,basket,,2022-05-22 11:42:32,0.065218
3999209,879775034d9b4196bbe87162ae78d64f,basket,,2022-05-22 11:43:13,0.052269
3999259,879775034d9b4196bbe87162ae78d64f,basket,,2022-05-22 11:43:59,0.067499
3999305,14d9d693a5514cc4b17750366acdc03b,menu,,2022-05-22 11:44:38,0.084644
3999480,879775034d9b4196bbe87162ae78d64f,menu,,2022-05-22 11:47:12,0.049558
3999482,879775034d9b4196bbe87162ae78d64f,payment,1422849,2022-05-22 11:47:12,0.089976
3999546,8c68aa23b37d4925abf5ff5900fd658e,menu,,2022-05-22 11:48:22,0.044146
3999555,8c68aa23b37d4925abf5ff5900fd658e,menu,,2022-05-22 11:48:34,0.072192
3999584,8c68aa23b37d4925abf5ff5900fd658e,menu,,2022-05-22 11:49:08,0.068645
3999661,8c68aa23b37d4925abf5ff5900fd658e,menu,,2022-05-22 11:50:07,0.08795
3999729,8c68aa23b37d4925abf5ff5900fd658e,menu,,2022-05-22 11:51:13,0.064729
3999732,770745e617c249cca4a88fa279d171d4,menu,,2022-05-22 11:51:15,0.092387
3999824,8c68aa23b37d4925abf5ff5900fd658e,menu,,2022-05-22 11:52:41,0.060119
3999863,770745e617c249cca4a88fa279d171d4,menu,,2022-05-22 11:53:14,0.04863
4000046,8c68aa23b37d4925abf5ff5900fd658e,basket,,2022-05-22 11:56:12,0.051754
4000166,8c68aa23b37d4925abf5ff5900fd658e,payment,1422931,2022-05-22 11:57:56,0.084366
4000178,770745e617c249cca4a88fa279d171d4,menu,,2022-05-22 11:58:05,0.08421
4000481,770745e617c249cca4a88fa279d171d4,basket,,2022-05-22 12:02:36,0.06353
4000525,770745e617c249cca4a88fa279d171d4,menu,,2022-05-22 12:03:11,0.052499
4000567,770745e617c249cca4a88fa279d171d4,basket,,2022-05-22 12:03:55,0.064936
4000715,770745e617c249cca4a88fa279d171d4,payment,1422992,2022-05-22 12:06:19,0.071261
4001023,0bc282cc517843c0856bea73279aa68d,menu,,2022-05-22 12:11:03,0.05902
4001256,0bc282cc517843c0856bea73279aa68d,menu,,2022-05-22 12:14:06,0.059896
4001330,0bc282cc517843c0856bea73279aa68d,menu,,2022-05-22 12:14:57,0.064705
4001598,0bc282cc517843c0856bea73279aa68d,menu,,2022-05-22 12:19:25,0.089246
4001640,a44aff04eb0643e9be9ae61a554c51fa,menu,,2022-05-22 12:19:57,0.063352
4001643,a44aff04eb0643e9be9ae61a554c51fa,menu,,2022-05-22 12:19:58,0.093275
4001649,0bc282cc517843c0856bea73279aa68d,menu,,2022-05-22 12:20:02,0.061374
4001749,ce7174f8f2c34f5baf75dfd4496876df,menu,,2022-05-22 12:21:26,0.090852
4001841,a44aff04eb0643e9be9ae61a554c51fa,menu,,2022-05-22 12:22:29,0.082995
4001915,0bc282cc517843c0856bea73279aa68d,menu,,2022-05-22 12:23:33,0.066297
4001982,0bc282cc517843c0856bea73279aa68d,menu,,2022-05-22 12:24:26,0.09307
4001998,0bc282cc517843c0856bea73279aa68d,basket,,2022-05-22 12:24:37,0.061627
4002100,0bc282cc517843c0856bea73279aa68d,payment,1423147,2022-05-22 12:26:02,0.078307
4002210,6bc16227eb52471a8cc3180f32c06b0d,menu,,2022-05-22 12:27:41,0.070114
4002439,a44aff04eb0643e9be9ae61a554c51fa,basket,,2022-05-22 12:31:25,0.054001
4002443,6bc16227eb52471a8cc3180f32c06b0d,menu,,2022-05-22 12:31:29,0.06734
4002509,a44aff04eb0643e9be9ae61a554c51fa,basket,,2022-05-22 12:32:33,0.060332
4002575,ce7174f8f2c34f5baf75dfd4496876df,basket,,2022-05-22 12:33:22,0.080684
4002592,a44aff04eb0643e9be9ae61a554c51fa,basket,,2022-05-22 12:33:30,0.061023
4002632,a44aff04eb0643e9be9ae61a554c51fa,basket,,2022-05-22 12:33:58,0.065458
4002662,6bc16227eb52471a8cc3180f32c06b0d,menu,,2022-05-22 12:34:16,0.087226
4002769,a44aff04eb0643e9be9ae61a554c51fa,payment,1423213,2022-05-22 12:35:43,0.073176
4002805,ce7174f8f2c34f5baf75dfd4496876df,menu,,2022-05-22 12:36:09,0.065396
4002828,a44aff04eb0643e9be9ae61a554c51fa,menu,,2022-05-22 12:36:25,0.061189
4002831,a44aff04eb0643e9be9ae61a554c51fa,menu,,2022-05-22 12:36:28,0.067846
4002839,fe8adeab9dbc42b7b2f55cb9f351d742,menu,,2022-05-22 12:36:36,0.062524
4002903,fe8adeab9dbc42b7b2f55cb9f351d742,menu,,2022-05-22 12:37:26,0.07279
4002908,fe8adeab9dbc42b7b2f55cb9f351d742,basket,,2022-05-22 12:37:28,0.0659
4002921,fe8adeab9dbc42b7b2f55cb9f351d742,basket,,2022-05-22 12:37:36,0.086904
4003204,ed36ba4882734694bc3b7046e3df4507,menu,,2022-05-22 12:41:38,0.073166
4003241,2b8298cbcb8d4de4a7f61e65849615a9,menu,,2022-05-22 12:42:00,0.086756
4003254,fe8adeab9dbc42b7b2f55cb9f351d742,payment,1423262,2022-05-22 12:42:09,0.070274
4003294,6bc16227eb52471a8cc3180f32c06b0d,basket,,2022-05-22 12:42:34,0.078035
4003335,6bc16227eb52471a8cc3180f32c06b0d,menu,,2022-05-22 12:43:00,0.068071
4003411,2b8298cbcb8d4de4a7f61e65849615a9,menu,,2022-05-22 12:43:57,0.06804
4003435,ed36ba4882734694bc3b7046e3df4507,menu,,2022-05-22 12:44:17,0.071302
4003464,6bc16227eb52471a8cc3180f32c06b0d,payment,1423294,2022-05-22 12:44:42,0.083173
4003468,063cfcbf8512453eaceb89115039fae9,menu,,2022-05-22 12:44:46,0.080196
4003521,673a552c102c49c4871727e454f060bd,menu,,2022-05-22 12:45:46,0.078428
4003522,673a552c102c49c4871727e454f060bd,menu,,2022-05-22 12:45:47,0.048099
4003533,0dd3d8e82d604ab88aa1d097821641c8,menu,,2022-05-22 12:46:00,0.070337
4003554,2b8298cbcb8d4de4a7f61e65849615a9,menu,,2022-05-22 12:46:18,0.095325
4003628,673a552c102c49c4871727e454f060bd,menu,,2022-05-22 12:47:23,0.068427
4003751,68ee220314744067a20636abd9d84fab,menu,,2022-05-22 12:49:08,0.061611
4003807,0814f522a15447fe8724815a4b545acc,menu,,2022-05-22 12:50:00,0.072544
4003855,0814f522a15447fe8724815a4b545acc,menu,,2022-05-22 12:50:35,0.061275
4003928,c7258a808b2b443a88687e347b54c3af,menu,,2022-05-22 12:51:21,0.067898
4003987,c7258a808b2b443a88687e347b54c3af,menu,,2022-05-22 12:52:09,0.088415
4004018,063cfcbf8512453eaceb89115039fae9,menu,,2022-05-22 12:52:35,0.085393
4004047,ed36ba4882734694bc3b7046e3df4507,menu,,2022-05-22 12:52:52,0.088075
4004056,063cfcbf8512453eaceb89115039fae9,menu,,2022-05-22 12:52:58,0.07285
4004159,12d4b0a8275d4410a70b2156c359f158,menu,,2022-05-22 12:54:10,0.068131
4004183,ed36ba4882734694bc3b7046e3df4507,menu,,2022-05-22 12:54:28,0.097601
4004186,0814f522a15447fe8724815a4b545acc,basket,,2022-05-22 12:54:32,0.084305
4004264,ed36ba4882734694bc3b7046e3df4507,basket,,2022-05-22 12:55:36,0.056836
4004288,0dd3d8e82d604ab88aa1d097821641c8,menu,,2022-05-22 12:55:55,0.048294
4004314,0814f522a15447fe8724815a4b545acc,basket,,2022-05-22 12:56:12,0.050777
4004413,c7258a808b2b443a88687e347b54c3af,menu,,2022-05-22 12:57:32,0.055117
4004420,ed36ba4882734694bc3b7046e3df4507,menu,,2022-05-22 12:57:36,0.052514
4004464,673a552c102c49c4871727e454f060bd,menu,,2022-05-22 12:58:05,0
4004470,0814f522a15447fe8724815a4b545acc,menu,,2022-05-22 12:58:11,0.076796
4004473,12d4b0a8275d4410a70b2156c359f158,menu,,2022-05-22 12:58:13,0.069606
4004499,063cfcbf8512453eaceb89115039fae9,basket,,2022-05-22 12:58:29,0.08567
4004535,0814f522a15447fe8724815a4b545acc,payment,1423405,2022-05-22 12:58:55,0.072856
4004542,063cfcbf8512453eaceb89115039fae9,payment,1423409,2022-05-22 12:58:57,0.078159
4004550,673a552c102c49c4871727e454f060bd,basket,,2022-05-22 12:59:05,0.06708
4004562,2b8298cbcb8d4de4a7f61e65849615a9,basket,,2022-05-22 12:59:15,0.077012
4004584,2b8298cbcb8d4de4a7f61e65849615a9,basket,,2022-05-22 12:59:34,0.086038
4004588,0dd3d8e82d604ab88aa1d097821641c8,menu,,2022-05-22 12:59:36,0.054459
4004591,0814f522a15447fe8724815a4b545acc,menu,,2022-05-22 12:59:37,0.067214
4004621,ed36ba4882734694bc3b7046e3df4507,payment,1423417,2022-05-22 13:00:08,0.061564
4004633,673a552c102c49c4871727e454f060bd,basket,,2022-05-22 13:00:20,0.078244
4004645,673a552c102c49c4871727e454f060bd,menu,,2022-05-22 13:00:28,0.06221
4004677,2b8298cbcb8d4de4a7f61e65849615a9,payment,1423424,2022-05-22 13:00:51,0.079371
4004719,673a552c102c49c4871727e454f060bd,basket,,2022-05-22 13:01:20,0.073766
4004745,0dd3d8e82d604ab88aa1d097821641c8,basket,,2022-05-22 13:01:39,0.079159
4004756,0dd3d8e82d604ab88aa1d097821641c8,basket,,2022-05-22 13:01:51,0.059381
4004762,c7258a808b2b443a88687e347b54c3af,basket,,2022-05-22 13:01:53,0.048704
4004870,12d4b0a8275d4410a70b2156c359f158,menu,,2022-05-22 13:03:02,0.083833
4004886,c7258a808b2b443a88687e347b54c3af,menu,,2022-05-22 13:03:14,0.085716
4004909,0dd3d8e82d604ab88aa1d097821641c8,menu,,2022-05-22 13:03:32,0.088323
4004933,0dd3d8e82d604ab88aa1d097821641c8,payment,1423450,2022-05-22 13:03:53,0.087099
4004997,c7258a808b2b443a88687e347b54c3af,payment,1423455,2022-05-22 13:04:57,0.079571
4005239,68ee220314744067a20636abd9d84fab,basket,,2022-05-22 13:08:08,0.089857
4005263,1ba1ad32ddf44828ad2f0520ea32ef2b,menu,,2022-05-22 13:08:27,0.081212
4005339,1ba1ad32ddf44828ad2f0520ea32ef2b,menu,,2022-05-22 13:09:19,0.039953
4005375,12d4b0a8275d4410a70b2156c359f158,menu,,2022-05-22 13:09:41,0.067535
4005447,12d4b0a8275d4410a70b2156c359f158,menu,,2022-05-22 13:10:35,0.065327
4005494,12d4b0a8275d4410a70b2156c359f158,basket,,2022-05-22 13:11:12,0.072528
4005510,f4e503e57bde4cf28852090963889874,menu,,2022-05-22 13:11:21,0.08205
4005591,12d4b0a8275d4410a70b2156c359f158,menu,,2022-05-22 13:12:27,0.072683
4005596,f4e503e57bde4cf28852090963889874,menu,,2022-05-22 13:12:30,0.063839
4005607,12d4b0a8275d4410a70b2156c359f158,basket,,2022-05-22 13:12:42,0.044799
4005614,472eae9213d64bacb321fade64b577f9,menu,,2022-05-22 13:12:47,0.08801
4005631,12d4b0a8275d4410a70b2156c359f158,payment,1423526,2022-05-22 13:12:58,0.064203
4005644,1ba1ad32ddf44828ad2f0520ea32ef2b,menu,,2022-05-22 13:13:08,0.078349
4005827,27046aa870c548a791abac05d3bd2481,menu,,2022-05-22 13:15:03,0.098776
4005921,27046aa870c548a791abac05d3bd2481,menu,,2022-05-22 13:16:11,0.07039
4005934,1ba1ad32ddf44828ad2f0520ea32ef2b,menu,,2022-05-22 13:16:20,0.087168
4006024,f4e503e57bde4cf28852090963889874,menu,,2022-05-22 13:17:20,0.094441
4006234,472eae9213d64bacb321fade64b577f9,menu,,2022-05-22 13:19:45,0.083627
4006357,fe0722048bc5483a9b4db5c10c25a28b,menu,,2022-05-22 13:21:16,0.042076
4006504,1ba1ad32ddf44828ad2f0520ea32ef2b,basket,,2022-05-22 13:22:57,0.043734
4006531,472eae9213d64bacb321fade64b577f9,menu,,2022-05-22 13:23:14,0.056098
4006554,f4e503e57bde4cf28852090963889874,basket,,2022-05-22 13:23:32,0.075043
4006588,472eae9213d64bacb321fade64b577f9,menu,,2022-05-22 13:23:58,0.068181
4006602,472eae9213d64bacb321fade64b577f9,menu,,2022-05-22 13:24:10,0.068962
4006652,27046aa870c548a791abac05d3bd2481,menu,,2022-05-22 13:25:00,0.070596
4006678,27046aa870c548a791abac05d3bd2481,menu,,2022-05-22 13:25:19,0.071817
4006683,f4e503e57bde4cf28852090963889874,menu,,2022-05-22 13:25:21,0.076639
4006690,f4e503e57bde4cf28852090963889874,basket,,2022-05-22 13:25:25,0.091719
4006697,f4e503e57bde4cf28852090963889874,basket,,2022-05-22 13:25:30,0.032059
4006771,bf22150bfdac4c6aad662e9a26986445,menu,,2022-05-22 13:26:22,0.076741
4006807,f4e503e57bde4cf28852090963889874,payment,1423649,2022-05-22 13:26:45,0.06841
4006809,1ba1ad32ddf44828ad2f0520ea32ef2b,payment,1423650,2022-05-22 13:26:47,0.059243
4006814,472eae9213d64bacb321fade64b577f9,menu,,2022-05-22 13:26:53,0.070527
4006826,472eae9213d64bacb321fade64b577f9,menu,,2022-05-22 13:26:59,0.059111
4006828,f4e503e57bde4cf28852090963889874,menu,,2022-05-22 13:27:00,0.061219
4006842,fe0722048bc5483a9b4db5c10c25a28b,menu,,2022-05-22 13:27:11,0.07211
4006862,27046aa870c548a791abac05d3bd2481,menu,,2022-05-22 13:27:23,0.09822
4006966,80c1a54a395a4a48a2dd86e44a73243b,menu,,2022-05-22 13:28:41,0.053121
4006971,472eae9213d64bacb321fade64b577f9,basket,,2022-05-22 13:28:44,0.079805
4006999,fe0722048bc5483a9b4db5c10c25a28b,menu,,2022-05-22 13:29:00,0.077096
4007031,472eae9213d64bacb321fade64b577f9,basket,,2022-05-22 13:29:18,0.062541
4007070,c350e7c910b04ecb8e0dc211540d791d,menu,,2022-05-22 13:29:35,0.065346
4007091,27046aa870c548a791abac05d3bd2481,basket,,2022-05-22 13:29:48,0.063258
4007103,27046aa870c548a791abac05d3bd2481,basket,,2022-05-22 13:29:56,0.089727
4007115,50bf819b33bc47dab6a34dc5d6c83ae6,menu,,2022-05-22 13:29:59,0.071501
4007143,fe0722048bc5483a9b4db5c10c25a28b,menu,,2022-05-22 13:30:18,0.065915
4007160,27046aa870c548a791abac05d3bd2481,payment,1423685,2022-05-22 13:30:34,0.078096
4007322,472eae9213d64bacb321fade64b577f9,payment,1423699,2022-05-22 13:32:11,0.072604
4007400,e4dbc2692fd84003a2b9c957fb90ff93,menu,,2022-05-22 13:32:58,0.075879
4007403,e4dbc2692fd84003a2b9c957fb90ff93,menu,,2022-05-22 13:33:00,0.051627
4007489,bf22150bfdac4c6aad662e9a26986445,menu,,2022-05-22 13:34:07,0.078016
4007565,c350e7c910b04ecb8e0dc211540d791d,menu,,2022-05-22 13:35:20,0.079642
4007633,bffd1ccae96140499295cd100bb9d0c9,menu,,2022-05-22 13:36:15,0.066529
4007721,fe0722048bc5483a9b4db5c10c25a28b,basket,,2022-05-22 13:37:35,0.091247
4007723,28dadb334d53454ca431d70d8fca0446,menu,,2022-05-22 13:37:35,0.05675
4007783,c350e7c910b04ecb8e0dc211540d791d,basket,,2022-05-22 13:38:28,0.077418
4007785,bffd1ccae96140499295cd100bb9d0c9,menu,,2022-05-22 13:38:31,0.090571
4007795,c350e7c910b04ecb8e0dc211540d791d,basket,,2022-05-22 13:38:43,0.068004
4007821,28dadb334d53454ca431d70d8fca0446,menu,,2022-05-22 13:39:07,0.069713
4007841,fe0722048bc5483a9b4db5c10c25a28b,menu,,2022-05-22 13:39:27,0.058072
4007854,bffd1ccae96140499295cd100bb9d0c9,menu,,2022-05-22 13:39:37,0.062929
4007855,bffd1ccae96140499295cd100bb9d0c9,menu,,2022-05-22 13:39:38,0.059729
4007882,fe0722048bc5483a9b4db5c10c25a28b,menu,,2022-05-22 13:39:59,0.083917
4007900,fe0722048bc5483a9b4db5c10c25a28b,payment,1423778,2022-05-22 13:40:12,0.057979
4007919,e4dbc2692fd84003a2b9c957fb90ff93,menu,,2022-05-22 13:40:27,0.074175
4007996,80c1a54a395a4a48a2dd86e44a73243b,menu,,2022-05-22 13:41:23,0.070856
4008042,bffd1ccae96140499295cd100bb9d0c9,menu,,2022-05-22 13:42:05,0.069848
4008067,bffd1ccae96140499295cd100bb9d0c9,basket,,2022-05-22 13:42:27,0.079119
4008100,c350e7c910b04ecb8e0dc211540d791d,menu,,2022-05-22 13:42:48,0.065773
4008114,50bf819b33bc47dab6a34dc5d6c83ae6,menu,,2022-05-22 13:43:00,0.060153
4008232,bffd1ccae96140499295cd100bb9d0c9,basket,,2022-05-22 13:44:12,0.068006
4008249,80c1a54a395a4a48a2dd86e44a73243b,basket,,2022-05-22 13:44:22,0.073418
4008282,50bf819b33bc47dab6a34dc5d6c83ae6,basket,,2022-05-22 13:44:46,0.073251
4008325,ffa422a8702647e6b2f6d88fedf5f3e9,menu,,2022-05-22 13:45:16,0.077368
4008347,50bf819b33bc47dab6a34dc5d6c83ae6,menu,,2022-05-22 13:45:37,0.086423
4008369,ffa422a8702647e6b2f6d88fedf5f3e9,menu,,2022-05-22 13:45:56,0.071536
4008372,bffd1ccae96140499295cd100bb9d0c9,menu,,2022-05-22 13:45:59,0.104466
4008396,ffa422a8702647e6b2f6d88fedf5f3e9,menu,,2022-05-22 13:46:17,0.072503
4008404,28dadb334d53454ca431d70d8fca0446,menu,,2022-05-22 13:46:20,0.072729
4008448,bffd1ccae96140499295cd100bb9d0c9,payment,1423834,2022-05-22 13:46:49,0.073326
4008459,50bf819b33bc47dab6a34dc5d6c83ae6,payment,1423838,2022-05-22 13:46:56,0.064072
4008461,ffa422a8702647e6b2f6d88fedf5f3e9,menu,,2022-05-22 13:47:00,0.089215
4008470,80c1a54a395a4a48a2dd86e44a73243b,basket,,2022-05-22 13:47:06,0.083735
4008511,ffa422a8702647e6b2f6d88fedf5f3e9,menu,,2022-05-22 13:47:35,0.060465
4008581,80c1a54a395a4a48a2dd86e44a73243b,payment,1423849,2022-05-22 13:48:19,0.076228
4008585,ffa422a8702647e6b2f6d88fedf5f3e9,basket,,2022-05-22 13:48:21,0.08379
4008694,e4dbc2692fd84003a2b9c957fb90ff93,basket,,2022-05-22 13:49:55,0.046836
4008698,e4dbc2692fd84003a2b9c957fb90ff93,basket,,2022-05-22 13:50:01,0.073729
4008762,ffa422a8702647e6b2f6d88fedf5f3e9,basket,,2022-05-22 13:50:47,0.076344
4008818,ffa422a8702647e6b2f6d88fedf5f3e9,payment,1423883,2022-05-22 13:51:27,0.0681
4008861,e4dbc2692fd84003a2b9c957fb90ff93,menu,,2022-05-22 13:52:03,0.071943
4008862,e4dbc2692fd84003a2b9c957fb90ff93,payment,1423890,2022-05-22 13:52:05,0.06936
4008899,28dadb334d53454ca431d70d8fca0446,menu,,2022-05-22 13:52:35,0.050229
4008976,28dadb334d53454ca431d70d8fca0446,basket,,2022-05-22 13:53:42,0.079983
4009086,28dadb334d53454ca431d70d8fca0446,menu,,2022-05-22 13:55:08,0.064395
4009137,28dadb334d53454ca431d70d8fca0446,basket,,2022-05-22 13:55:43,0.061452
4009180,3c30f6d6dae34e19a63cf258ea59f10d,menu,,2022-05-22 13:56:19,0.085587
4009198,4836416c578345179efeb926e50db2be,menu,,2022-05-22 13:56:33,0.077035
4009221,b39c94ecd4e6467cb731dbcdc69d7e2a,menu,,2022-05-22 13:56:50,0.077011
4009257,28dadb334d53454ca431d70d8fca0446,payment,1423925,2022-05-22 13:57:09,0.097752
4009346,b39c94ecd4e6467cb731dbcdc69d7e2a,menu,,2022-05-22 13:58:23,0.081576
4009547,b39c94ecd4e6467cb731dbcdc69d7e2a,menu,,2022-05-22 14:00:41,0.0563
4009587,4836416c578345179efeb926e50db2be,menu,,2022-05-22 14:01:10,0.070653
4009593,4836416c578345179efeb926e50db2be,menu,,2022-05-22 14:01:12,0.070997
4009608,3c30f6d6dae34e19a63cf258ea59f10d,menu,,2022-05-22 14:01:23,0.077398
4009738,3c30f6d6dae34e19a63cf258ea59f10d,menu,,2022-05-22 14:03:07,0.091902
4009742,f01439e3fece4dacab2474b3a3fca524,menu,,2022-05-22 14:03:09,0.067309
4009792,b39c94ecd4e6467cb731dbcdc69d7e2a,menu,,2022-05-22 14:03:48,0.037703
4009797,f01439e3fece4dacab2474b3a3fca524,menu,,2022-05-22 14:03:54,0.047705
4009873,3c30f6d6dae34e19a63cf258ea59f10d,menu,,2022-05-22 14:04:53,0.057464
4009953,b39c94ecd4e6467cb731dbcdc69d7e2a,menu,,2022-05-22 14:06:01,0.08116
4010049,3c30f6d6dae34e19a63cf258ea59f10d,menu,,2022-05-22 14:07:12,0.084893
4010060,3c30f6d6dae34e19a63cf258ea59f10d,basket,,2022-05-22 14:07:23,0.052
4010082,3c30f6d6dae34e19a63cf258ea59f10d,basket,,2022-05-22 14:07:40,0.05799
4010124,3c30f6d6dae34e19a63cf258ea59f10d,payment,1424027,2022-05-22 14:08:14,0.056319
4010140,3c30f6d6dae34e19a63cf258ea59f10d,menu,,2022-05-22 14:08:26,0.068997
4010197,4836416c578345179efeb926e50db2be,basket,,2022-05-22 14:09:16,0.067784
4010235,4836416c578345179efeb926e50db2be,menu,,2022-05-22 14:09:41,0.077515
4010289,4836416c578345179efeb926e50db2be,payment,1424039,2022-05-22 14:10:19,0.075385
4010317,4836416c578345179efeb926e50db2be,menu,,2022-05-22 14:10:42,0.074736
4010351,f01439e3fece4dacab2474b3a3fca524,menu,,2022-05-22 14:11:07,0.078565
4010440,b39c94ecd4e6467cb731dbcdc69d7e2a,basket,,2022-05-22 14:12:12,0.0688
4010556,b39c94ecd4e6467cb731dbcdc69d7e2a,menu,,2022-05-22 14:13:32,0.058228
4010562,f01439e3fece4dacab2474b3a3fca524,menu,,2022-05-22 14:13:37,0.064281
4010575,ebdcdbe6d3d7466697a06b3746b89d05,menu,,2022-05-22 14:13:44,0.060164
4010586,b39c94ecd4e6467cb731dbcdc69d7e2a,basket,,2022-05-22 14:13:56,0.058678
4010647,b39c94ecd4e6467cb731dbcdc69d7e2a,menu,,2022-05-22 14:14:35,0.061791
4010681,f01439e3fece4dacab2474b3a3fca524,basket,,2022-05-22 14:15:01,0.048254
4010696,ebdcdbe6d3d7466697a06b3746b89d05,menu,,2022-05-22 14:15:16,0.076018
4010716,9ab394521a1947a3a5dbbe73790b0f28,menu,,2022-05-22 14:15:25,0.083116
4010744,b39c94ecd4e6467cb731dbcdc69d7e2a,basket,,2022-05-22 14:15:40,0.073831
4010751,f01439e3fece4dacab2474b3a3fca524,menu,,2022-05-22 14:15:49,0.083233
4010793,b39c94ecd4e6467cb731dbcdc69d7e2a,payment,1424098,2022-05-22 14:16:20,0.068458
4010816,f01439e3fece4dacab2474b3a3fca524,menu,,2022-05-22 14:16:38,0.06963
4010842,aabd171fbd18498ea95e0c376bfda406,menu,,2022-05-22 14:16:53,0.061223
4010851,b39c94ecd4e6467cb731dbcdc69d7e2a,menu,,2022-05-22 14:17:01,0.056112
4010855,f01439e3fece4dacab2474b3a3fca524,basket,,2022-05-22 14:17:05,0.06966
4010862,9ab394521a1947a3a5dbbe73790b0f28,menu,,2022-05-22 14:17:08,0.066964
4010903,aabd171fbd18498ea95e0c376bfda406,menu,,2022-05-22 14:17:33,0.048004
4010914,202e883bef34437eb5a4f607cd7d8416,menu,,2022-05-22 14:17:40,0.067088
4011022,f01439e3fece4dacab2474b3a3fca524,payment,1424118,2022-05-22 14:18:58,0.0936
4011078,ebdcdbe6d3d7466697a06b3746b89d05,menu,,2022-05-22 14:19:23,0.077858
4011091,aabd171fbd18498ea95e0c376bfda406,menu,,2022-05-22 14:19:35,0.074453
4011095,ebdcdbe6d3d7466697a06b3746b89d05,menu,,2022-05-22 14:19:39,0.077284
4011259,9ab394521a1947a3a5dbbe73790b0f28,menu,,2022-05-22 14:21:30,0.058812
4011444,202e883bef34437eb5a4f607cd7d8416,menu,,2022-05-22 14:23:24,0.058772
4011803,ebdcdbe6d3d7466697a06b3746b89d05,menu,,2022-05-22 14:27:23,0.063065
4011847,aabd171fbd18498ea95e0c376bfda406,menu,,2022-05-22 14:27:56,0.069418
4011898,9ab394521a1947a3a5dbbe73790b0f28,menu,,2022-05-22 14:28:31,0.078965
4011905,ebdcdbe6d3d7466697a06b3746b89d05,menu,,2022-05-22 14:28:34,0.069606
4011907,202e883bef34437eb5a4f607cd7d8416,menu,,2022-05-22 14:28:34,0.058475
4011984,ebdcdbe6d3d7466697a06b3746b89d05,basket,,2022-05-22 14:29:18,0.074723
4011985,ebdcdbe6d3d7466697a06b3746b89d05,basket,,2022-05-22 14:29:18,0.073211
4012015,9ab394521a1947a3a5dbbe73790b0f28,basket,,2022-05-22 14:29:39,0.064686
4012033,9ab394521a1947a3a5dbbe73790b0f28,basket,,2022-05-22 14:29:49,0.080147
4012057,aabd171fbd18498ea95e0c376bfda406,menu,,2022-05-22 14:30:05,0.060669
4012136,ebdcdbe6d3d7466697a06b3746b89d05,payment,1424240,2022-05-22 14:30:56,0.058511
4012145,f7581b0eb7334c4cb70688fcf39d7ec4,menu,,2022-05-22 14:31:04,0.07761
4012150,9ab394521a1947a3a5dbbe73790b0f28,menu,,2022-05-22 14:31:07,0.064742
4012181,9ab394521a1947a3a5dbbe73790b0f28,menu,,2022-05-22 14:31:31,0.083511
4012182,9ab394521a1947a3a5dbbe73790b0f28,payment,1424252,2022-05-22 14:31:32,0.058438
4012192,aabd171fbd18498ea95e0c376bfda406,basket,,2022-05-22 14:31:40,0.083993
4012334,202e883bef34437eb5a4f607cd7d8416,basket,,2022-05-22 14:33:39,0.071311
4012378,202e883bef34437eb5a4f607cd7d8416,menu,,2022-05-22 14:34:19,0.05735
4012411,aabd171fbd18498ea95e0c376bfda406,payment,1424282,2022-05-22 14:34:44,0.067401
4012565,202e883bef34437eb5a4f607cd7d8416,payment,1424303,2022-05-22 14:36:38,0.097574
4012588,f7581b0eb7334c4cb70688fcf39d7ec4,menu,,2022-05-22 14:36:57,0.074876
4012775,1c51aa2b95a54e2488824b15d5ca8948,menu,,2022-05-22 14:39:48,0.051722
4012822,1c51aa2b95a54e2488824b15d5ca8948,menu,,2022-05-22 14:40:21,0.070446
4012903,f7581b0eb7334c4cb70688fcf39d7ec4,menu,,2022-05-22 14:41:14,0.068703
4012917,f7581b0eb7334c4cb70688fcf39d7ec4,menu,,2022-05-22 14:41:29,0.08151
4012998,b9a6f11f14ae44f889f92c8106d0797b,menu,,2022-05-22 14:42:41,0.082442
4013126,67fa864a8a2840219cd00354c224bf86,menu,,2022-05-22 14:44:19,0.070163
4013166,f7581b0eb7334c4cb70688fcf39d7ec4,menu,,2022-05-22 14:44:55,0.078084
4013169,67fa864a8a2840219cd00354c224bf86,menu,,2022-05-22 14:44:56,0.080945
4013189,f7581b0eb7334c4cb70688fcf39d7ec4,basket,,2022-05-22 14:45:13,0.081038
4013204,b9a6f11f14ae44f889f92c8106d0797b,menu,,2022-05-22 14:45:16,0.069356
4013239,f7581b0eb7334c4cb70688fcf39d7ec4,menu,,2022-05-22 14:45:41,0.060983
4013383,67fa864a8a2840219cd00354c224bf86,menu,,2022-05-22 14:47:25,0.066169
4013420,1c51aa2b95a54e2488824b15d5ca8948,menu,,2022-05-22 14:47:58,0.062503
4013466,f7581b0eb7334c4cb70688fcf39d7ec4,menu,,2022-05-22 14:48:30,0.067673
4013483,5697f9e1d2b1441e895173e45deed2a5,menu,,2022-05-22 14:48:44,0.062071
4013499,b9a6f11f14ae44f889f92c8106d0797b,menu,,2022-05-22 14:49:00,0.065584
4013526,f7581b0eb7334c4cb70688fcf39d7ec4,basket,,2022-05-22 14:49:17,0.065333
4013528,67fa864a8a2840219cd00354c224bf86,menu,,2022-05-22 14:49:18,0.071985
4013548,1c51aa2b95a54e2488824b15d5ca8948,menu,,2022-05-22 14:49:38,0.085624
4013554,1c51aa2b95a54e2488824b15d5ca8948,menu,,2022-05-22 14:49:42,0.069449
4013575,f7581b0eb7334c4cb70688fcf39d7ec4,payment,1424408,2022-05-22 14:49:54,0.070374
4013650,1c51aa2b95a54e2488824b15d5ca8948,basket,,2022-05-22 14:50:48,0.055144
4013715,5697f9e1d2b1441e895173e45deed2a5,menu,,2022-05-22 14:51:41,0.044484
4013787,1c51aa2b95a54e2488824b15d5ca8948,basket,,2022-05-22 14:52:29,0.074029
4013976,1c51aa2b95a54e2488824b15d5ca8948,payment,1424442,2022-05-22 14:54:27,0.080444
4014111,5697f9e1d2b1441e895173e45deed2a5,menu,,2022-05-22 14:56:12,0.070566
4014184,5697f9e1d2b1441e895173e45deed2a5,menu,,2022-05-22 14:57:13,0.083223
4014319,67fa864a8a2840219cd00354c224bf86,menu,,2022-05-22 14:59:20,0.081728
4014357,5d4bff23800144e69239f96016054041,menu,,2022-05-22 14:59:50,0.090779
4014456,5697f9e1d2b1441e895173e45deed2a5,menu,,2022-05-22 15:01:08,0.063837
4014478,8d7c15c60d0b45b8a93ce522ca6d6291,menu,,2022-05-22 15:01:20,0.063162
4014526,5d4bff23800144e69239f96016054041,menu,,2022-05-22 15:01:51,0.052784
4014585,83a2a802637f491db598a8b92566999f,menu,,2022-05-22 15:02:29,0.085572
4014620,5d4bff23800144e69239f96016054041,menu,,2022-05-22 15:02:56,0.076942
4014631,67fa864a8a2840219cd00354c224bf86,basket,,2022-05-22 15:03:01,0.066573
4014643,67fa864a8a2840219cd00354c224bf86,menu,,2022-05-22 15:03:07,0.058386
4014688,5697f9e1d2b1441e895173e45deed2a5,menu,,2022-05-22 15:03:41,0.06341
4014689,67fa864a8a2840219cd00354c224bf86,payment,1424521,2022-05-22 15:03:41,0.066459
4014692,8d7c15c60d0b45b8a93ce522ca6d6291,menu,,2022-05-22 15:03:46,0.069284
4014730,5d4bff23800144e69239f96016054041,menu,,2022-05-22 15:04:12,0.080657
4014766,f751b276af06404d929b392710383304,menu,,2022-05-22 15:04:37,0.080963
4014836,f751b276af06404d929b392710383304,menu,,2022-05-22 15:05:30,0.064049
4014962,5697f9e1d2b1441e895173e45deed2a5,menu,,2022-05-22 15:06:51,0.063252
4014997,5d4bff23800144e69239f96016054041,menu,,2022-05-22 15:07:15,0
4015015,5697f9e1d2b1441e895173e45deed2a5,basket,,2022-05-22 15:07:32,0.051921
4015079,5697f9e1d2b1441e895173e45deed2a5,payment,1424571,2022-05-22 15:08:27,0.070712
4015125,f751b276af06404d929b392710383304,menu,,2022-05-22 15:09:01,0.072751
4015288,8d7c15c60d0b45b8a93ce522ca6d6291,menu,,2022-05-22 15:10:52,0.071004
4015308,8d7c15c60d0b45b8a93ce522ca6d6291,menu,,2022-05-22 15:11:01,0.052897
4015356,8d7c15c60d0b45b8a93ce522ca6d6291,menu,,2022-05-22 15:11:41,0.065636
4015412,f751b276af06404d929b392710383304,menu,,2022-05-22 15:12:28,0.050301
4015450,83a2a802637f491db598a8b92566999f,menu,,2022-05-22 15:12:55,0.06296
4015483,f751b276af06404d929b392710383304,menu,,2022-05-22 15:13:16,0.072653
4015486,5d4bff23800144e69239f96016054041,menu,,2022-05-22 15:13:20,0.072649
4015495,f751b276af06404d929b392710383304,menu,,2022-05-22 15:13:25,0.067624
4015568,8d7c15c60d0b45b8a93ce522ca6d6291,menu,,2022-05-22 15:14:15,0.077748
4015620,5d4bff23800144e69239f96016054041,basket,,2022-05-22 15:14:48,0.044168
4015647,83a2a802637f491db598a8b92566999f,basket,,2022-05-22 15:15:01,0.09154
4015694,5d4bff23800144e69239f96016054041,basket,,2022-05-22 15:15:46,0.087725
4015712,83a2a802637f491db598a8b92566999f,basket,,2022-05-22 15:15:57,0.07402
4015721,83a2a802637f491db598a8b92566999f,basket,,2022-05-22 15:16:08,0.073332
4015751,5d4bff23800144e69239f96016054041,menu,,2022-05-22 15:16:33,0.070426
4015755,8d7c15c60d0b45b8a93ce522ca6d6291,basket,,2022-05-22 15:16:35,0.070661
4015765,83a2a802637f491db598a8b92566999f,menu,,2022-05-22 15:16:44,0.059256
4015774,5d4bff23800144e69239f96016054041,payment,1424636,2022-05-22 15:16:53,0.07599
4015850,83a2a802637f491db598a8b92566999f,menu,,2022-05-22 15:17:50,0.072159
4015858,8d7c15c60d0b45b8a93ce522ca6d6291,basket,,2022-05-22 15:17:55,0.053044
4015868,d1d4aac2f39c4e95ad5cd79fa366c275,menu,,2022-05-22 15:18:01,0.062156
4015881,8468c7ceeb984d3fb481e2c3679dfdf3,menu,,2022-05-22 15:18:13,0.049053
4015958,83a2a802637f491db598a8b92566999f,payment,1424658,2022-05-22 15:19:04,0.064767
4015978,31ea985c02f24d7c984855e8d88cb0c5,menu,,2022-05-22 15:19:21,0.058392
4016000,8d7c15c60d0b45b8a93ce522ca6d6291,payment,1424661,2022-05-22 15:19:35,0.06206
4016041,f751b276af06404d929b392710383304,basket,,2022-05-22 15:20:07,0.061401
4016053,8468c7ceeb984d3fb481e2c3679dfdf3,menu,,2022-05-22 15:20:13,0.076484
4016119,f751b276af06404d929b392710383304,menu,,2022-05-22 15:21:04,0.067822
4016141,31ea985c02f24d7c984855e8d88cb0c5,menu,,2022-05-22 15:21:25,0.054719
4016144,8468c7ceeb984d3fb481e2c3679dfdf3,menu,,2022-05-22 15:21:29,0.069489
4016188,d1d4aac2f39c4e95ad5cd79fa366c275,menu,,2022-05-22 15:21:58,0.066422
4016195,31ea985c02f24d7c984855e8d88cb0c5,menu,,2022-05-22 15:22:01,0.077039
4016242,f751b276af06404d929b392710383304,basket,,2022-05-22 15:22:33,0.069332
4016250,8468c7ceeb984d3fb481e2c3679dfdf3,menu,,2022-05-22 15:22:39,0.073145
4016271,f751b276af06404d929b392710383304,payment,1424703,2022-05-22 15:22:56,0.063735
4016279,f751b276af06404d929b392710383304,menu,,2022-05-22 15:23:02,0.069493
4016359,8ffafe98199d4603ab0bf350524b341d,menu,,2022-05-22 15:24:18,0.061711
4016459,8ffafe98199d4603ab0bf350524b341d,menu,,2022-05-22 15:25:33,0.083606
4016463,8468c7ceeb984d3fb481e2c3679dfdf3,basket,,2022-05-22 15:25:37,0.061659
4016486,8468c7ceeb984d3fb481e2c3679dfdf3,basket,,2022-05-22 15:25:48,0.103646
4016500,31ea985c02f24d7c984855e8d88cb0c5,menu,,2022-05-22 15:25:56,0.068513
4016531,8ffafe98199d4603ab0bf350524b341d,menu,,2022-05-22 15:26:16,0.06423
4016770,d1d4aac2f39c4e95ad5cd79fa366c275,menu,,2022-05-22 15:29:49,0.066598
4016779,d1d4aac2f39c4e95ad5cd79fa366c275,menu,,2022-05-22 15:29:53,0.07215
4016785,8468c7ceeb984d3fb481e2c3679dfdf3,payment,1424760,2022-05-22 15:29:59,0.052028
4016854,31ea985c02f24d7c984855e8d88cb0c5,menu,,2022-05-22 15:30:56,0.061446
4016977,31ea985c02f24d7c984855e8d88cb0c5,menu,,2022-05-22 15:32:35,0.05684
4016979,d1d4aac2f39c4e95ad5cd79fa366c275,menu,,2022-05-22 15:32:36,0.09014
4017023,d1d4aac2f39c4e95ad5cd79fa366c275,basket,,2022-05-22 15:33:12,0.062231
4017055,8ffafe98199d4603ab0bf350524b341d,menu,,2022-05-22 15:33:42,0.073948
4017153,d1d4aac2f39c4e95ad5cd79fa366c275,basket,,2022-05-22 15:34:57,0.065769
4017251,31ea985c02f24d7c984855e8d88cb0c5,basket,,2022-05-22 15:36:15,0.055585
4017259,d1d4aac2f39c4e95ad5cd79fa366c275,menu,,2022-05-22 15:36:21,0.062532
4017297,8ffafe98199d4603ab0bf350524b341d,menu,,2022-05-22 15:36:55,0.082023
4017302,d1d4aac2f39c4e95ad5cd79fa366c275,payment,1424820,2022-05-22 15:36:57,0.06011
4017349,31ea985c02f24d7c984855e8d88cb0c5,basket,,2022-05-22 15:37:41,0.072655
4017444,31ea985c02f24d7c984855e8d88cb0c5,payment,1424832,2022-05-22 15:39:01,0.067943
4017515,8ffafe98199d4603ab0bf350524b341d,basket,,2022-05-22 15:40:05,0.072953
4017577,673a552c102c49c4871727e454f060bd,menu,,2022-05-22 15:41:01,0.061007
4017595,e9ad4b994f5442a9b4dc68b4cc60e848,menu,,2022-05-22 15:41:20,0.088389
4017602,8ffafe98199d4603ab0bf350524b341d,menu,,2022-05-22 15:41:24,0.076672
4017613,673a552c102c49c4871727e454f060bd,menu,,2022-05-22 15:41:30,0.058194
4017636,673a552c102c49c4871727e454f060bd,menu,,2022-05-22 15:41:45,0.053516
4017638,e9ad4b994f5442a9b4dc68b4cc60e848,menu,,2022-05-22 15:41:48,0.092812
4017649,e9ad4b994f5442a9b4dc68b4cc60e848,menu,,2022-05-22 15:42:00,0.062001
4017671,8ffafe98199d4603ab0bf350524b341d,basket,,2022-05-22 15:42:18,0.066594
4017759,8ffafe98199d4603ab0bf350524b341d,payment,1424861,2022-05-22 15:43:34,0.07251
4017927,673a552c102c49c4871727e454f060bd,menu,,2022-05-22 15:45:59,0
4018025,019309c093cf43a19362fadc3281168d,menu,,2022-05-22 15:47:01,0.087624
4018098,673a552c102c49c4871727e454f060bd,menu,,2022-05-22 15:47:53,0.088681
4018206,e9ad4b994f5442a9b4dc68b4cc60e848,menu,,2022-05-22 15:49:34,0.064465
4018231,e9ad4b994f5442a9b4dc68b4cc60e848,menu,,2022-05-22 15:49:52,0.077796
4018244,019309c093cf43a19362fadc3281168d,menu,,2022-05-22 15:49:59,0.062545
4018270,673a552c102c49c4871727e454f060bd,basket,,2022-05-22 15:50:20,0.070112
4018538,e9ad4b994f5442a9b4dc68b4cc60e848,menu,,2022-05-22 15:53:50,0.047787
4018541,019309c093cf43a19362fadc3281168d,basket,,2022-05-22 15:53:53,0.050433
4018609,673a552c102c49c4871727e454f060bd,payment,1424959,2022-05-22 15:54:51,0.072266
4018679,e9ad4b994f5442a9b4dc68b4cc60e848,basket,,2022-05-22 15:55:43,0.091828
4018680,019309c093cf43a19362fadc3281168d,menu,,2022-05-22 15:55:43,0.054882
4018880,e9ad4b994f5442a9b4dc68b4cc60e848,basket,,2022-05-22 15:58:27,0.060542
4018950,e9ad4b994f5442a9b4dc68b4cc60e848,payment,1424992,2022-05-22 15:59:19,0.064905
4019036,e29222656b1a4625bd87a7d47d164808,menu,,2022-05-22 16:00:27,0.07849
4019194,e29222656b1a4625bd87a7d47d164808,menu,,2022-05-22 16:02:15,0.062421
4019387,e29222656b1a4625bd87a7d47d164808,menu,,2022-05-22 16:04:44,0.076171
4019538,ef0a7c41fcc4416ab3904f8fdaa2feb1,menu,,2022-05-22 16:06:52,0.077558
4019547,e29222656b1a4625bd87a7d47d164808,basket,,2022-05-22 16:07:02,0.064796
4019598,e29222656b1a4625bd87a7d47d164808,basket,,2022-05-22 16:07:41,0.058213
4019694,e29222656b1a4625bd87a7d47d164808,menu,,2022-05-22 16:08:52,0.070622
4019768,e29222656b1a4625bd87a7d47d164808,basket,,2022-05-22 16:09:43,0.093067
4019826,e29222656b1a4625bd87a7d47d164808,payment,1425099,2022-05-22 16:10:21,0.051425
4019857,ef0a7c41fcc4416ab3904f8fdaa2feb1,menu,,2022-05-22 16:10:37,0.064362
4019984,ef0a7c41fcc4416ab3904f8fdaa2feb1,menu,,2022-05-22 16:12:31,0.061459
4020249,ef0a7c41fcc4416ab3904f8fdaa2feb1,menu,,2022-05-22 16:16:27,0.078037
4020610,9facb8da415447a2b938838a6d3bf2c1,menu,,2022-05-22 16:21:11,0.051973
4020671,ef0a7c41fcc4416ab3904f8fdaa2feb1,basket,,2022-05-22 16:21:59,0.07473
4020720,ef0a7c41fcc4416ab3904f8fdaa2feb1,basket,,2022-05-22 16:22:39,0.108678
4020852,eb0df4b7292846feb824fe8b28dd493c,menu,,2022-05-22 16:24:18,0.071521
4020906,ef0a7c41fcc4416ab3904f8fdaa2feb1,menu,,2022-05-22 16:25:11,0.059832
4020925,ef0a7c41fcc4416ab3904f8fdaa2feb1,payment,1425209,2022-05-22 16:25:25,0.059791
4021551,eb0df4b7292846feb824fe8b28dd493c,menu,,2022-05-22 16:33:24,0.064877
4021700,9facb8da415447a2b938838a6d3bf2c1,basket,,2022-05-22 16:35:42,0.081226
4021716,311f7ea25afe43e2875c5bf07de0fa30,menu,,2022-05-22 16:35:53,0.076896
4021747,9facb8da415447a2b938838a6d3bf2c1,basket,,2022-05-22 16:36:20,0.07703
4021762,9facb8da415447a2b938838a6d3bf2c1,basket,,2022-05-22 16:36:32,0.074992
4021802,eb0df4b7292846feb824fe8b28dd493c,menu,,2022-05-22 16:37:10,0.051807
4021803,311f7ea25afe43e2875c5bf07de0fa30,menu,,2022-05-22 16:37:10,0.065633
4022018,7224ffe95f7b49739f08b45fda3c27e5,menu,,2022-05-22 16:39:52,0.061661
4022162,7224ffe95f7b49739f08b45fda3c27e5,menu,,2022-05-22 16:41:46,0.0581
4022177,311f7ea25afe43e2875c5bf07de0fa30,menu,,2022-05-22 16:42:06,0.063083
4022181,eb0df4b7292846feb824fe8b28dd493c,menu,,2022-05-22 16:42:11,0.085129
4022425,8296f46876354f1bb6814b9a3e9bab85,menu,,2022-05-22 16:45:38,0.059691
4022427,311f7ea25afe43e2875c5bf07de0fa30,menu,,2022-05-22 16:45:39,0.078246
4022440,7224ffe95f7b49739f08b45fda3c27e5,basket,,2022-05-22 16:45:54,0.063026
4022464,8296f46876354f1bb6814b9a3e9bab85,menu,,2022-05-22 16:46:12,0.078405
4022527,311f7ea25afe43e2875c5bf07de0fa30,menu,,2022-05-22 16:47:20,0.080907
4022599,8296f46876354f1bb6814b9a3e9bab85,menu,,2022-05-22 16:48:30,0.064556
4022676,311f7ea25afe43e2875c5bf07de0fa30,basket,,2022-05-22 16:49:47,0.078589
4022765,311f7ea25afe43e2875c5bf07de0fa30,basket,,2022-05-22 16:51:08,0.054405
4022981,8296f46876354f1bb6814b9a3e9bab85,menu,,2022-05-22 16:54:16,0.082818
4022984,311f7ea25afe43e2875c5bf07de0fa30,payment,1425442,2022-05-22 16:54:18,0.07117
4023181,8296f46876354f1bb6814b9a3e9bab85,menu,,2022-05-22 16:57:08,0.078002
4023199,d0848125c64e43b2bbcd9a75b7664ca2,menu,,2022-05-22 16:57:23,0.091978
4023302,da2506eb554547f6835d8a04fdf21bf8,menu,,2022-05-22 16:58:54,0.057669
4023374,8296f46876354f1bb6814b9a3e9bab85,menu,,2022-05-22 16:59:50,0.07313
4023388,b02aee0510584636bb1f7c55390db695,menu,,2022-05-22 17:00:02,0.059794
4023393,da2506eb554547f6835d8a04fdf21bf8,menu,,2022-05-22 17:00:07,0.0702
4023503,8296f46876354f1bb6814b9a3e9bab85,basket,,2022-05-22 17:01:28,0.092794
4023536,da2506eb554547f6835d8a04fdf21bf8,menu,,2022-05-22 17:01:52,0.071585
4023581,da2506eb554547f6835d8a04fdf21bf8,menu,,2022-05-22 17:02:23,0.067615
4023595,8296f46876354f1bb6814b9a3e9bab85,menu,,2022-05-22 17:02:33,0.057064
4023612,d0848125c64e43b2bbcd9a75b7664ca2,menu,,2022-05-22 17:02:43,0.068583
4023645,8296f46876354f1bb6814b9a3e9bab85,basket,,2022-05-22 17:03:09,0.086201
4023741,8296f46876354f1bb6814b9a3e9bab85,payment,1425507,2022-05-22 17:04:04,0.062231
4023799,d0848125c64e43b2bbcd9a75b7664ca2,menu,,2022-05-22 17:04:45,0.082424
4023903,b02aee0510584636bb1f7c55390db695,menu,,2022-05-22 17:05:58,0.07106
4024025,d0848125c64e43b2bbcd9a75b7664ca2,basket,,2022-05-22 17:07:24,0.0591
4024081,b02aee0510584636bb1f7c55390db695,menu,,2022-05-22 17:07:58,0.084159
4024177,b02aee0510584636bb1f7c55390db695,menu,,2022-05-22 17:09:06,0.077714
4024282,d0848125c64e43b2bbcd9a75b7664ca2,payment,1425570,2022-05-22 17:10:23,0.07467
4024296,d0848125c64e43b2bbcd9a75b7664ca2,menu,,2022-05-22 17:10:35,0.08707
4024307,da2506eb554547f6835d8a04fdf21bf8,menu,,2022-05-22 17:10:46,0.049704
4024354,b02aee0510584636bb1f7c55390db695,menu,,2022-05-22 17:11:22,0.07582
4024362,2b1cdf0b9bcc49a980ef9bf614367f79,menu,,2022-05-22 17:11:28,0.058726
4024456,b02aee0510584636bb1f7c55390db695,basket,,2022-05-22 17:12:38,0.069604
4024489,da2506eb554547f6835d8a04fdf21bf8,basket,,2022-05-22 17:13:03,0.052365
4024492,b02aee0510584636bb1f7c55390db695,payment,1425597,2022-05-22 17:13:06,0.073287
4024701,da2506eb554547f6835d8a04fdf21bf8,basket,,2022-05-22 17:16:07,0.046627
4024724,da2506eb554547f6835d8a04fdf21bf8,basket,,2022-05-22 17:16:26,0.079493
4024757,da2506eb554547f6835d8a04fdf21bf8,menu,,2022-05-22 17:16:41,0.071088
4024811,da2506eb554547f6835d8a04fdf21bf8,payment,1425634,2022-05-22 17:17:30,0.058343
4025105,e90d39b4a91f444e9d2f5729677ff736,menu,,2022-05-22 17:21:33,0.063967
4025220,e90d39b4a91f444e9d2f5729677ff736,menu,,2022-05-22 17:23:04,0.071649
4025228,e90d39b4a91f444e9d2f5729677ff736,menu,,2022-05-22 17:23:11,0.065442
4025366,a4e2187153fb4afc9f8134acfad49805,menu,,2022-05-22 17:25:21,0.059869
4025408,e90d39b4a91f444e9d2f5729677ff736,menu,,2022-05-22 17:26:11,0.062327
4025409,055f8039c73a4fc9824c2c9b45974eee,menu,,2022-05-22 17:26:11,0.092655
4025425,055f8039c73a4fc9824c2c9b45974eee,menu,,2022-05-22 17:26:25,0.06865
4025439,055f8039c73a4fc9824c2c9b45974eee,menu,,2022-05-22 17:26:33,0.072728
4025483,a4e2187153fb4afc9f8134acfad49805,menu,,2022-05-22 17:27:12,0.06437
4025631,c18d4a1187f548e29571de5f825e5070,menu,,2022-05-22 17:29:29,0.088742
4025709,a4e2187153fb4afc9f8134acfad49805,menu,,2022-05-22 17:30:40,0.05563
4025718,055f8039c73a4fc9824c2c9b45974eee,menu,,2022-05-22 17:30:42,0.05614
4025736,a4e2187153fb4afc9f8134acfad49805,menu,,2022-05-22 17:31:06,0.052924
4025775,055f8039c73a4fc9824c2c9b45974eee,menu,,2022-05-22 17:31:48,0.05826
4025818,e90d39b4a91f444e9d2f5729677ff736,menu,,2022-05-22 17:32:27,0.070043
4025827,055f8039c73a4fc9824c2c9b45974eee,menu,,2022-05-22 17:32:37,0.071326
4025847,c18d4a1187f548e29571de5f825e5070,menu,,2022-05-22 17:32:48,0.083467
4025848,c18d4a1187f548e29571de5f825e5070,menu,,2022-05-22 17:32:48,0.08621
4025862,f58e2cff439b42b2a6ae082ea75df865,menu,,2022-05-22 17:33:03,0.081728
4025919,055f8039c73a4fc9824c2c9b45974eee,menu,,2022-05-22 17:34:04,0.074598
4026034,a4e2187153fb4afc9f8134acfad49805,menu,,2022-05-22 17:35:45,0.071431
4026038,c18d4a1187f548e29571de5f825e5070,menu,,2022-05-22 17:35:50,0.098624
4026040,a4e2187153fb4afc9f8134acfad49805,basket,,2022-05-22 17:35:52,0.074202
4026113,e90d39b4a91f444e9d2f5729677ff736,menu,,2022-05-22 17:37:01,0.08336
4026120,a4e2187153fb4afc9f8134acfad49805,basket,,2022-05-22 17:37:08,0.064771
4026128,a4e2187153fb4afc9f8134acfad49805,menu,,2022-05-22 17:37:20,0.064336
4026199,e90d39b4a91f444e9d2f5729677ff736,basket,,2022-05-22 17:38:21,0.064307
4026206,f58e2cff439b42b2a6ae082ea75df865,menu,,2022-05-22 17:38:28,0.08033
4026256,a4e2187153fb4afc9f8134acfad49805,menu,,2022-05-22 17:39:13,0.078172
4026258,c18d4a1187f548e29571de5f825e5070,menu,,2022-05-22 17:39:14,0.057059
4026275,a4e2187153fb4afc9f8134acfad49805,payment,1425794,2022-05-22 17:39:33,0.065538
4026282,e90d39b4a91f444e9d2f5729677ff736,payment,1425797,2022-05-22 17:39:39,0.071201
4026406,055f8039c73a4fc9824c2c9b45974eee,basket,,2022-05-22 17:41:43,0.092226
4026436,055f8039c73a4fc9824c2c9b45974eee,payment,1425823,2022-05-22 17:42:17,0.063774
4026466,f58e2cff439b42b2a6ae082ea75df865,menu,,2022-05-22 17:42:41,0.063586
4026513,f58e2cff439b42b2a6ae082ea75df865,basket,,2022-05-22 17:43:21,0.070266
4026604,c18d4a1187f548e29571de5f825e5070,menu,,2022-05-22 17:44:34,0.091251
4026671,c18d4a1187f548e29571de5f825e5070,basket,,2022-05-22 17:45:31,0.071519
4026686,c18d4a1187f548e29571de5f825e5070,basket,,2022-05-22 17:45:41,0.094602
4026705,c18d4a1187f548e29571de5f825e5070,basket,,2022-05-22 17:46:02,0.066092
4026729,f58e2cff439b42b2a6ae082ea75df865,menu,,2022-05-22 17:46:26,0.046413
4026808,b09d8fcf7b13456f9d4317b07d74ea78,menu,,2022-05-22 17:47:36,0.055681
4026827,f58e2cff439b42b2a6ae082ea75df865,payment,1425853,2022-05-22 17:47:56,0.041902
4026872,c18d4a1187f548e29571de5f825e5070,payment,1425860,2022-05-22 17:48:37,0.070605
4027202,eac66531518c4b0f902f12702ad5684a,menu,,2022-05-22 17:53:55,0.08168
4027258,eac66531518c4b0f902f12702ad5684a,menu,,2022-05-22 17:54:55,0.058588
4027261,eac66531518c4b0f902f12702ad5684a,menu,,2022-05-22 17:55:03,0.078035
4027361,b09d8fcf7b13456f9d4317b07d74ea78,menu,,2022-05-22 17:56:45,0.05725
4027520,b09d8fcf7b13456f9d4317b07d74ea78,basket,,2022-05-22 17:59:18,0.092524
4027685,b09d8fcf7b13456f9d4317b07d74ea78,basket,,2022-05-22 18:01:49,0.070655
4027710,b09d8fcf7b13456f9d4317b07d74ea78,menu,,2022-05-22 18:02:12,0.0612
4027714,b09d8fcf7b13456f9d4317b07d74ea78,menu,,2022-05-22 18:02:14,0.071461
4027732,eac66531518c4b0f902f12702ad5684a,menu,,2022-05-22 18:02:33,0.080979
4027779,b09d8fcf7b13456f9d4317b07d74ea78,payment,1425964,2022-05-22 18:03:36,0.072774
4027799,eac66531518c4b0f902f12702ad5684a,basket,,2022-05-22 18:03:58,0.057795
4027967,cbd67c250cac47b9a9dc42d69703c968,menu,,2022-05-22 18:06:36,0.068538
4028010,eac66531518c4b0f902f12702ad5684a,payment,1425991,2022-05-22 18:07:14,0.085072
4028040,cbd67c250cac47b9a9dc42d69703c968,menu,,2022-05-22 18:07:37,0.073561
4028355,cbd67c250cac47b9a9dc42d69703c968,menu,,2022-05-22 18:13:39,0.042425
4028438,5c9919c7df54439e80c251000a837442,menu,,2022-05-22 18:15:11,0.077458
4028439,cbd67c250cac47b9a9dc42d69703c968,menu,,2022-05-22 18:15:11,0.080236
4028649,cbd67c250cac47b9a9dc42d69703c968,menu,,2022-05-22 18:18:40,0.064319
4028955,cbd67c250cac47b9a9dc42d69703c968,basket,,2022-05-22 18:23:23,0.068367
4029065,cbd67c250cac47b9a9dc42d69703c968,payment,1426105,2022-05-22 18:25:08,0.066027
4029095,cbd67c250cac47b9a9dc42d69703c968,menu,,2022-05-22 18:25:42,0.052455
4029193,5c9919c7df54439e80c251000a837442,menu,,2022-05-22 18:27:17,0.051658
4030321,5f12061f9f7344f38e1c466a5783d04d,menu,,2022-05-22 18:43:44,0.080437
4030364,5f12061f9f7344f38e1c466a5783d04d,menu,,2022-05-22 18:44:31,0.066657
4030820,5f12061f9f7344f38e1c466a5783d04d,menu,,2022-05-22 18:51:55,0.080909
4030875,7ace3e74d732468bb0f1bf601c8e2b7b,menu,,2022-05-22 18:52:45,0.075124
4031022,3b613f9971454f1ab43620041e770cde,menu,,2022-05-22 18:54:55,0.073221
4031056,5f12061f9f7344f38e1c466a5783d04d,basket,,2022-05-22 18:55:13,0.075519
4031122,5f12061f9f7344f38e1c466a5783d04d,basket,,2022-05-22 18:56:11,0.091877
4031175,7ace3e74d732468bb0f1bf601c8e2b7b,menu,,2022-05-22 18:56:55,0.077205
4031326,3b613f9971454f1ab43620041e770cde,menu,,2022-05-22 18:59:12,0.064502
4031459,3b613f9971454f1ab43620041e770cde,menu,,2022-05-22 19:01:50,0.057123
4031525,2c4c273482e44d1ebee7dfa4e2647a9f,menu,,2022-05-22 19:02:54,0.064142
4031570,7ace3e74d732468bb0f1bf601c8e2b7b,basket,,2022-05-22 19:03:27,0.082126
4031601,7ace3e74d732468bb0f1bf601c8e2b7b,menu,,2022-05-22 19:03:51,0.065635
4031668,7ace3e74d732468bb0f1bf601c8e2b7b,basket,,2022-05-22 19:05:03,0.089907
4031708,3b613f9971454f1ab43620041e770cde,menu,,2022-05-22 19:05:37,0.069154
4031751,7ace3e74d732468bb0f1bf601c8e2b7b,menu,,2022-05-22 19:06:13,0.069095
4031848,7ace3e74d732468bb0f1bf601c8e2b7b,payment,1426420,2022-05-22 19:07:43,0.067248
4031896,3b613f9971454f1ab43620041e770cde,basket,,2022-05-22 19:08:31,0.087645
4031947,3b613f9971454f1ab43620041e770cde,basket,,2022-05-22 19:09:22,0.069431
4031994,3b613f9971454f1ab43620041e770cde,basket,,2022-05-22 19:10:06,0.073647
4032020,2c4c273482e44d1ebee7dfa4e2647a9f,menu,,2022-05-22 19:10:31,0.077655
4032136,3b613f9971454f1ab43620041e770cde,payment,1426451,2022-05-22 19:12:12,0.066823
4032418,2c4c273482e44d1ebee7dfa4e2647a9f,menu,,2022-05-22 19:16:38,0.078552
4032565,2c4c273482e44d1ebee7dfa4e2647a9f,basket,,2022-05-22 19:18:55,0.049763
4032608,73d99b22a7414a3e894fd945b1f46163,menu,,2022-05-22 19:19:45,0.058838
4032676,2c4c273482e44d1ebee7dfa4e2647a9f,basket,,2022-05-22 19:20:34,0.069561
4032695,2c4c273482e44d1ebee7dfa4e2647a9f,menu,,2022-05-22 19:20:58,0.084863
4032720,2c4c273482e44d1ebee7dfa4e2647a9f,payment,1426521,2022-05-22 19:21:24,0.059409
4032733,73d99b22a7414a3e894fd945b1f46163,menu,,2022-05-22 19:21:36,0.077595
4032749,2c4c273482e44d1ebee7dfa4e2647a9f,menu,,2022-05-22 19:21:58,0.069175
4032852,73d99b22a7414a3e894fd945b1f46163,menu,,2022-05-22 19:23:45,0.079734
4033204,bfbf0d0505774d74820d6eb759224c46,menu,,2022-05-22 19:29:59,0.078447
4033262,be4d93145d2647039a349e275c1643e8,menu,,2022-05-22 19:30:54,0.071467
4033310,bfbf0d0505774d74820d6eb759224c46,menu,,2022-05-22 19:31:35,0.05822
4033318,73d99b22a7414a3e894fd945b1f46163,menu,,2022-05-22 19:31:45,0.070931
4033384,73d99b22a7414a3e894fd945b1f46163,menu,,2022-05-22 19:32:41,0.056106
4033428,bfbf0d0505774d74820d6eb759224c46,menu,,2022-05-22 19:33:17,0.075734
4033579,bfbf0d0505774d74820d6eb759224c46,menu,,2022-05-22 19:35:41,0.07378
4033601,bfbf0d0505774d74820d6eb759224c46,menu,,2022-05-22 19:35:57,0.051156
4033620,73d99b22a7414a3e894fd945b1f46163,basket,,2022-05-22 19:36:18,0
4033646,73d99b22a7414a3e894fd945b1f46163,basket,,2022-05-22 19:36:36,0.072246
4033659,1bf54de37de243bd9af9ae1b98f5a3d0,menu,,2022-05-22 19:36:52,0.07732
4033683,73d99b22a7414a3e894fd945b1f46163,payment,1426639,2022-05-22 19:37:10,0.073106
4033711,bfbf0d0505774d74820d6eb759224c46,menu,,2022-05-22 19:37:38,0.080011
4033727,1bf54de37de243bd9af9ae1b98f5a3d0,menu,,2022-05-22 19:38:06,0.075088
4033816,bfbf0d0505774d74820d6eb759224c46,basket,,2022-05-22 19:39:38,0.073395
4033831,1bf54de37de243bd9af9ae1b98f5a3d0,menu,,2022-05-22 19:39:53,0.051131
4033843,bfbf0d0505774d74820d6eb759224c46,basket,,2022-05-22 19:40:01,0.08049
4033906,be4d93145d2647039a349e275c1643e8,menu,,2022-05-22 19:41:13,0.080566
4033913,1bf54de37de243bd9af9ae1b98f5a3d0,menu,,2022-05-22 19:41:21,0.081785
4033950,be4d93145d2647039a349e275c1643e8,menu,,2022-05-22 19:42:07,0.072324
4034024,bfbf0d0505774d74820d6eb759224c46,payment,1426687,2022-05-22 19:43:52,0.085073
4034255,1bf54de37de243bd9af9ae1b98f5a3d0,menu,,2022-05-22 19:48:39,0.07146
4034511,1bf54de37de243bd9af9ae1b98f5a3d0,basket,,2022-05-22 19:53:40,0.041282
4034606,1bf54de37de243bd9af9ae1b98f5a3d0,payment,1426757,2022-05-22 19:55:43,0.076989
4034847,2dea37cdce7f4485a0b8cfc0a27140a4,menu,,2022-05-22 20:00:05,0.077752
4034950,62d8af31172d421a84a53b2e277986a3,menu,,2022-05-22 20:01:54,0.071237
4035033,62d8af31172d421a84a53b2e277986a3,menu,,2022-05-22 20:03:44,0.075196
4035281,62d8af31172d421a84a53b2e277986a3,menu,,2022-05-22 20:08:17,0.054117
4035326,2dea37cdce7f4485a0b8cfc0a27140a4,menu,,2022-05-22 20:09:06,0.057006
4035345,513510f9b079486281b3a788cac7a060,menu,,2022-05-22 20:09:26,0.083319
4035428,513510f9b079486281b3a788cac7a060,menu,,2022-05-22 20:11:07,0.056614
4035558,2dea37cdce7f4485a0b8cfc0a27140a4,basket,,2022-05-22 20:13:32,0.059685
4035595,62d8af31172d421a84a53b2e277986a3,menu,,2022-05-22 20:14:05,0.085042
4035605,513510f9b079486281b3a788cac7a060,menu,,2022-05-22 20:14:21,0.066336
4035607,2dea37cdce7f4485a0b8cfc0a27140a4,menu,,2022-05-22 20:14:24,0.076602
4035643,2dea37cdce7f4485a0b8cfc0a27140a4,basket,,2022-05-22 20:15:03,0.048697
4035673,2dea37cdce7f4485a0b8cfc0a27140a4,menu,,2022-05-22 20:15:44,0.063291
4035677,513510f9b079486281b3a788cac7a060,menu,,2022-05-22 20:15:47,0.076929
4035742,2dea37cdce7f4485a0b8cfc0a27140a4,payment,1426884,2022-05-22 20:17:06,0.066661
4035829,62d8af31172d421a84a53b2e277986a3,basket,,2022-05-22 20:18:53,0.069695
4035888,62d8af31172d421a84a53b2e277986a3,payment,1426893,2022-05-22 20:20:10,0.052753
4035941,513510f9b079486281b3a788cac7a060,menu,,2022-05-22 20:20:59,0.067407
4036072,513510f9b079486281b3a788cac7a060,basket,,2022-05-22 20:23:46,0.047938
4036147,04f6c089929d4abe98616bb72bf1ceda,menu,,2022-05-22 20:25:17,0.068035
4036171,513510f9b079486281b3a788cac7a060,menu,,2022-05-22 20:25:51,0.091972
4036177,513510f9b079486281b3a788cac7a060,payment,1426938,2022-05-22 20:26:01,0.074084
4037037,9ef340e8e77445f1ba6e19075df00ff2,menu,,2022-05-22 20:45:04,0.067768
4037203,9ef340e8e77445f1ba6e19075df00ff2,menu,,2022-05-22 20:48:25,0.055089
4037250,9ef340e8e77445f1ba6e19075df00ff2,menu,,2022-05-22 20:49:29,0.068576
4037438,9ef340e8e77445f1ba6e19075df00ff2,menu,,2022-05-22 20:53:02,0.069199
4037829,9ef340e8e77445f1ba6e19075df00ff2,basket,,2022-05-22 21:01:05,0.079385
4037899,9ef340e8e77445f1ba6e19075df00ff2,menu,,2022-05-22 21:02:48,0.090996
4037902,9ef340e8e77445f1ba6e19075df00ff2,payment,1427140,2022-05-22 21:02:49,0.08179
4037917,9ef340e8e77445f1ba6e19075df00ff2,menu,,2022-05-22 21:03:15,0.055868
4038012,a673f7584e7b4c5e80bfb4a5e5676b73,menu,,2022-05-22 21:05:26,0.054157
4038345,a673f7584e7b4c5e80bfb4a5e5676b73,menu,,2022-05-22 21:13:39,0.075296
4038390,975e5cd2c1e348939f531e7cf3d4e2b7,menu,,2022-05-22 21:14:36,0.064854
4038529,e99cf08d8ae7421bb5730687b3724d0c,menu,,2022-05-22 21:18:15,0.086457
4038571,a673f7584e7b4c5e80bfb4a5e5676b73,menu,,2022-05-22 21:18:59,0.076504
4038645,975e5cd2c1e348939f531e7cf3d4e2b7,menu,,2022-05-22 21:20:28,0.056898
4038685,a673f7584e7b4c5e80bfb4a5e5676b73,basket,,2022-05-22 21:21:16,0.072527
4038696,a673f7584e7b4c5e80bfb4a5e5676b73,basket,,2022-05-22 21:21:38,0.077785
4038701,a673f7584e7b4c5e80bfb4a5e5676b73,menu,,2022-05-22 21:21:48,0.068351
4038779,a673f7584e7b4c5e80bfb4a5e5676b73,menu,,2022-05-22 21:23:42,0.068044
4038780,a673f7584e7b4c5e80bfb4a5e5676b73,basket,,2022-05-22 21:23:42,0.074004
4038822,a673f7584e7b4c5e80bfb4a5e5676b73,payment,1427248,2022-05-22 21:24:39,0.079439
4038849,e99cf08d8ae7421bb5730687b3724d0c,menu,,2022-05-22 21:25:21,0.077413
4038912,e99cf08d8ae7421bb5730687b3724d0c,menu,,2022-05-22 21:26:46,0.058493
4038914,975e5cd2c1e348939f531e7cf3d4e2b7,menu,,2022-05-22 21:26:47,0.068404
4038968,e99cf08d8ae7421bb5730687b3724d0c,menu,,2022-05-22 21:28:00,0.092569
4038995,975e5cd2c1e348939f531e7cf3d4e2b7,menu,,2022-05-22 21:28:32,0.049215
4039006,975e5cd2c1e348939f531e7cf3d4e2b7,basket,,2022-05-22 21:28:41,0.083956
4039026,e99cf08d8ae7421bb5730687b3724d0c,menu,,2022-05-22 21:29:15,0.074597
4039027,044eaa14e22d4853a0f7e34efbce6236,menu,,2022-05-22 21:29:16,0.078038
4039050,e99cf08d8ae7421bb5730687b3724d0c,basket,,2022-05-22 21:29:56,0.078333
4039051,e99cf08d8ae7421bb5730687b3724d0c,basket,,2022-05-22 21:29:56,0.06778
4039072,40a9eacc059346299e82951defba2ab0,menu,,2022-05-22 21:30:22,0.078458
4039102,e99cf08d8ae7421bb5730687b3724d0c,payment,1427278,2022-05-22 21:30:54,0.067025
4039114,975e5cd2c1e348939f531e7cf3d4e2b7,payment,1427280,2022-05-22 21:31:11,0.063418
4039116,044eaa14e22d4853a0f7e34efbce6236,menu,,2022-05-22 21:31:12,0.044128
4039121,e1d4bd0d3de849c4bb1ef7bbba82e680,menu,,2022-05-22 21:31:28,0.083506
4039202,71152137058e4e9383d9fa0d40eae55e,menu,,2022-05-22 21:33:25,0.094151
4039220,e1d4bd0d3de849c4bb1ef7bbba82e680,menu,,2022-05-22 21:33:51,0.053585
4039247,e1d4bd0d3de849c4bb1ef7bbba82e680,menu,,2022-05-22 21:34:27,0.069829
4039282,044eaa14e22d4853a0f7e34efbce6236,menu,,2022-05-22 21:34:57,0.074756
4039348,40a9eacc059346299e82951defba2ab0,menu,,2022-05-22 21:36:33,0.077748
4039382,044eaa14e22d4853a0f7e34efbce6236,menu,,2022-05-22 21:37:14,0.080715
4039403,71152137058e4e9383d9fa0d40eae55e,menu,,2022-05-22 21:37:40,0.053843
4039518,40a9eacc059346299e82951defba2ab0,basket,,2022-05-22 21:40:46,0.068746
4039541,40a9eacc059346299e82951defba2ab0,menu,,2022-05-22 21:41:23,0.071448
4039629,044eaa14e22d4853a0f7e34efbce6236,menu,,2022-05-22 21:43:45,0.072994
4039631,e1d4bd0d3de849c4bb1ef7bbba82e680,menu,,2022-05-22 21:43:48,0.060759
4039637,044eaa14e22d4853a0f7e34efbce6236,basket,,2022-05-22 21:44:01,0.067473
4039666,e1d4bd0d3de849c4bb1ef7bbba82e680,basket,,2022-05-22 21:44:56,0.088188
4039674,71152137058e4e9383d9fa0d40eae55e,basket,,2022-05-22 21:45:09,0.067383
4039682,71152137058e4e9383d9fa0d40eae55e,basket,,2022-05-22 21:45:35,0.076525
4039706,044eaa14e22d4853a0f7e34efbce6236,menu,,2022-05-22 21:46:40,0.062407
4039719,044eaa14e22d4853a0f7e34efbce6236,basket,,2022-05-22 21:47:01,0.076182
4039722,044eaa14e22d4853a0f7e34efbce6236,menu,,2022-05-22 21:47:06,0.066482
4039726,e1d4bd0d3de849c4bb1ef7bbba82e680,basket,,2022-05-22 21:47:10,0.069839
4039744,044eaa14e22d4853a0f7e34efbce6236,payment,1427365,2022-05-22 21:47:44,0.075305
4039773,e1d4bd0d3de849c4bb1ef7bbba82e680,menu,,2022-05-22 21:48:53,0.050767
4039788,e1d4bd0d3de849c4bb1ef7bbba82e680,payment,1427372,2022-05-22 21:49:35,0.057703
4040460,b940360db2f74d2b898e554bc20d24e8,menu,,2022-05-23 7:21:35,0.0508
4040469,b940360db2f74d2b898e554bc20d24e8,menu,,2022-05-23 7:24:16,0.076546
4040488,b940360db2f74d2b898e554bc20d24e8,menu,,2022-05-23 7:32:36,0.076503
4040626,202332a6ab2a48c1996249c91cf19c0e,menu,,2022-05-23 8:47:16,0.088964
4040636,202332a6ab2a48c1996249c91cf19c0e,basket,,2022-05-23 8:51:26,0.062156
4040782,179a773d51f14611a84c771386c4b77a,menu,,2022-05-23 9:30:09,0.072061
4040800,179a773d51f14611a84c771386c4b77a,menu,,2022-05-23 9:34:46,0.080965
4040845,179a773d51f14611a84c771386c4b77a,basket,,2022-05-23 9:46:13,0.085932
4041215,616f0f8566834fe0b53ea38fbadeb9b4,menu,,2022-05-23 10:13:42,0.100079
4041317,616f0f8566834fe0b53ea38fbadeb9b4,menu,,2022-05-23 10:19:18,0.07218
4041389,616f0f8566834fe0b53ea38fbadeb9b4,basket,,2022-05-23 10:22:47,0.085792
4041403,616f0f8566834fe0b53ea38fbadeb9b4,basket,,2022-05-23 10:23:39,0.076001
4041440,616f0f8566834fe0b53ea38fbadeb9b4,basket,,2022-05-23 10:25:59,0.076073
4041449,616f0f8566834fe0b53ea38fbadeb9b4,menu,,2022-05-23 10:26:13,0.072011
4041457,616f0f8566834fe0b53ea38fbadeb9b4,payment,1427457,2022-05-23 10:26:58,0.072126
4041610,0b6b04fb1dcc4cec9efefaeadcc9a76b,menu,,2022-05-23 10:35:07,0.053763
4041710,0b6b04fb1dcc4cec9efefaeadcc9a76b,menu,,2022-05-23 10:38:51,0.061875
4041717,0b6b04fb1dcc4cec9efefaeadcc9a76b,menu,,2022-05-23 10:38:58,0.08686
4041750,0b6b04fb1dcc4cec9efefaeadcc9a76b,menu,,2022-05-23 10:40:01,0.054278
4041758,0b6b04fb1dcc4cec9efefaeadcc9a76b,menu,,2022-05-23 10:40:22,0.067848
4041790,0b6b04fb1dcc4cec9efefaeadcc9a76b,menu,,2022-05-23 10:41:33,0.094496
4042040,0b6b04fb1dcc4cec9efefaeadcc9a76b,basket,,2022-05-23 10:50:11,0.069645
4042098,0b6b04fb1dcc4cec9efefaeadcc9a76b,menu,,2022-05-23 10:51:49,0.049945
4042134,0b6b04fb1dcc4cec9efefaeadcc9a76b,payment,1427517,2022-05-23 10:52:53,0.071282
4042456,8eea09102acb407da785115a2bbc8718,menu,,2022-05-23 11:02:54,0.084811
4042470,8eea09102acb407da785115a2bbc8718,menu,,2022-05-23 11:03:45,0.057787
4042519,8eea09102acb407da785115a2bbc8718,menu,,2022-05-23 11:05:44,0.061299
4042742,8eea09102acb407da785115a2bbc8718,menu,,2022-05-23 11:13:28,0.062477
4042931,8eea09102acb407da785115a2bbc8718,basket,,2022-05-23 11:17:59,0.074868
4043044,e465e6e325b94d65b4d5fa1898e13127,menu,,2022-05-23 11:20:11,0.070138
4043080,8eea09102acb407da785115a2bbc8718,basket,,2022-05-23 11:20:44,0.05849
4043138,8eea09102acb407da785115a2bbc8718,payment,1427611,2022-05-23 11:22:02,0.082535
4044319,78937f0ce56348ebbdddd4d127eabc32,menu,,2022-05-23 11:48:07,0.072206
4044505,78937f0ce56348ebbdddd4d127eabc32,menu,,2022-05-23 11:51:32,0.070326
4044545,78937f0ce56348ebbdddd4d127eabc32,menu,,2022-05-23 11:51:58,0.072748
4044623,4e19efa38941453889e3d8d3bce7f513,menu,,2022-05-23 11:53:15,0.063641
4044678,4e19efa38941453889e3d8d3bce7f513,menu,,2022-05-23 11:54:14,0.073675
4044741,4e19efa38941453889e3d8d3bce7f513,menu,,2022-05-23 11:55:10,0.095605
4044866,332680f4811b40d1b924b1c1607327a5,menu,,2022-05-23 11:57:13,0.084788
4044974,78937f0ce56348ebbdddd4d127eabc32,menu,,2022-05-23 11:58:57,0.07282
4045030,332680f4811b40d1b924b1c1607327a5,menu,,2022-05-23 11:59:50,0.063014
4045053,06569a1ef0224e339dfce489ac66b5c4,menu,,2022-05-23 12:00:14,0.061385
4045115,06569a1ef0224e339dfce489ac66b5c4,menu,,2022-05-23 12:01:21,0.055605
4045156,4e19efa38941453889e3d8d3bce7f513,menu,,2022-05-23 12:01:52,0.068506
4045162,4e19efa38941453889e3d8d3bce7f513,menu,,2022-05-23 12:01:58,0.060055
4045170,06569a1ef0224e339dfce489ac66b5c4,menu,,2022-05-23 12:02:06,0.061852
4045177,332680f4811b40d1b924b1c1607327a5,menu,,2022-05-23 12:02:10,0.066402
4045209,1fadc8bef63541aa99da2f56f6867e14,menu,,2022-05-23 12:02:37,0.087544
4045225,0e2d8b16ff2b4ce683297c2ab2034365,menu,,2022-05-23 12:02:56,0.048253
4045249,0e2d8b16ff2b4ce683297c2ab2034365,menu,,2022-05-23 12:03:18,0.064003
4045360,d3c041edeb66495ca61f2b61320544cd,menu,,2022-05-23 12:05:13,0.070916
4045402,4e19efa38941453889e3d8d3bce7f513,menu,,2022-05-23 12:06:00,0.082187
4045403,06569a1ef0224e339dfce489ac66b5c4,basket,,2022-05-23 12:06:01,0.065254
4045434,78937f0ce56348ebbdddd4d127eabc32,menu,,2022-05-23 12:06:25,0.05894
4045437,0e2d8b16ff2b4ce683297c2ab2034365,menu,,2022-05-23 12:06:27,0.0898
4045451,4e19efa38941453889e3d8d3bce7f513,basket,,2022-05-23 12:06:42,0.061184
4045453,ffad0ddc69b24cfea73bcbba5d6c902c,menu,,2022-05-23 12:06:43,0.080546
4045454,1fadc8bef63541aa99da2f56f6867e14,menu,,2022-05-23 12:06:43,0.062282
4045455,78937f0ce56348ebbdddd4d127eabc32,basket,,2022-05-23 12:06:43,0.058568
4045477,78937f0ce56348ebbdddd4d127eabc32,payment,1427860,2022-05-23 12:07:05,0.071465
4045509,0e2d8b16ff2b4ce683297c2ab2034365,menu,,2022-05-23 12:07:32,0.086157
4045528,332680f4811b40d1b924b1c1607327a5,menu,,2022-05-23 12:07:47,0.070067
4045538,d3c041edeb66495ca61f2b61320544cd,menu,,2022-05-23 12:07:54,0.056605
4045563,4e19efa38941453889e3d8d3bce7f513,basket,,2022-05-23 12:08:18,0.056968
4045616,06569a1ef0224e339dfce489ac66b5c4,menu,,2022-05-23 12:09:18,0.094738
4045634,4e19efa38941453889e3d8d3bce7f513,payment,1427876,2022-05-23 12:09:42,0.079287
4045640,06569a1ef0224e339dfce489ac66b5c4,menu,,2022-05-23 12:09:44,0.07984
4045653,06569a1ef0224e339dfce489ac66b5c4,payment,1427881,2022-05-23 12:09:59,0.075285
4045655,1fadc8bef63541aa99da2f56f6867e14,menu,,2022-05-23 12:10:00,0.064318
4045668,0e2d8b16ff2b4ce683297c2ab2034365,menu,,2022-05-23 12:10:11,0.065046
4045715,332680f4811b40d1b924b1c1607327a5,basket,,2022-05-23 12:10:53,0.084706
4045735,332680f4811b40d1b924b1c1607327a5,basket,,2022-05-23 12:11:16,0.062749
4045835,1fadc8bef63541aa99da2f56f6867e14,menu,,2022-05-23 12:13:01,0.064077
4045938,ffad0ddc69b24cfea73bcbba5d6c902c,menu,,2022-05-23 12:14:41,0.066138
4045941,ffad0ddc69b24cfea73bcbba5d6c902c,menu,,2022-05-23 12:14:45,0.079123
4045964,332680f4811b40d1b924b1c1607327a5,payment,1427917,2022-05-23 12:15:01,0.081141
4045970,d3c041edeb66495ca61f2b61320544cd,menu,,2022-05-23 12:15:07,0.06586
4045971,1fadc8bef63541aa99da2f56f6867e14,basket,,2022-05-23 12:15:07,0.074105
4045999,d3c041edeb66495ca61f2b61320544cd,menu,,2022-05-23 12:15:35,0.086192
4046005,1fadc8bef63541aa99da2f56f6867e14,menu,,2022-05-23 12:15:41,0.068644
4046069,ffad0ddc69b24cfea73bcbba5d6c902c,menu,,2022-05-23 12:16:47,0.078371
4046097,ffad0ddc69b24cfea73bcbba5d6c902c,menu,,2022-05-23 12:17:17,0.06824
4046116,0e2d8b16ff2b4ce683297c2ab2034365,basket,,2022-05-23 12:17:35,0.05839
4046138,ffad0ddc69b24cfea73bcbba5d6c902c,menu,,2022-05-23 12:17:54,0.096318
4046169,b34112055c04488284942e8b8f695a42,menu,,2022-05-23 12:18:26,0.048835
4046198,1fadc8bef63541aa99da2f56f6867e14,payment,1427948,2022-05-23 12:18:57,0.065371
4046202,b34112055c04488284942e8b8f695a42,menu,,2022-05-23 12:19:04,0.070996
4046240,1fadc8bef63541aa99da2f56f6867e14,menu,,2022-05-23 12:19:37,0.057032
4046338,0e2d8b16ff2b4ce683297c2ab2034365,basket,,2022-05-23 12:21:25,0.074034
4046343,d3c041edeb66495ca61f2b61320544cd,basket,,2022-05-23 12:21:29,0.092414
4046374,d3c041edeb66495ca61f2b61320544cd,menu,,2022-05-23 12:22:03,0.101709
4046379,0e2d8b16ff2b4ce683297c2ab2034365,payment,1427974,2022-05-23 12:22:08,0.055971
4046384,d3c041edeb66495ca61f2b61320544cd,basket,,2022-05-23 12:22:13,0.057263
4046413,ffad0ddc69b24cfea73bcbba5d6c902c,basket,,2022-05-23 12:22:45,0.088958
4046417,ffad0ddc69b24cfea73bcbba5d6c902c,basket,,2022-05-23 12:22:47,0.077401
4046441,d3c041edeb66495ca61f2b61320544cd,payment,1427984,2022-05-23 12:23:07,0.074999
4046481,b34112055c04488284942e8b8f695a42,menu,,2022-05-23 12:23:59,0.076915
4046597,ffad0ddc69b24cfea73bcbba5d6c902c,payment,1427999,2022-05-23 12:26:04,0.06721
4046654,b34112055c04488284942e8b8f695a42,menu,,2022-05-23 12:27:20,0.057104
4046975,b34112055c04488284942e8b8f695a42,basket,,2022-05-23 12:33:11,0.069818
4046989,b34112055c04488284942e8b8f695a42,menu,,2022-05-23 12:33:24,0.075603
4047006,b34112055c04488284942e8b8f695a42,menu,,2022-05-23 12:33:35,0.068814
4047056,b34112055c04488284942e8b8f695a42,payment,1428042,2022-05-23 12:34:28,0.066666
4047067,ddb1fa4ece384f40aae867b84e337e5b,menu,,2022-05-23 12:34:36,0.066497
4047383,12b3ca3f752b43b785c64cb864c1172e,menu,,2022-05-23 12:39:43,0.071362
4047597,ddb1fa4ece384f40aae867b84e337e5b,menu,,2022-05-23 12:42:56,0.06358
4047896,ddb1fa4ece384f40aae867b84e337e5b,menu,,2022-05-23 12:47:14,0.078149
4047945,12b3ca3f752b43b785c64cb864c1172e,basket,,2022-05-23 12:48:06,0.045244
4047996,12b3ca3f752b43b785c64cb864c1172e,basket,,2022-05-23 12:48:59,0.070256
4048001,43bb8f86530c422ab7c2902f4ea9fee3,menu,,2022-05-23 12:49:02,0.053516
4048084,12b3ca3f752b43b785c64cb864c1172e,menu,,2022-05-23 12:50:07,0.069867
4048143,ddb1fa4ece384f40aae867b84e337e5b,basket,,2022-05-23 12:50:56,0.059497
4048165,ddb1fa4ece384f40aae867b84e337e5b,menu,,2022-05-23 12:51:11,0.081176
4048174,12b3ca3f752b43b785c64cb864c1172e,payment,1428169,2022-05-23 12:51:19,0.069752
4048206,12b3ca3f752b43b785c64cb864c1172e,menu,,2022-05-23 12:51:53,0.090296
4048277,43bb8f86530c422ab7c2902f4ea9fee3,menu,,2022-05-23 12:52:59,0.086218
4048328,0ae16be286014dc0a7392624beba451c,menu,,2022-05-23 12:53:41,0.05841
4048615,0ae16be286014dc0a7392624beba451c,menu,,2022-05-23 12:58:00,0.077121
4048728,43bb8f86530c422ab7c2902f4ea9fee3,menu,,2022-05-23 13:00:08,0.077868
4048740,0ae16be286014dc0a7392624beba451c,menu,,2022-05-23 13:00:24,0.06898
4048836,0ae16be286014dc0a7392624beba451c,menu,,2022-05-23 13:01:48,0.040292
4049321,975e5cd2c1e348939f531e7cf3d4e2b7,menu,,2022-05-23 13:10:08,0.062617
4049407,111908b5173a416faaf6dae8546d572c,menu,,2022-05-23 13:11:32,0.067384
4049417,0ae16be286014dc0a7392624beba451c,basket,,2022-05-23 13:11:42,0.068082
4049421,0ae16be286014dc0a7392624beba451c,menu,,2022-05-23 13:11:44,0.081414
4049503,0ae16be286014dc0a7392624beba451c,payment,1428322,2022-05-23 13:12:49,0.084985
4049696,111908b5173a416faaf6dae8546d572c,menu,,2022-05-23 13:15:57,0.082116
4049699,45303883e49942879ac18693b3a366ad,menu,,2022-05-23 13:15:59,0.061103
4049754,111908b5173a416faaf6dae8546d572c,menu,,2022-05-23 13:17:13,0.050667
4049775,45303883e49942879ac18693b3a366ad,menu,,2022-05-23 13:17:41,0.07049
4049781,cba0eb60236a4979ac298cce10c93c66,menu,,2022-05-23 13:17:50,0.053598
4049804,cba0eb60236a4979ac298cce10c93c66,menu,,2022-05-23 13:18:10,0.072309
4049815,45303883e49942879ac18693b3a366ad,menu,,2022-05-23 13:18:16,0.0729
4049873,111908b5173a416faaf6dae8546d572c,menu,,2022-05-23 13:19:22,0.054045
4049907,f98d8d4b17874d61b0a317e852f83ea5,menu,,2022-05-23 13:20:03,0.072452
4049912,975e5cd2c1e348939f531e7cf3d4e2b7,menu,,2022-05-23 13:20:07,0.058364
4049921,975e5cd2c1e348939f531e7cf3d4e2b7,menu,,2022-05-23 13:20:16,0.071691
4049966,45303883e49942879ac18693b3a366ad,menu,,2022-05-23 13:21:04,0.089784
4049998,111908b5173a416faaf6dae8546d572c,menu,,2022-05-23 13:21:37,0.060096
4050009,cba0eb60236a4979ac298cce10c93c66,menu,,2022-05-23 13:21:50,0.062035
4050018,111908b5173a416faaf6dae8546d572c,basket,,2022-05-23 13:22:02,0.062733
4050020,975e5cd2c1e348939f531e7cf3d4e2b7,menu,,2022-05-23 13:22:06,0.093097
4050027,cba0eb60236a4979ac298cce10c93c66,menu,,2022-05-23 13:22:13,0.065767
4050082,111908b5173a416faaf6dae8546d572c,basket,,2022-05-23 13:23:16,0.070532
4050169,f98d8d4b17874d61b0a317e852f83ea5,menu,,2022-05-23 13:24:41,0.087763
4050172,111908b5173a416faaf6dae8546d572c,payment,1428393,2022-05-23 13:24:45,0.069666
4050193,de05556caf5747b2a17e40d0488a5fee,menu,,2022-05-23 13:25:03,0.064687
4050201,975e5cd2c1e348939f531e7cf3d4e2b7,basket,,2022-05-23 13:25:14,0.074416
4050217,f98d8d4b17874d61b0a317e852f83ea5,menu,,2022-05-23 13:25:28,0.074549
4050218,111908b5173a416faaf6dae8546d572c,menu,,2022-05-23 13:25:30,0.066202
4050350,de05556caf5747b2a17e40d0488a5fee,basket,,2022-05-23 13:27:33,0.077061
4050358,f98d8d4b17874d61b0a317e852f83ea5,menu,,2022-05-23 13:27:38,0.071134
4050430,975e5cd2c1e348939f531e7cf3d4e2b7,payment,1428424,2022-05-23 13:28:43,0.053688
4050434,f98d8d4b17874d61b0a317e852f83ea5,menu,,2022-05-23 13:28:48,0.05093
4050442,45303883e49942879ac18693b3a366ad,menu,,2022-05-23 13:28:52,0.040278
4050507,45303883e49942879ac18693b3a366ad,menu,,2022-05-23 13:30:03,0.069581
4050592,cba0eb60236a4979ac298cce10c93c66,menu,,2022-05-23 13:31:33,0.079983
4050706,f98d8d4b17874d61b0a317e852f83ea5,basket,,2022-05-23 13:33:27,0.064005
4050761,45303883e49942879ac18693b3a366ad,basket,,2022-05-23 13:34:20,0.07321
4050770,cba0eb60236a4979ac298cce10c93c66,menu,,2022-05-23 13:34:26,0.08221
4050785,f98d8d4b17874d61b0a317e852f83ea5,menu,,2022-05-23 13:34:37,0.079369
4050789,cba0eb60236a4979ac298cce10c93c66,basket,,2022-05-23 13:34:41,0.072619
4050812,45303883e49942879ac18693b3a366ad,payment,1428467,2022-05-23 13:35:04,0.079843
4050829,f98d8d4b17874d61b0a317e852f83ea5,menu,,2022-05-23 13:35:20,0.057706
4050834,f98d8d4b17874d61b0a317e852f83ea5,menu,,2022-05-23 13:35:25,0.051142
4050860,f98d8d4b17874d61b0a317e852f83ea5,basket,,2022-05-23 13:35:49,0.080892
4050882,f98d8d4b17874d61b0a317e852f83ea5,payment,1428472,2022-05-23 13:36:12,0.075161
4050901,cba0eb60236a4979ac298cce10c93c66,payment,1428475,2022-05-23 13:36:25,0.057482
4051373,17cb1a778bc34e6f9303d9c6bfc19470,menu,,2022-05-23 13:43:22,0.053605
4051385,17cb1a778bc34e6f9303d9c6bfc19470,menu,,2022-05-23 13:43:36,0.06851
4051632,17cb1a778bc34e6f9303d9c6bfc19470,menu,,2022-05-23 13:47:41,0.065642
4051717,17cb1a778bc34e6f9303d9c6bfc19470,menu,,2022-05-23 13:48:58,0.068118
4051898,17cb1a778bc34e6f9303d9c6bfc19470,menu,,2022-05-23 13:51:29,0.085285
4052169,7720f24d15e94875bcceeed097e555fa,menu,,2022-05-23 13:55:30,0.063147
4052291,17cb1a778bc34e6f9303d9c6bfc19470,basket,,2022-05-23 13:57:18,0.0829
4052346,17cb1a778bc34e6f9303d9c6bfc19470,basket,,2022-05-23 13:58:15,0.058241
4052396,7720f24d15e94875bcceeed097e555fa,menu,,2022-05-23 13:58:56,0.066945
4052405,17cb1a778bc34e6f9303d9c6bfc19470,basket,,2022-05-23 13:59:01,0.067992
4052411,9616d5a066a84361887fe005ec711ca2,menu,,2022-05-23 13:59:05,0.093273
4052475,17cb1a778bc34e6f9303d9c6bfc19470,payment,1428649,2022-05-23 14:00:04,0.082903
4052615,9616d5a066a84361887fe005ec711ca2,menu,,2022-05-23 14:02:10,0.082127
4052708,7720f24d15e94875bcceeed097e555fa,menu,,2022-05-23 14:03:21,0.091904
4052883,9616d5a066a84361887fe005ec711ca2,menu,,2022-05-23 14:05:54,0.075091
4053230,7720f24d15e94875bcceeed097e555fa,menu,,2022-05-23 14:10:26,0.086245
4053287,7720f24d15e94875bcceeed097e555fa,basket,,2022-05-23 14:11:06,0.066015
4053311,7720f24d15e94875bcceeed097e555fa,basket,,2022-05-23 14:11:25,0.061292
4053386,7720f24d15e94875bcceeed097e555fa,basket,,2022-05-23 14:12:29,0.084963
4053427,7720f24d15e94875bcceeed097e555fa,menu,,2022-05-23 14:13:06,0.076468
4053474,8121a9d89c8949dd803a69972df18975,menu,,2022-05-23 14:13:46,0.074918
4053494,7720f24d15e94875bcceeed097e555fa,menu,,2022-05-23 14:14:06,0.063073
4053546,7720f24d15e94875bcceeed097e555fa,payment,1428764,2022-05-23 14:14:37,0.088575
4053615,8121a9d89c8949dd803a69972df18975,menu,,2022-05-23 14:15:40,0.076652
4053713,9616d5a066a84361887fe005ec711ca2,basket,,2022-05-23 14:16:48,0.040287
4053729,9616d5a066a84361887fe005ec711ca2,basket,,2022-05-23 14:17:01,0.079831
4054436,8121a9d89c8949dd803a69972df18975,menu,,2022-05-23 14:26:46,0.052791
4054532,ae2508711e9d4d4ba994a00f86e26af7,menu,,2022-05-23 14:28:01,0.076323
4054538,ae2508711e9d4d4ba994a00f86e26af7,menu,,2022-05-23 14:28:06,0.06386
4054610,ae2508711e9d4d4ba994a00f86e26af7,menu,,2022-05-23 14:29:01,0.077727
4054637,8121a9d89c8949dd803a69972df18975,basket,,2022-05-23 14:29:17,0.077727
4054679,8121a9d89c8949dd803a69972df18975,menu,,2022-05-23 14:29:46,0.087274
4054688,8121a9d89c8949dd803a69972df18975,payment,1428892,2022-05-23 14:29:56,0.070696
4054925,f95910289ce94c5aa6b2d5cded83d2f7,menu,,2022-05-23 14:33:25,0.084822
4054972,692cdf2bdc3a43a585434ffd656cf31f,menu,,2022-05-23 14:34:03,0.086726
4055040,ae2508711e9d4d4ba994a00f86e26af7,basket,,2022-05-23 14:34:57,0.083349
4055086,ae2508711e9d4d4ba994a00f86e26af7,menu,,2022-05-23 14:35:38,0.086399
4055137,692cdf2bdc3a43a585434ffd656cf31f,menu,,2022-05-23 14:36:10,0.064545
4055158,ae2508711e9d4d4ba994a00f86e26af7,menu,,2022-05-23 14:36:29,0.084318
4055279,ae2508711e9d4d4ba994a00f86e26af7,menu,,2022-05-23 14:38:15,0.073646
4055282,f95910289ce94c5aa6b2d5cded83d2f7,menu,,2022-05-23 14:38:18,0.077377
4055306,ae2508711e9d4d4ba994a00f86e26af7,basket,,2022-05-23 14:38:33,0.081373
4055313,692cdf2bdc3a43a585434ffd656cf31f,menu,,2022-05-23 14:38:39,0.071379
4055316,692cdf2bdc3a43a585434ffd656cf31f,menu,,2022-05-23 14:38:41,0.082888
4055330,ae2508711e9d4d4ba994a00f86e26af7,basket,,2022-05-23 14:38:49,0.085431
4055367,ae2508711e9d4d4ba994a00f86e26af7,payment,1428970,2022-05-23 14:39:32,0.080788
4055402,63cf77a25e814d1398d5852540a8315c,menu,,2022-05-23 14:39:54,0.054805
4055525,692cdf2bdc3a43a585434ffd656cf31f,basket,,2022-05-23 14:41:33,0.072851
4055577,63cf77a25e814d1398d5852540a8315c,menu,,2022-05-23 14:42:23,0.081122
4055798,f95910289ce94c5aa6b2d5cded83d2f7,basket,,2022-05-23 14:45:35,0.064229
4055886,f95910289ce94c5aa6b2d5cded83d2f7,menu,,2022-05-23 14:47:06,0.073351
4055931,f95910289ce94c5aa6b2d5cded83d2f7,basket,,2022-05-23 14:47:46,0.068216
4055955,f95910289ce94c5aa6b2d5cded83d2f7,basket,,2022-05-23 14:48:10,0.061135
4055977,f95910289ce94c5aa6b2d5cded83d2f7,payment,1429044,2022-05-23 14:48:24,0.072092
4056053,1a71e65c4ded40e39e7d394ead2c212f,menu,,2022-05-23 14:49:33,0.090308
4056064,63cf77a25e814d1398d5852540a8315c,menu,,2022-05-23 14:49:46,0.080418
4056140,63cf77a25e814d1398d5852540a8315c,menu,,2022-05-23 14:50:54,0.062089
4056499,63cf77a25e814d1398d5852540a8315c,basket,,2022-05-23 14:56:20,0.063648
4056503,a601fe8b95ca4bf88e9ea0e9bdb46d0b,menu,,2022-05-23 14:56:26,0.044919
4056532,a601fe8b95ca4bf88e9ea0e9bdb46d0b,menu,,2022-05-23 14:56:58,0.060523
4056591,63cf77a25e814d1398d5852540a8315c,basket,,2022-05-23 14:57:58,0.086315
4056610,63cf77a25e814d1398d5852540a8315c,payment,1429117,2022-05-23 14:58:16,0.075292
4056615,ec42372a130641998a1ed5a92b81b3f7,menu,,2022-05-23 14:58:27,0.062849
4056617,a601fe8b95ca4bf88e9ea0e9bdb46d0b,menu,,2022-05-23 14:58:29,0.052972
4056640,ec42372a130641998a1ed5a92b81b3f7,menu,,2022-05-23 14:58:52,0.085741
4056704,1a71e65c4ded40e39e7d394ead2c212f,menu,,2022-05-23 14:59:49,0.06542
4056736,ec42372a130641998a1ed5a92b81b3f7,menu,,2022-05-23 15:00:20,0.103915
4056737,a601fe8b95ca4bf88e9ea0e9bdb46d0b,menu,,2022-05-23 15:00:21,0.054556
4056769,1a71e65c4ded40e39e7d394ead2c212f,menu,,2022-05-23 15:00:48,0.094991
4056789,e4dbc2692fd84003a2b9c957fb90ff93,menu,,2022-05-23 15:01:05,0.063531
4056864,a601fe8b95ca4bf88e9ea0e9bdb46d0b,menu,,2022-05-23 15:02:29,0.066177
4056871,a601fe8b95ca4bf88e9ea0e9bdb46d0b,menu,,2022-05-23 15:02:39,0.064439
4056904,e4dbc2692fd84003a2b9c957fb90ff93,menu,,2022-05-23 15:03:17,0.07027
4056950,1a71e65c4ded40e39e7d394ead2c212f,menu,,2022-05-23 15:04:09,0.080162
4056979,a601fe8b95ca4bf88e9ea0e9bdb46d0b,basket,,2022-05-23 15:04:52,0.069411
4056987,5d34d2af8e5446538237c144545aa114,menu,,2022-05-23 15:04:59,0.073657
4056988,e4dbc2692fd84003a2b9c957fb90ff93,menu,,2022-05-23 15:05:00,0.060187
4057033,11c81f3a47dc4177a97d0a976b4f4213,menu,,2022-05-23 15:05:57,0.059504
4057082,5d34d2af8e5446538237c144545aa114,menu,,2022-05-23 15:06:44,0.074029
4057116,1a71e65c4ded40e39e7d394ead2c212f,basket,,2022-05-23 15:07:14,0.063852
4057172,11c81f3a47dc4177a97d0a976b4f4213,menu,,2022-05-23 15:08:17,0.073509
4057176,1a71e65c4ded40e39e7d394ead2c212f,basket,,2022-05-23 15:08:22,0.051223
4057187,1a71e65c4ded40e39e7d394ead2c212f,basket,,2022-05-23 15:08:31,0.075578
4057193,5d34d2af8e5446538237c144545aa114,menu,,2022-05-23 15:08:40,0.083342
4057214,e4dbc2692fd84003a2b9c957fb90ff93,menu,,2022-05-23 15:09:06,0.068907
4057216,a601fe8b95ca4bf88e9ea0e9bdb46d0b,payment,1429185,2022-05-23 15:09:08,0.062942
4057225,1a71e65c4ded40e39e7d394ead2c212f,payment,1429186,2022-05-23 15:09:13,0.064868
4057236,11c81f3a47dc4177a97d0a976b4f4213,menu,,2022-05-23 15:09:26,0.061657
4057334,ec42372a130641998a1ed5a92b81b3f7,basket,,2022-05-23 15:11:03,0.080851
4057397,aafef1ef8de04151afc54fc2146bcf88,menu,,2022-05-23 15:12:00,0.066047
4057466,e4dbc2692fd84003a2b9c957fb90ff93,basket,,2022-05-23 15:13:03,0.065112
4057504,ec42372a130641998a1ed5a92b81b3f7,basket,,2022-05-23 15:13:46,0.080049
4057527,11c81f3a47dc4177a97d0a976b4f4213,menu,,2022-05-23 15:14:12,0.068996
4057533,ec42372a130641998a1ed5a92b81b3f7,payment,1429222,2022-05-23 15:14:16,0.069384
4057581,aafef1ef8de04151afc54fc2146bcf88,menu,,2022-05-23 15:14:56,0.041424
4057595,11c81f3a47dc4177a97d0a976b4f4213,menu,,2022-05-23 15:15:11,0.087605
4057605,11c81f3a47dc4177a97d0a976b4f4213,basket,,2022-05-23 15:15:21,41.4205
4057631,11c81f3a47dc4177a97d0a976b4f4213,basket,,2022-05-23 15:15:47,0.081088
4057644,11c81f3a47dc4177a97d0a976b4f4213,basket,,2022-05-23 15:16:02,0.082885
4057654,a34192d0cbc543ebb33aa0bc5651d581,menu,,2022-05-23 15:16:15,0.061939
4057697,11c81f3a47dc4177a97d0a976b4f4213,payment,1429235,2022-05-23 15:16:51,0.07427
4057699,e4dbc2692fd84003a2b9c957fb90ff93,payment,1429233,2022-05-23 15:16:53,0.068597
4057736,11c81f3a47dc4177a97d0a976b4f4213,menu,,2022-05-23 15:17:25,0.056447
4057784,5d34d2af8e5446538237c144545aa114,basket,,2022-05-23 15:18:05,0.06808
4057790,5d34d2af8e5446538237c144545aa114,menu,,2022-05-23 15:18:13,0.063455
4057851,a34192d0cbc543ebb33aa0bc5651d581,menu,,2022-05-23 15:19:19,0.077233
4057870,5d34d2af8e5446538237c144545aa114,payment,1429254,2022-05-23 15:19:43,0.05861
4057879,5d34d2af8e5446538237c144545aa114,menu,,2022-05-23 15:19:52,0.07394
4058160,aafef1ef8de04151afc54fc2146bcf88,menu,,2022-05-23 15:23:53,0.052501
4058267,aafef1ef8de04151afc54fc2146bcf88,menu,,2022-05-23 15:25:31,0.06661
4058375,aac09ff3c2864af9bcfa8a1db2e71f85,menu,,2022-05-23 15:27:10,0.068038
4058411,aafef1ef8de04151afc54fc2146bcf88,basket,,2022-05-23 15:27:47,0.064459
4058502,aab1f0c6739b48d5bf75a6d52f94e396,menu,,2022-05-23 15:29:17,0.071592
4058596,aafef1ef8de04151afc54fc2146bcf88,payment,1429325,2022-05-23 15:30:44,0.079655
4058606,aafef1ef8de04151afc54fc2146bcf88,menu,,2022-05-23 15:30:56,0.077096
4058608,aac09ff3c2864af9bcfa8a1db2e71f85,menu,,2022-05-23 15:30:58,0.067173
4058623,aafef1ef8de04151afc54fc2146bcf88,menu,,2022-05-23 15:31:07,0.079712
4058637,a34192d0cbc543ebb33aa0bc5651d581,basket,,2022-05-23 15:31:19,0.071968
4058646,aac09ff3c2864af9bcfa8a1db2e71f85,menu,,2022-05-23 15:31:28,0.091254
4058718,aac09ff3c2864af9bcfa8a1db2e71f85,menu,,2022-05-23 15:32:26,0.082521
4058915,aac09ff3c2864af9bcfa8a1db2e71f85,menu,,2022-05-23 15:35:10,0.077018
4058923,a34192d0cbc543ebb33aa0bc5651d581,menu,,2022-05-23 15:35:16,0.072778
4058954,aac09ff3c2864af9bcfa8a1db2e71f85,menu,,2022-05-23 15:35:45,0.056869
4059102,aab1f0c6739b48d5bf75a6d52f94e396,menu,,2022-05-23 15:37:57,0.08276
4059230,aac09ff3c2864af9bcfa8a1db2e71f85,basket,,2022-05-23 15:39:23,0.090893
4059246,aab1f0c6739b48d5bf75a6d52f94e396,menu,,2022-05-23 15:39:40,0.06709
4059357,aab1f0c6739b48d5bf75a6d52f94e396,basket,,2022-05-23 15:41:20,0.058415
4059378,aab1f0c6739b48d5bf75a6d52f94e396,basket,,2022-05-23 15:41:38,0.083717
4059416,aac09ff3c2864af9bcfa8a1db2e71f85,payment,1429408,2022-05-23 15:42:08,0.056074
4059442,aab1f0c6739b48d5bf75a6d52f94e396,basket,,2022-05-23 15:42:31,0.072459
4059583,aab1f0c6739b48d5bf75a6d52f94e396,basket,,2022-05-23 15:44:14,0.056579
4059652,aab1f0c6739b48d5bf75a6d52f94e396,menu,,2022-05-23 15:45:14,0.068796
4059698,aab1f0c6739b48d5bf75a6d52f94e396,payment,1429430,2022-05-23 15:45:48,0.084126
4060626,cda3fd4b7aac452e820e8f1c6b66037e,menu,,2022-05-23 15:59:07,5.59538
4060737,cda3fd4b7aac452e820e8f1c6b66037e,menu,,2022-05-23 16:01:05,0.078222
4061079,399af382ee0e403ab5d7177c577f6975,menu,,2022-05-23 16:06:45,0.073105
4061339,79f3ac8327eb42a4ac6b5131459943cc,menu,,2022-05-23 16:10:50,0.055704
4061373,cda3fd4b7aac452e820e8f1c6b66037e,basket,,2022-05-23 16:11:14,0.112417
4061500,79f3ac8327eb42a4ac6b5131459943cc,menu,,2022-05-23 16:13:02,0.082389
4061556,cda3fd4b7aac452e820e8f1c6b66037e,basket,,2022-05-23 16:13:48,0.06453
4061568,79f3ac8327eb42a4ac6b5131459943cc,menu,,2022-05-23 16:13:58,0.070886
4061591,cda3fd4b7aac452e820e8f1c6b66037e,payment,1429659,2022-05-23 16:14:12,0.072518
4061610,79f3ac8327eb42a4ac6b5131459943cc,menu,,2022-05-23 16:14:31,0.085617
4061631,79f3ac8327eb42a4ac6b5131459943cc,menu,,2022-05-23 16:14:45,0.067422
4061655,399af382ee0e403ab5d7177c577f6975,menu,,2022-05-23 16:15:03,0.075245
4061863,9facb8da415447a2b938838a6d3bf2c1,menu,,2022-05-23 16:18:14,0.070088
4061864,f5b5c2a099754ef687e20b45d942c082,menu,,2022-05-23 16:18:15,0.08023
4062030,399af382ee0e403ab5d7177c577f6975,menu,,2022-05-23 16:20:51,0.067964
4062055,399af382ee0e403ab5d7177c577f6975,basket,,2022-05-23 16:21:14,0.075586
4062083,79f3ac8327eb42a4ac6b5131459943cc,basket,,2022-05-23 16:21:49,0.046159
4062089,399af382ee0e403ab5d7177c577f6975,basket,,2022-05-23 16:21:58,0.073489
4062108,79f3ac8327eb42a4ac6b5131459943cc,menu,,2022-05-23 16:22:18,0.063578
4062116,399af382ee0e403ab5d7177c577f6975,payment,1429713,2022-05-23 16:22:22,0.082729
4062118,399af382ee0e403ab5d7177c577f6975,menu,,2022-05-23 16:22:25,0.055438
4062128,399af382ee0e403ab5d7177c577f6975,menu,,2022-05-23 16:22:35,0.065327
4062147,399af382ee0e403ab5d7177c577f6975,menu,,2022-05-23 16:22:58,0.056844
4062198,79f3ac8327eb42a4ac6b5131459943cc,basket,,2022-05-23 16:23:40,0.083834
4062205,79f3ac8327eb42a4ac6b5131459943cc,basket,,2022-05-23 16:23:44,0.079112
4062220,9facb8da415447a2b938838a6d3bf2c1,menu,,2022-05-23 16:24:01,0.073493
4062314,79f3ac8327eb42a4ac6b5131459943cc,payment,1429732,2022-05-23 16:25:45,0.060391
4062463,f5b5c2a099754ef687e20b45d942c082,menu,,2022-05-23 16:28:24,0.060451
4062553,f5b5c2a099754ef687e20b45d942c082,menu,,2022-05-23 16:29:58,0.043435
4062627,f5b5c2a099754ef687e20b45d942c082,menu,,2022-05-23 16:30:52,0.076679
4062840,f5b5c2a099754ef687e20b45d942c082,basket,,2022-05-23 16:33:39,0.064626
4062903,f5b5c2a099754ef687e20b45d942c082,basket,,2022-05-23 16:34:34,0.075725
4062930,47a1ad0d84bc48e09bd9cb46ed6684e7,menu,,2022-05-23 16:34:58,0.087597
4062963,f5b5c2a099754ef687e20b45d942c082,payment,1429821,2022-05-23 16:35:34,0.081097
4063361,47a1ad0d84bc48e09bd9cb46ed6684e7,menu,,2022-05-23 16:42:53,0.070763
4063738,47a1ad0d84bc48e09bd9cb46ed6684e7,menu,,2022-05-23 16:49:46,0.059408
4063750,6baa69c01d984614aee72468765d476e,menu,,2022-05-23 16:49:57,0.075452
4063768,33b8e7629d0541e58f22a9dc8180145d,menu,,2022-05-23 16:50:14,0.055642
4063894,33b8e7629d0541e58f22a9dc8180145d,menu,,2022-05-23 16:52:30,0.062856
4063908,47a1ad0d84bc48e09bd9cb46ed6684e7,basket,,2022-05-23 16:52:44,0.065881
4063960,6baa69c01d984614aee72468765d476e,menu,,2022-05-23 16:53:35,0.085353
4064125,6baa69c01d984614aee72468765d476e,menu,,2022-05-23 16:56:20,0.062549
4064300,33b8e7629d0541e58f22a9dc8180145d,menu,,2022-05-23 16:59:07,0.087992
4064313,33b8e7629d0541e58f22a9dc8180145d,basket,,2022-05-23 16:59:18,0.058921
4064392,33b8e7629d0541e58f22a9dc8180145d,basket,,2022-05-23 17:00:35,0.047127
4064408,6baa69c01d984614aee72468765d476e,menu,,2022-05-23 17:00:52,0.073282
4064557,33b8e7629d0541e58f22a9dc8180145d,payment,1429995,2022-05-23 17:03:26,0.069784
4064671,6baa69c01d984614aee72468765d476e,basket,,2022-05-23 17:05:26,0.048288
4064687,6baa69c01d984614aee72468765d476e,menu,,2022-05-23 17:05:44,0.046121
4064701,6baa69c01d984614aee72468765d476e,basket,,2022-05-23 17:06:03,0.047249
4064773,6baa69c01d984614aee72468765d476e,payment,1430021,2022-05-23 17:07:12,0.064039
4064813,6baa69c01d984614aee72468765d476e,menu,,2022-05-23 17:07:45,0.063849
4064821,733676b36f3445d7a50b3c3127805d5b,menu,,2022-05-23 17:07:58,0.06782
4065050,733676b36f3445d7a50b3c3127805d5b,menu,,2022-05-23 17:11:32,0.052773
4065111,733676b36f3445d7a50b3c3127805d5b,menu,,2022-05-23 17:12:29,0.080009
4065193,733676b36f3445d7a50b3c3127805d5b,menu,,2022-05-23 17:13:52,0.076119
4065737,733676b36f3445d7a50b3c3127805d5b,basket,,2022-05-23 17:21:54,0.06581
4065752,733676b36f3445d7a50b3c3127805d5b,basket,,2022-05-23 17:22:07,0.060666
4065837,733676b36f3445d7a50b3c3127805d5b,payment,1430150,2022-05-23 17:23:31,0.077615
4066303,143c8fad812a4ccaa8515d9401d98648,menu,,2022-05-23 17:31:47,0.040274
4066441,143c8fad812a4ccaa8515d9401d98648,menu,,2022-05-23 17:34:21,0.081215
4066475,19bb122aa56d4a0fbbe3be941b134f61,menu,,2022-05-23 17:34:48,0.069786
4066565,143c8fad812a4ccaa8515d9401d98648,menu,,2022-05-23 17:36:31,0.050477
4066628,143c8fad812a4ccaa8515d9401d98648,menu,,2022-05-23 17:37:50,0.06089
4066745,19bb122aa56d4a0fbbe3be941b134f61,menu,,2022-05-23 17:39:59,0.080625
4066804,19bb122aa56d4a0fbbe3be941b134f61,menu,,2022-05-23 17:41:17,0.081201
4066828,19bb122aa56d4a0fbbe3be941b134f61,menu,,2022-05-23 17:41:48,0.062897
4066855,19bb122aa56d4a0fbbe3be941b134f61,menu,,2022-05-23 17:42:15,0.07692
4066904,79544cab4a9c4589bb6483ba43c62b4e,menu,,2022-05-23 17:43:08,0.059935
4066927,19bb122aa56d4a0fbbe3be941b134f61,menu,,2022-05-23 17:43:49,0.052283
4066951,19bb122aa56d4a0fbbe3be941b134f61,menu,,2022-05-23 17:44:17,0.056331
4066977,cafabc9b3c834d198eee9d29db331e47,menu,,2022-05-23 17:44:47,0.074649
4067002,19bb122aa56d4a0fbbe3be941b134f61,basket,,2022-05-23 17:45:20,0.085472
4067043,143c8fad812a4ccaa8515d9401d98648,basket,,2022-05-23 17:46:21,0.090227
4067051,19bb122aa56d4a0fbbe3be941b134f61,basket,,2022-05-23 17:46:30,0.0718
4067082,143c8fad812a4ccaa8515d9401d98648,menu,,2022-05-23 17:47:22,0.079337
4067083,19bb122aa56d4a0fbbe3be941b134f61,basket,,2022-05-23 17:47:23,0.063799
4067087,143c8fad812a4ccaa8515d9401d98648,basket,,2022-05-23 17:47:28,0.065942
4067125,cafabc9b3c834d198eee9d29db331e47,menu,,2022-05-23 17:48:12,0.089638
4067127,cafabc9b3c834d198eee9d29db331e47,menu,,2022-05-23 17:48:13,0.07615
4067128,19bb122aa56d4a0fbbe3be941b134f61,payment,1430299,2022-05-23 17:48:13,0.066338
4067163,143c8fad812a4ccaa8515d9401d98648,menu,,2022-05-23 17:48:40,0.079035
4067174,19bb122aa56d4a0fbbe3be941b134f61,menu,,2022-05-23 17:48:55,0.072719
4067180,cafabc9b3c834d198eee9d29db331e47,menu,,2022-05-23 17:49:02,0.078804
4067227,143c8fad812a4ccaa8515d9401d98648,basket,,2022-05-23 17:49:48,0.076063
4067284,a127729227d644e287e86820f60fe47a,menu,,2022-05-23 17:51:02,0.062576
4067286,143c8fad812a4ccaa8515d9401d98648,payment,1430314,2022-05-23 17:51:03,0.049798
4067430,cafabc9b3c834d198eee9d29db331e47,menu,,2022-05-23 17:54:14,0.049382
4067505,79544cab4a9c4589bb6483ba43c62b4e,menu,,2022-05-23 17:55:28,0.058701
4067580,cafabc9b3c834d198eee9d29db331e47,menu,,2022-05-23 17:56:49,0.057891
4067587,cafabc9b3c834d198eee9d29db331e47,basket,,2022-05-23 17:56:57,33.07489
4067613,79544cab4a9c4589bb6483ba43c62b4e,menu,,2022-05-23 17:57:29,0.054046
4067615,79544cab4a9c4589bb6483ba43c62b4e,menu,,2022-05-23 17:57:30,0.069665
4067650,1ba398bba531442a8c53a45582803138,menu,,2022-05-23 17:58:10,0.09243
4067665,79544cab4a9c4589bb6483ba43c62b4e,menu,,2022-05-23 17:58:32,0.058506
4067680,02e36732906e431982291d701789b776,menu,,2022-05-23 17:58:47,0.062834
4067721,79544cab4a9c4589bb6483ba43c62b4e,basket,,2022-05-23 17:59:30,0.057683
4067722,a127729227d644e287e86820f60fe47a,menu,,2022-05-23 17:59:31,0.061724
4067796,79544cab4a9c4589bb6483ba43c62b4e,basket,,2022-05-23 18:00:48,0.070963
4067799,cafabc9b3c834d198eee9d29db331e47,basket,,2022-05-23 18:00:49,0.073511
4067803,02e36732906e431982291d701789b776,menu,,2022-05-23 18:00:56,0.071185
4067834,cafabc9b3c834d198eee9d29db331e47,payment,1430372,2022-05-23 18:01:27,0.061959
4067844,1ba398bba531442a8c53a45582803138,menu,,2022-05-23 18:01:40,0.068036
4067855,79544cab4a9c4589bb6483ba43c62b4e,payment,1430374,2022-05-23 18:01:53,0.078362
4067924,a127729227d644e287e86820f60fe47a,basket,,2022-05-23 18:03:13,0.086804
4067971,a127729227d644e287e86820f60fe47a,basket,,2022-05-23 18:04:05,0.05685
4068029,02e36732906e431982291d701789b776,menu,,2022-05-23 18:05:08,0.07095
4068070,1ba398bba531442a8c53a45582803138,menu,,2022-05-23 18:05:51,0.094399
4068089,a127729227d644e287e86820f60fe47a,menu,,2022-05-23 18:06:07,0.085321
4068114,ab03334c503547caaef9d06dfc4e624c,menu,,2022-05-23 18:06:36,0.07286
4068124,1ba398bba531442a8c53a45582803138,menu,,2022-05-23 18:06:43,0.077796
4068138,02e36732906e431982291d701789b776,menu,,2022-05-23 18:06:53,0.069298
4068163,ab03334c503547caaef9d06dfc4e624c,menu,,2022-05-23 18:07:21,0.075065
4068178,ab03334c503547caaef9d06dfc4e624c,menu,,2022-05-23 18:07:32,0.095872
4068217,1ba398bba531442a8c53a45582803138,basket,,2022-05-23 18:08:05,0.07066
4068219,02e36732906e431982291d701789b776,menu,,2022-05-23 18:08:08,0.081055
4068352,1ba398bba531442a8c53a45582803138,basket,,2022-05-23 18:10:44,0.068247
4068353,1ba398bba531442a8c53a45582803138,basket,,2022-05-23 18:10:45,0.072697
4068379,02e36732906e431982291d701789b776,menu,,2022-05-23 18:11:20,0.061257
4068395,1ba398bba531442a8c53a45582803138,payment,1430432,2022-05-23 18:11:37,0.057734
4068407,ab03334c503547caaef9d06dfc4e624c,menu,,2022-05-23 18:11:48,0.077619
4068484,69964b2243eb4e91970d024afb0f8002,menu,,2022-05-23 18:13:16,0.045489
4068506,d2dc62afe01f449ea598bbee77372a47,menu,,2022-05-23 18:13:41,0.056244
4068548,02e36732906e431982291d701789b776,basket,,2022-05-23 18:14:25,0.052164
4068726,69964b2243eb4e91970d024afb0f8002,menu,,2022-05-23 18:17:39,0.074132
4068749,02e36732906e431982291d701789b776,payment,1430473,2022-05-23 18:18:08,0.073551
4068805,ab03334c503547caaef9d06dfc4e624c,menu,,2022-05-23 18:19:21,0.067961
4068834,ab03334c503547caaef9d06dfc4e624c,basket,,2022-05-23 18:19:56,0.060668
4068928,ab03334c503547caaef9d06dfc4e624c,basket,,2022-05-23 18:22:03,0.067116
4069027,ab03334c503547caaef9d06dfc4e624c,payment,1430498,2022-05-23 18:23:49,0.067792
4069132,d2dc62afe01f449ea598bbee77372a47,menu,,2022-05-23 18:25:25,0.053181
4069243,69964b2243eb4e91970d024afb0f8002,menu,,2022-05-23 18:27:24,0.077537
4069306,69964b2243eb4e91970d024afb0f8002,basket,,2022-05-23 18:28:23,0.08593
4069313,69964b2243eb4e91970d024afb0f8002,menu,,2022-05-23 18:28:31,0.065936
4069337,69964b2243eb4e91970d024afb0f8002,menu,,2022-05-23 18:28:59,0.078048
4069359,69964b2243eb4e91970d024afb0f8002,menu,,2022-05-23 18:29:28,0
4069417,d2dc62afe01f449ea598bbee77372a47,menu,,2022-05-23 18:30:27,0.083426
4069429,69964b2243eb4e91970d024afb0f8002,basket,,2022-05-23 18:30:39,0.057489
4069458,d2dc62afe01f449ea598bbee77372a47,basket,,2022-05-23 18:31:06,0.078727
4069480,69964b2243eb4e91970d024afb0f8002,basket,,2022-05-23 18:31:31,0.07134
4069517,d2dc62afe01f449ea598bbee77372a47,menu,,2022-05-23 18:32:14,0.059787
4069542,69964b2243eb4e91970d024afb0f8002,payment,1430566,2022-05-23 18:32:32,0.081012
4069551,69964b2243eb4e91970d024afb0f8002,menu,,2022-05-23 18:32:43,0.071303
4069552,d2dc62afe01f449ea598bbee77372a47,payment,1430567,2022-05-23 18:32:47,0.085618
4069556,69964b2243eb4e91970d024afb0f8002,menu,,2022-05-23 18:32:52,0.084887
4069579,d2dc62afe01f449ea598bbee77372a47,menu,,2022-05-23 18:33:18,0.07743
4070072,1ba90d7867e84c53b6e2729f3828bf9d,menu,,2022-05-23 18:43:27,0.08311
4070205,62d8af31172d421a84a53b2e277986a3,menu,,2022-05-23 18:45:57,0.057024
4070264,af0d35b79fc44c459060cba270a4a589,menu,,2022-05-23 18:47:04,0.076418
4070328,62d8af31172d421a84a53b2e277986a3,menu,,2022-05-23 18:48:18,0.071066
4070381,af0d35b79fc44c459060cba270a4a589,menu,,2022-05-23 18:49:35,0.078757
4070401,62d8af31172d421a84a53b2e277986a3,menu,,2022-05-23 18:49:50,0.071478
4070427,1ba90d7867e84c53b6e2729f3828bf9d,menu,,2022-05-23 18:50:15,0.0968
4070488,62d8af31172d421a84a53b2e277986a3,menu,,2022-05-23 18:51:31,0.064244
4070496,56dd803378d54901a8a0e9748d990f04,menu,,2022-05-23 18:51:35,0.063156
4070533,62d8af31172d421a84a53b2e277986a3,menu,,2022-05-23 18:52:37,0.063218
4070653,af0d35b79fc44c459060cba270a4a589,menu,,2022-05-23 18:54:55,0.079424
4070718,af0d35b79fc44c459060cba270a4a589,menu,,2022-05-23 18:55:58,0.084994
4070753,62d8af31172d421a84a53b2e277986a3,menu,,2022-05-23 18:56:48,0.083357
4070759,af0d35b79fc44c459060cba270a4a589,menu,,2022-05-23 18:56:57,0.070622
4070770,a127729227d644e287e86820f60fe47a,menu,,2022-05-23 18:57:06,0.070363
4070854,a127729227d644e287e86820f60fe47a,basket,,2022-05-23 18:58:34,0.058973
4070878,a127729227d644e287e86820f60fe47a,basket,,2022-05-23 18:58:59,0.064487
4070882,af0d35b79fc44c459060cba270a4a589,menu,,2022-05-23 18:59:02,0.074828
4070884,1ba90d7867e84c53b6e2729f3828bf9d,menu,,2022-05-23 18:59:06,0.06186
4070887,62d8af31172d421a84a53b2e277986a3,menu,,2022-05-23 18:59:11,0.044686
4070919,a127729227d644e287e86820f60fe47a,basket,,2022-05-23 18:59:59,0.112504
4070954,00850494ea6d4b11b0d0b7db64ee99e0,menu,,2022-05-23 19:00:35,0.074046
4070992,a127729227d644e287e86820f60fe47a,payment,1430737,2022-05-23 19:01:21,0.06116
4070995,56dd803378d54901a8a0e9748d990f04,menu,,2022-05-23 19:01:25,0.083205
4071017,56dd803378d54901a8a0e9748d990f04,menu,,2022-05-23 19:02:01,0.053339
4071018,a127729227d644e287e86820f60fe47a,menu,,2022-05-23 19:02:02,0.072073
4071036,62d8af31172d421a84a53b2e277986a3,basket,,2022-05-23 19:02:17,0.051503
4071075,56dd803378d54901a8a0e9748d990f04,basket,,2022-05-23 19:03:10,0.081753
4071087,62d8af31172d421a84a53b2e277986a3,basket,,2022-05-23 19:03:23,0.062871
4071114,62d8af31172d421a84a53b2e277986a3,payment,1430746,2022-05-23 19:04:00,0.073557
4071122,56dd803378d54901a8a0e9748d990f04,menu,,2022-05-23 19:04:10,0.067266
4071131,af0d35b79fc44c459060cba270a4a589,basket,,2022-05-23 19:04:22,0.066566
4071199,af0d35b79fc44c459060cba270a4a589,payment,1430756,2022-05-23 19:05:36,0.081078
4071211,56dd803378d54901a8a0e9748d990f04,payment,1430758,2022-05-23 19:05:49,0.053599
4071234,c63c7041f79a47849b828dd960fa37f3,menu,,2022-05-23 19:06:21,0.061072
4071606,9ef340e8e77445f1ba6e19075df00ff2,menu,,2022-05-23 19:13:45,0.063151
4071614,dd537b7f13194d1dabddc9626adcc409,menu,,2022-05-23 19:13:52,0.080716
4071661,c63c7041f79a47849b828dd960fa37f3,menu,,2022-05-23 19:14:31,0.077961
4071709,c63c7041f79a47849b828dd960fa37f3,menu,,2022-05-23 19:15:36,0.069956
4071713,00850494ea6d4b11b0d0b7db64ee99e0,menu,,2022-05-23 19:15:39,0.071228
4071845,00850494ea6d4b11b0d0b7db64ee99e0,basket,,2022-05-23 19:18:31,0.082342
4071897,dd537b7f13194d1dabddc9626adcc409,basket,,2022-05-23 19:19:37,0.073906
4071932,dd537b7f13194d1dabddc9626adcc409,basket,,2022-05-23 19:20:43,0.06226
4071952,c63c7041f79a47849b828dd960fa37f3,basket,,2022-05-23 19:21:13,0.068312
4071963,9ef340e8e77445f1ba6e19075df00ff2,basket,,2022-05-23 19:21:24,0.103409
4071967,dd537b7f13194d1dabddc9626adcc409,menu,,2022-05-23 19:21:27,0.062443
4071978,dd537b7f13194d1dabddc9626adcc409,menu,,2022-05-23 19:21:52,0.083439
4071985,dd537b7f13194d1dabddc9626adcc409,menu,,2022-05-23 19:21:58,0.049411
4072005,9ef340e8e77445f1ba6e19075df00ff2,menu,,2022-05-23 19:22:21,0.06307
4072012,9ef340e8e77445f1ba6e19075df00ff2,menu,,2022-05-23 19:22:27,0.073963
4072045,dd537b7f13194d1dabddc9626adcc409,basket,,2022-05-23 19:23:14,0.069545
4072048,e9041d40b7b74cc79413ff1883ae74f8,menu,,2022-05-23 19:23:18,0
4072073,c63c7041f79a47849b828dd960fa37f3,basket,,2022-05-23 19:23:42,0.071032
4072077,dd537b7f13194d1dabddc9626adcc409,payment,1430863,2022-05-23 19:23:49,0.071103
4072082,c63c7041f79a47849b828dd960fa37f3,basket,,2022-05-23 19:23:54,0.059936
4072108,9ef340e8e77445f1ba6e19075df00ff2,menu,,2022-05-23 19:24:24,0.077961
4072166,9ef340e8e77445f1ba6e19075df00ff2,payment,1430873,2022-05-23 19:25:36,0.060493
4072182,c63c7041f79a47849b828dd960fa37f3,payment,1430876,2022-05-23 19:25:55,0.051944
4072317,e9041d40b7b74cc79413ff1883ae74f8,menu,,2022-05-23 19:29:05,0.08686
4072417,e9041d40b7b74cc79413ff1883ae74f8,basket,,2022-05-23 19:31:15,0.078391
4072430,e9041d40b7b74cc79413ff1883ae74f8,menu,,2022-05-23 19:31:35,0.067897
4072471,e9041d40b7b74cc79413ff1883ae74f8,menu,,2022-05-23 19:32:35,0.088771
4072513,e9041d40b7b74cc79413ff1883ae74f8,menu,,2022-05-23 19:33:27,0.091806
4072555,e9041d40b7b74cc79413ff1883ae74f8,payment,1430915,2022-05-23 19:34:26,0.084269
4073204,7e7f100eabdb4a3d8f451e7c2f0bf880,menu,,2022-05-23 19:49:20,0.058569
4073264,7e7f100eabdb4a3d8f451e7c2f0bf880,basket,,2022-05-23 19:51:04,0.096303
4073309,7e7f100eabdb4a3d8f451e7c2f0bf880,basket,,2022-05-23 19:52:20,0.075361
4073553,41273e6873444fd081e9cd8d79c2dafc,menu,,2022-05-23 19:58:52,0.075905
4073564,00cf9affb3564ccaa57ed3f50f20faf5,menu,,2022-05-23 19:59:08,0.070677
4073602,39bbee5566ee4831892a382c71c0e488,menu,,2022-05-23 19:59:56,0.074988
4073654,00cf9affb3564ccaa57ed3f50f20faf5,menu,,2022-05-23 20:01:06,0.087689
4073662,00cf9affb3564ccaa57ed3f50f20faf5,menu,,2022-05-23 20:01:19,0.056393
4073667,00cf9affb3564ccaa57ed3f50f20faf5,menu,,2022-05-23 20:01:23,0.087682
4073684,39bbee5566ee4831892a382c71c0e488,menu,,2022-05-23 20:01:53,0.072996
4073735,41273e6873444fd081e9cd8d79c2dafc,menu,,2022-05-23 20:03:12,0.080724
4073791,41273e6873444fd081e9cd8d79c2dafc,menu,,2022-05-23 20:04:36,0.079223
4073799,00cf9affb3564ccaa57ed3f50f20faf5,menu,,2022-05-23 20:04:49,0.065056
4073813,00cf9affb3564ccaa57ed3f50f20faf5,menu,,2022-05-23 20:05:10,0.078456
4073896,39bbee5566ee4831892a382c71c0e488,menu,,2022-05-23 20:07:03,0.066236
4073993,39bbee5566ee4831892a382c71c0e488,menu,,2022-05-23 20:09:08,0.072188
4074073,4be337788cb24bcaa1eff228f82d0971,menu,,2022-05-23 20:11:17,0.062163
4074079,39bbee5566ee4831892a382c71c0e488,menu,,2022-05-23 20:11:23,0.046607
4074123,39bbee5566ee4831892a382c71c0e488,basket,,2022-05-23 20:12:24,0.072728
4074162,39bbee5566ee4831892a382c71c0e488,basket,,2022-05-23 20:13:48,0.050065
4074186,00cf9affb3564ccaa57ed3f50f20faf5,basket,,2022-05-23 20:14:16,0.063451
4074197,39bbee5566ee4831892a382c71c0e488,payment,1431118,2022-05-23 20:14:35,0.087944
4074224,4be337788cb24bcaa1eff228f82d0971,menu,,2022-05-23 20:15:21,0.086374
4074234,00cf9affb3564ccaa57ed3f50f20faf5,basket,,2022-05-23 20:15:50,0.071544
4074241,41273e6873444fd081e9cd8d79c2dafc,menu,,2022-05-23 20:16:01,0.093108
4074257,41273e6873444fd081e9cd8d79c2dafc,basket,,2022-05-23 20:16:24,0.087927
4074310,00cf9affb3564ccaa57ed3f50f20faf5,payment,1431132,2022-05-23 20:17:54,0.078323
4074333,41273e6873444fd081e9cd8d79c2dafc,payment,1431133,2022-05-23 20:18:20,0.075783
4074341,5d3f7ca713ee4c99a3a5b809f6aa4646,menu,,2022-05-23 20:18:33,0.056513
4074350,5d3f7ca713ee4c99a3a5b809f6aa4646,menu,,2022-05-23 20:18:55,0.082995
4074426,4be337788cb24bcaa1eff228f82d0971,basket,,2022-05-23 20:20:55,0.069841
4074464,4be337788cb24bcaa1eff228f82d0971,basket,,2022-05-23 20:21:48,0.069062
4074523,5d3f7ca713ee4c99a3a5b809f6aa4646,menu,,2022-05-23 20:23:41,0.078058
4074526,5d3f7ca713ee4c99a3a5b809f6aa4646,menu,,2022-05-23 20:23:56,0.066299
4074542,4be337788cb24bcaa1eff228f82d0971,menu,,2022-05-23 20:24:34,0
4074565,5d3f7ca713ee4c99a3a5b809f6aa4646,menu,,2022-05-23 20:25:04,0.081495
4074576,4be337788cb24bcaa1eff228f82d0971,menu,,2022-05-23 20:25:26,0.076795
4074587,4be337788cb24bcaa1eff228f82d0971,payment,1431165,2022-05-23 20:25:47,0.052866
4074821,5d3f7ca713ee4c99a3a5b809f6aa4646,menu,,2022-05-23 20:32:48,0.065043
4074836,5d3f7ca713ee4c99a3a5b809f6aa4646,basket,,2022-05-23 20:33:14,0.078796
4074837,5d3f7ca713ee4c99a3a5b809f6aa4646,basket,,2022-05-23 20:33:15,0.069051
4074936,45dd32083c1149cbbb322bdb0f4359ab,menu,,2022-05-23 20:36:38,0.075187
4074949,5d3f7ca713ee4c99a3a5b809f6aa4646,payment,1431204,2022-05-23 20:37:01,0.079357
4075029,c586a9fbe0a2404aa19f64cdae128920,menu,,2022-05-23 20:39:03,0.073833
4075071,7eee1497a4374578a1cd9bdc5d66d569,menu,,2022-05-23 20:40:15,0.076902
4075092,45dd32083c1149cbbb322bdb0f4359ab,menu,,2022-05-23 20:40:44,0.078596
4075103,c586a9fbe0a2404aa19f64cdae128920,menu,,2022-05-23 20:41:05,0.053357
4075118,45dd32083c1149cbbb322bdb0f4359ab,menu,,2022-05-23 20:41:26,0.072056
4075152,c586a9fbe0a2404aa19f64cdae128920,menu,,2022-05-23 20:42:33,0.063489
4075177,c586a9fbe0a2404aa19f64cdae128920,menu,,2022-05-23 20:43:21,0.05212
4075205,45dd32083c1149cbbb322bdb0f4359ab,basket,,2022-05-23 20:44:11,0.075757
4075241,45dd32083c1149cbbb322bdb0f4359ab,basket,,2022-05-23 20:45:13,0.069337
4075242,c586a9fbe0a2404aa19f64cdae128920,menu,,2022-05-23 20:45:14,0.088446
4075366,45dd32083c1149cbbb322bdb0f4359ab,payment,1431245,2022-05-23 20:48:31,0.067518
4075391,98b7622d25be43079d9a3ee71c2af5c9,menu,,2022-05-23 20:49:09,0.070291
4075416,c586a9fbe0a2404aa19f64cdae128920,menu,,2022-05-23 20:49:46,0.072819
4075435,c586a9fbe0a2404aa19f64cdae128920,basket,,2022-05-23 20:50:24,0.039393
4075458,98b7622d25be43079d9a3ee71c2af5c9,menu,,2022-05-23 20:51:13,0.049462
4075574,c586a9fbe0a2404aa19f64cdae128920,payment,1431274,2022-05-23 20:54:37,0.091588
4075586,98b7622d25be43079d9a3ee71c2af5c9,menu,,2022-05-23 20:54:58,0.073711
4075616,7eee1497a4374578a1cd9bdc5d66d569,basket,,2022-05-23 20:55:29,0.076187
4075691,7eee1497a4374578a1cd9bdc5d66d569,menu,,2022-05-23 20:57:46,0.063777
4075702,98b7622d25be43079d9a3ee71c2af5c9,menu,,2022-05-23 20:58:03,0.054587
4075912,98b7622d25be43079d9a3ee71c2af5c9,basket,,2022-05-23 21:04:29,0.070419
4075955,98b7622d25be43079d9a3ee71c2af5c9,basket,,2022-05-23 21:06:14,0.064124
4075962,98b7622d25be43079d9a3ee71c2af5c9,menu,,2022-05-23 21:06:27,0.077061
4075970,98b7622d25be43079d9a3ee71c2af5c9,menu,,2022-05-23 21:06:36,0.099388
4076005,98b7622d25be43079d9a3ee71c2af5c9,payment,1431326,2022-05-23 21:07:33,0.05894
4076075,69fc1ce43d644799b49cc16703b19e82,menu,,2022-05-23 21:09:36,0.059045
4076251,69fc1ce43d644799b49cc16703b19e82,menu,,2022-05-23 21:15:00,0.08183
4076371,69fc1ce43d644799b49cc16703b19e82,menu,,2022-05-23 21:18:57,0.059858
4076577,69fc1ce43d644799b49cc16703b19e82,basket,,2022-05-23 21:26:03,0.074384
4076593,69fc1ce43d644799b49cc16703b19e82,payment,1431400,2022-05-23 21:26:40,0.071901
4076594,69fc1ce43d644799b49cc16703b19e82,menu,,2022-05-23 21:26:42,0.067752
4076637,063cfcbf8512453eaceb89115039fae9,menu,,2022-05-23 21:28:16,0.084699
4076698,063cfcbf8512453eaceb89115039fae9,menu,,2022-05-23 21:30:15,0.053023
4076738,7bf887ce87d9439481399a6ce84eebbb,menu,,2022-05-23 21:31:30,0.057182
4076757,7bf887ce87d9439481399a6ce84eebbb,basket,,2022-05-23 21:32:09,0.087563
4076790,7bf887ce87d9439481399a6ce84eebbb,menu,,2022-05-23 21:33:44,0.080781
4076803,7bf887ce87d9439481399a6ce84eebbb,basket,,2022-05-23 21:34:20,0.077576
4076811,7bf887ce87d9439481399a6ce84eebbb,basket,,2022-05-23 21:34:35,0.060486
4076825,063cfcbf8512453eaceb89115039fae9,menu,,2022-05-23 21:34:58,0.086434
4076859,7bf887ce87d9439481399a6ce84eebbb,payment,1431431,2022-05-23 21:36:05,0.069034
4076879,99823d481d6c439c9df690836817cfcf,menu,,2022-05-23 21:36:45,0.076921
4076925,99823d481d6c439c9df690836817cfcf,menu,,2022-05-23 21:38:04,0.078321
4076990,063cfcbf8512453eaceb89115039fae9,menu,,2022-05-23 21:40:33,0.093929
4077036,063cfcbf8512453eaceb89115039fae9,basket,,2022-05-23 21:42:46,0.058832
4077038,063cfcbf8512453eaceb89115039fae9,basket,,2022-05-23 21:42:46,0.056169
4077042,edb6506f11344f0c947b5a04d53a71d5,menu,,2022-05-23 21:42:53,0.068613
4077071,063cfcbf8512453eaceb89115039fae9,menu,,2022-05-23 21:44:17,0.067842
4077085,99823d481d6c439c9df690836817cfcf,menu,,2022-05-23 21:44:42,0.067511
4077090,99823d481d6c439c9df690836817cfcf,menu,,2022-05-23 21:45:03,0.066914
4077121,063cfcbf8512453eaceb89115039fae9,payment,1431467,2022-05-23 21:46:21,0.077391
4077128,edb6506f11344f0c947b5a04d53a71d5,menu,,2022-05-23 21:46:52,0.069202
4077129,edb6506f11344f0c947b5a04d53a71d5,menu,,2022-05-23 21:47:02,0.060099
4077139,99823d481d6c439c9df690836817cfcf,menu,,2022-05-23 21:47:38,0.059246
4077146,99823d481d6c439c9df690836817cfcf,menu,,2022-05-23 21:47:57,0.061511
4077173,99823d481d6c439c9df690836817cfcf,basket,,2022-05-23 21:49:23,0.073219
4077194,99823d481d6c439c9df690836817cfcf,basket,,2022-05-23 21:50:14,0.059917
4077217,99823d481d6c439c9df690836817cfcf,basket,,2022-05-23 21:51:14,0.071963
4077234,99823d481d6c439c9df690836817cfcf,basket,,2022-05-23 21:52:35,0.048973
4077244,99823d481d6c439c9df690836817cfcf,payment,1431488,2022-05-23 21:53:26,0.068711
4077251,99823d481d6c439c9df690836817cfcf,menu,,2022-05-23 21:53:43,0.052382
4077263,edb6506f11344f0c947b5a04d53a71d5,menu,,2022-05-23 21:54:26,0.078376
4077277,edb6506f11344f0c947b5a04d53a71d5,menu,,2022-05-23 21:55:23,0.053063
4077282,edb6506f11344f0c947b5a04d53a71d5,menu,,2022-05-23 21:56:01,0.07439
4077283,edb6506f11344f0c947b5a04d53a71d5,basket,,2022-05-23 21:56:03,0.0719
4077317,edb6506f11344f0c947b5a04d53a71d5,payment,1431504,2022-05-23 21:59:41,0.065725
4077514,f3706d42fc244d6c93de189bd99ca435,menu,,2022-05-24 0:48:46,0.058563
4077515,f3706d42fc244d6c93de189bd99ca435,menu,,2022-05-24 0:49:28,0.06332
4077520,f3706d42fc244d6c93de189bd99ca435,menu,,2022-05-24 0:53:18,0.081615
4077523,b05bb2515bb34ea3942d943fb0e7af51,menu,,2022-05-24 1:03:25,0.051992
4077525,f3706d42fc244d6c93de189bd99ca435,basket,,2022-05-24 1:03:47,0.059784
4077527,f3706d42fc244d6c93de189bd99ca435,menu,,2022-05-24 1:03:50,0.064739
4077532,b05bb2515bb34ea3942d943fb0e7af51,menu,,2022-05-24 1:07:56,0.056169
4077533,b05bb2515bb34ea3942d943fb0e7af51,menu,,2022-05-24 1:10:54,0.076343
4077535,b05bb2515bb34ea3942d943fb0e7af51,basket,,2022-05-24 1:13:57,0.078076
4077537,b05bb2515bb34ea3942d943fb0e7af51,basket,,2022-05-24 1:14:48,0.067297
4077744,94f472287bc5404cae59f49418a1af37,menu,,2022-05-24 7:01:58,0.081125
4077768,94f472287bc5404cae59f49418a1af37,basket,,2022-05-24 7:18:13,0.062384
4078176,0336f1ed68fb4ca19cf118205df8649a,menu,,2022-05-24 9:42:41,0.059221
4078186,2fdb9719afae468fbd3e8a654a1e797e,menu,,2022-05-24 9:44:13,0.088548
4078205,2fdb9719afae468fbd3e8a654a1e797e,menu,,2022-05-24 9:48:52,0.075827
4078240,2e0daa52ec39435a900c6fead74e553c,menu,,2022-05-24 9:54:06,0.07947
4078243,0336f1ed68fb4ca19cf118205df8649a,menu,,2022-05-24 9:54:20,0.073847
4078268,2e0daa52ec39435a900c6fead74e553c,menu,,2022-05-24 9:56:51,0.056796
4078271,2e0daa52ec39435a900c6fead74e553c,menu,,2022-05-24 9:56:57,0.065005
4078279,2e0daa52ec39435a900c6fead74e553c,menu,,2022-05-24 9:57:26,0.065323
4078290,2e0daa52ec39435a900c6fead74e553c,basket,,2022-05-24 9:58:27,0.06819
4078292,0336f1ed68fb4ca19cf118205df8649a,menu,,2022-05-24 9:58:32,0.055811
4078294,0336f1ed68fb4ca19cf118205df8649a,menu,,2022-05-24 9:58:44,0.058469
4078296,2e0daa52ec39435a900c6fead74e553c,menu,,2022-05-24 9:58:46,0.069744
4078312,2fdb9719afae468fbd3e8a654a1e797e,menu,,2022-05-24 10:00:00,0.06676
4078315,2fdb9719afae468fbd3e8a654a1e797e,menu,,2022-05-24 10:00:03,0.072731
4078321,2e0daa52ec39435a900c6fead74e553c,basket,,2022-05-24 10:00:18,0.083604
4078325,2e0daa52ec39435a900c6fead74e553c,basket,,2022-05-24 10:00:29,0.070626
4078344,2e0daa52ec39435a900c6fead74e553c,menu,,2022-05-24 10:01:27,0.074379
4078345,2fdb9719afae468fbd3e8a654a1e797e,basket,,2022-05-24 10:01:31,0.072421
4078351,2fdb9719afae468fbd3e8a654a1e797e,menu,,2022-05-24 10:01:58,0.066654
4078362,2e0daa52ec39435a900c6fead74e553c,payment,1431510,2022-05-24 10:03:17,0.068386
4078370,2fdb9719afae468fbd3e8a654a1e797e,payment,1431511,2022-05-24 10:03:42,0.088215
4078378,230d30391a694af594d585d22b3242a3,menu,,2022-05-24 10:04:34,0.067281
4078386,230d30391a694af594d585d22b3242a3,menu,,2022-05-24 10:05:11,0.072301
4078392,230d30391a694af594d585d22b3242a3,menu,,2022-05-24 10:05:19,0.102845
4078505,230d30391a694af594d585d22b3242a3,menu,,2022-05-24 10:12:50,0.050482
4078513,230d30391a694af594d585d22b3242a3,basket,,2022-05-24 10:13:29,0.06365
4078518,230d30391a694af594d585d22b3242a3,basket,,2022-05-24 10:13:48,0.075463
4078551,230d30391a694af594d585d22b3242a3,menu,,2022-05-24 10:15:44,0.054413
4078567,230d30391a694af594d585d22b3242a3,basket,,2022-05-24 10:17:10,0.073833
4078587,230d30391a694af594d585d22b3242a3,payment,1431530,2022-05-24 10:18:17,0.082153
4078600,7fbe0f13d2974b5a8dda9d57665107c4,menu,,2022-05-24 10:18:55,0.071516
4078629,7fbe0f13d2974b5a8dda9d57665107c4,menu,,2022-05-24 10:20:18,0.069382
4078858,1145600cb9f34ef7a4c7f2f971bfed13,menu,,2022-05-24 10:32:22,0.064024
4078869,1145600cb9f34ef7a4c7f2f971bfed13,menu,,2022-05-24 10:32:54,0.083039
4078891,7fbe0f13d2974b5a8dda9d57665107c4,basket,,2022-05-24 10:34:02,0.057547
4078897,1145600cb9f34ef7a4c7f2f971bfed13,menu,,2022-05-24 10:34:09,0.061036
4078918,7fbe0f13d2974b5a8dda9d57665107c4,menu,,2022-05-24 10:35:08,0.068529
4078948,8644ba01d6334d85a40d00b2cb36d3cf,menu,,2022-05-24 10:36:13,0.066774
4078961,7fbe0f13d2974b5a8dda9d57665107c4,menu,,2022-05-24 10:36:45,0.070185
4079002,7fbe0f13d2974b5a8dda9d57665107c4,payment,1431562,2022-05-24 10:38:10,0.085113
4079153,8644ba01d6334d85a40d00b2cb36d3cf,menu,,2022-05-24 10:43:34,0.08457
4079206,1145600cb9f34ef7a4c7f2f971bfed13,menu,,2022-05-24 10:45:39,0.061659
4079218,8644ba01d6334d85a40d00b2cb36d3cf,menu,,2022-05-24 10:46:05,0.070638
4079259,1145600cb9f34ef7a4c7f2f971bfed13,basket,,2022-05-24 10:47:41,0.064509
4079343,1145600cb9f34ef7a4c7f2f971bfed13,basket,,2022-05-24 10:50:06,0.077111
4079419,8644ba01d6334d85a40d00b2cb36d3cf,menu,,2022-05-24 10:52:43,0.063753
4079436,8644ba01d6334d85a40d00b2cb36d3cf,basket,,2022-05-24 10:53:12,0.062045
4079476,8644ba01d6334d85a40d00b2cb36d3cf,basket,,2022-05-24 10:54:36,0.072162
4080099,a77c4d874432482f9a6ca41ed0cfce6c,menu,,2022-05-24 11:13:07,0.070324
4080210,a77c4d874432482f9a6ca41ed0cfce6c,menu,,2022-05-24 11:15:45,0.051947
4080246,317df226fc3149e3bad219f8758f89cf,menu,,2022-05-24 11:16:54,0.071983
4080358,317df226fc3149e3bad219f8758f89cf,menu,,2022-05-24 11:19:36,0.06593
4080366,317df226fc3149e3bad219f8758f89cf,menu,,2022-05-24 11:19:52,0.058941
4080408,317df226fc3149e3bad219f8758f89cf,menu,,2022-05-24 11:21:13,0.067377
4080476,317df226fc3149e3bad219f8758f89cf,menu,,2022-05-24 11:22:55,0.068579
4080483,317df226fc3149e3bad219f8758f89cf,menu,,2022-05-24 11:23:06,0.07681
4080487,317df226fc3149e3bad219f8758f89cf,menu,,2022-05-24 11:23:16,0.059995
4080492,a77c4d874432482f9a6ca41ed0cfce6c,menu,,2022-05-24 11:23:21,0.067555
4080764,a77c4d874432482f9a6ca41ed0cfce6c,menu,,2022-05-24 11:28:58,0.075298
4080873,a77c4d874432482f9a6ca41ed0cfce6c,menu,,2022-05-24 11:31:19,0.081762
4080881,a77c4d874432482f9a6ca41ed0cfce6c,basket,,2022-05-24 11:31:39,0.064796
4080883,317df226fc3149e3bad219f8758f89cf,basket,,2022-05-24 11:31:45,0.091567
4080891,a77c4d874432482f9a6ca41ed0cfce6c,menu,,2022-05-24 11:31:59,0.081868
4080932,a77c4d874432482f9a6ca41ed0cfce6c,payment,1431753,2022-05-24 11:32:51,0.057585
4080950,39a21daae3224ccc9eabd01e7ac672c1,menu,,2022-05-24 11:33:06,0.071371
4081015,02f2cec4b1094718aa05b94ff3ec6f55,menu,,2022-05-24 11:34:26,0.084485
4081060,317df226fc3149e3bad219f8758f89cf,payment,1431769,2022-05-24 11:35:26,0.085154
4081081,02f2cec4b1094718aa05b94ff3ec6f55,menu,,2022-05-24 11:35:56,0.072547
4081128,c8beb23f5d5f46fda63ecfb3ecab0b5e,menu,,2022-05-24 11:36:35,0.058326
4081199,c8beb23f5d5f46fda63ecfb3ecab0b5e,menu,,2022-05-24 11:37:56,0.072104
4081252,c8beb23f5d5f46fda63ecfb3ecab0b5e,menu,,2022-05-24 11:38:51,0.061149
4081259,39a21daae3224ccc9eabd01e7ac672c1,menu,,2022-05-24 11:38:56,0.07957
4081370,02f2cec4b1094718aa05b94ff3ec6f55,basket,,2022-05-24 11:40:58,0.07155
4081391,c8beb23f5d5f46fda63ecfb3ecab0b5e,basket,,2022-05-24 11:41:17,0.087992
4081439,39a21daae3224ccc9eabd01e7ac672c1,menu,,2022-05-24 11:42:09,0.068367
4081440,39a21daae3224ccc9eabd01e7ac672c1,menu,,2022-05-24 11:42:10,0.059427
4081444,39a21daae3224ccc9eabd01e7ac672c1,menu,,2022-05-24 11:42:15,0.064187
4081452,02f2cec4b1094718aa05b94ff3ec6f55,basket,,2022-05-24 11:42:26,0.0742
4081466,0117aae057174938a0828602758ea12e,menu,,2022-05-24 11:42:45,0.082264
4081477,39a21daae3224ccc9eabd01e7ac672c1,menu,,2022-05-24 11:42:53,0.068521
4081480,39a21daae3224ccc9eabd01e7ac672c1,menu,,2022-05-24 11:42:56,0.071438
4081576,0117aae057174938a0828602758ea12e,menu,,2022-05-24 11:44:58,0.064232
4081617,c8beb23f5d5f46fda63ecfb3ecab0b5e,menu,,2022-05-24 11:45:54,0.041593
4081629,39a21daae3224ccc9eabd01e7ac672c1,basket,,2022-05-24 11:46:08,0.079105
4081635,39a21daae3224ccc9eabd01e7ac672c1,basket,,2022-05-24 11:46:18,0.070748
4081730,39a21daae3224ccc9eabd01e7ac672c1,basket,,2022-05-24 11:48:17,0.07237
4081783,39a21daae3224ccc9eabd01e7ac672c1,payment,1431850,2022-05-24 11:49:28,0.071031
4081845,0117aae057174938a0828602758ea12e,menu,,2022-05-24 11:50:58,0.066333
4082097,e92feab79cfa412ea4aa0fb1a9d7bc28,menu,,2022-05-24 11:55:42,0.080921
4082100,2fdb9719afae468fbd3e8a654a1e797e,menu,,2022-05-24 11:55:47,0.075377
4082105,0117aae057174938a0828602758ea12e,menu,,2022-05-24 11:55:54,0.06684
4082116,0117aae057174938a0828602758ea12e,basket,,2022-05-24 11:56:07,0.070201
4082130,0117aae057174938a0828602758ea12e,menu,,2022-05-24 11:56:20,0.061982
4082134,1857efaa780e4f58bd6dc7bc8c4cea39,menu,,2022-05-24 11:56:24,0.069489
4082135,0117aae057174938a0828602758ea12e,basket,,2022-05-24 11:56:24,0.073558
4082167,2fdb9719afae468fbd3e8a654a1e797e,menu,,2022-05-24 11:56:59,0.071893
4082232,0117aae057174938a0828602758ea12e,menu,,2022-05-24 11:58:08,0.06288
4082247,2fdb9719afae468fbd3e8a654a1e797e,menu,,2022-05-24 11:58:19,0.074278
4082260,e92feab79cfa412ea4aa0fb1a9d7bc28,menu,,2022-05-24 11:58:31,0.063174
4082306,1857efaa780e4f58bd6dc7bc8c4cea39,menu,,2022-05-24 11:59:29,0.077861
4082333,0117aae057174938a0828602758ea12e,payment,1431913,2022-05-24 11:59:58,0.064356
4082548,e92feab79cfa412ea4aa0fb1a9d7bc28,menu,,2022-05-24 12:04:16,0.071632
4082635,e92feab79cfa412ea4aa0fb1a9d7bc28,menu,,2022-05-24 12:05:24,0.060143
4082652,5e1bc9142cf3471d98c0de1a2cf1953f,menu,,2022-05-24 12:05:49,0.073397
4082719,5e1bc9142cf3471d98c0de1a2cf1953f,menu,,2022-05-24 12:06:47,0.066737
4082815,e92feab79cfa412ea4aa0fb1a9d7bc28,menu,,2022-05-24 12:08:25,0.068717
4082865,e92feab79cfa412ea4aa0fb1a9d7bc28,basket,,2022-05-24 12:09:01,0.049166
4082867,e92feab79cfa412ea4aa0fb1a9d7bc28,basket,,2022-05-24 12:09:03,0.087692
4082885,afcbd0b8e62e4c8e9689aeb1154081c3,menu,,2022-05-24 12:09:24,0.085607
4082927,afcbd0b8e62e4c8e9689aeb1154081c3,menu,,2022-05-24 12:10:05,0.070044
4082936,780b79344ed74c039f20b3d4ccf72437,menu,,2022-05-24 12:10:12,0.064107
4082951,2fdb9719afae468fbd3e8a654a1e797e,basket,,2022-05-24 12:10:24,0.057491
4082959,afcbd0b8e62e4c8e9689aeb1154081c3,menu,,2022-05-24 12:10:30,0.073346
4082971,e92feab79cfa412ea4aa0fb1a9d7bc28,payment,1431977,2022-05-24 12:10:40,0.087416
4082996,e92feab79cfa412ea4aa0fb1a9d7bc28,menu,,2022-05-24 12:10:58,0.065302
4083005,afcbd0b8e62e4c8e9689aeb1154081c3,menu,,2022-05-24 12:11:10,0.078781
4083018,1857efaa780e4f58bd6dc7bc8c4cea39,menu,,2022-05-24 12:11:24,0.06006
4083064,2fdb9719afae468fbd3e8a654a1e797e,basket,,2022-05-24 12:12:18,0.080751
4083074,1857efaa780e4f58bd6dc7bc8c4cea39,menu,,2022-05-24 12:12:25,0.069842
4083078,1857efaa780e4f58bd6dc7bc8c4cea39,basket,,2022-05-24 12:12:28,0.085729
4083098,5e1bc9142cf3471d98c0de1a2cf1953f,basket,,2022-05-24 12:12:55,0.078295
4083117,2fdb9719afae468fbd3e8a654a1e797e,payment,1432002,2022-05-24 12:13:09,0.084455
4083191,1857efaa780e4f58bd6dc7bc8c4cea39,menu,,2022-05-24 12:14:30,37.22282
4083192,5e1bc9142cf3471d98c0de1a2cf1953f,basket,,2022-05-24 12:14:31,0.070568
4083196,5e1bc9142cf3471d98c0de1a2cf1953f,basket,,2022-05-24 12:14:35,0.06033
4083215,5e1bc9142cf3471d98c0de1a2cf1953f,menu,,2022-05-24 12:14:52,0.050878
4083218,1857efaa780e4f58bd6dc7bc8c4cea39,menu,,2022-05-24 12:14:53,0.068799
4083239,1857efaa780e4f58bd6dc7bc8c4cea39,payment,1432012,2022-05-24 12:15:22,0.075014
4083261,1857efaa780e4f58bd6dc7bc8c4cea39,menu,,2022-05-24 12:15:45,0.081213
4083328,afcbd0b8e62e4c8e9689aeb1154081c3,menu,,2022-05-24 12:16:51,0.0768
4083336,5e1bc9142cf3471d98c0de1a2cf1953f,menu,,2022-05-24 12:17:01,0.069723
4083345,5e1bc9142cf3471d98c0de1a2cf1953f,payment,1432020,2022-05-24 12:17:11,0.060842
4083354,780b79344ed74c039f20b3d4ccf72437,menu,,2022-05-24 12:17:20,0.071197
4083367,afcbd0b8e62e4c8e9689aeb1154081c3,menu,,2022-05-24 12:17:33,0.067502
4083388,780b79344ed74c039f20b3d4ccf72437,menu,,2022-05-24 12:17:52,0.055389
4083612,780b79344ed74c039f20b3d4ccf72437,basket,,2022-05-24 12:21:39,0.052717
4083654,780b79344ed74c039f20b3d4ccf72437,menu,,2022-05-24 12:22:19,0.068704
4083711,afcbd0b8e62e4c8e9689aeb1154081c3,menu,,2022-05-24 12:23:19,0.051724
4083741,780b79344ed74c039f20b3d4ccf72437,basket,,2022-05-24 12:23:41,0.046034
4083815,afcbd0b8e62e4c8e9689aeb1154081c3,basket,,2022-05-24 12:24:40,0.080189
4083836,780b79344ed74c039f20b3d4ccf72437,payment,1432069,2022-05-24 12:24:54,0.078668
4083875,a926d9cbad2e40cba43bfa8047924cb5,menu,,2022-05-24 12:25:26,0.063448
4083892,afcbd0b8e62e4c8e9689aeb1154081c3,basket,,2022-05-24 12:25:39,0.055915
4084080,afcbd0b8e62e4c8e9689aeb1154081c3,payment,1432096,2022-05-24 12:28:38,0.050085
4084249,5668229ce7384337b04e8f941642c6cc,menu,,2022-05-24 12:31:13,0.077216
4084410,5668229ce7384337b04e8f941642c6cc,menu,,2022-05-24 12:33:32,0.065787
4084703,0bb6e2beea194f888a87abd93806571d,menu,,2022-05-24 12:37:58,0.093114
4084749,04f6c089929d4abe98616bb72bf1ceda,menu,,2022-05-24 12:38:43,0.08508
4084802,5668229ce7384337b04e8f941642c6cc,menu,,2022-05-24 12:39:28,0.068612
4084859,a926d9cbad2e40cba43bfa8047924cb5,basket,,2022-05-24 12:40:12,0.05637
4084898,a926d9cbad2e40cba43bfa8047924cb5,basket,,2022-05-24 12:40:49,0.074564
4085129,8613ec3d309d4625b39a6521fa7d8000,menu,,2022-05-24 12:44:20,0.087785
4085250,0bb6e2beea194f888a87abd93806571d,menu,,2022-05-24 12:46:18,0.101496
4085273,8613ec3d309d4625b39a6521fa7d8000,menu,,2022-05-24 12:46:36,0.094884
4085297,5668229ce7384337b04e8f941642c6cc,basket,,2022-05-24 12:46:54,0.068197
4085325,04f6c089929d4abe98616bb72bf1ceda,menu,,2022-05-24 12:47:22,0.069326
4085361,5668229ce7384337b04e8f941642c6cc,basket,,2022-05-24 12:47:48,0.049158
4085369,5668229ce7384337b04e8f941642c6cc,menu,,2022-05-24 12:47:59,0.065912
4085437,5668229ce7384337b04e8f941642c6cc,menu,,2022-05-24 12:48:58,0.065055
4085481,5668229ce7384337b04e8f941642c6cc,basket,,2022-05-24 12:49:35,0.064526
4085482,0bb6e2beea194f888a87abd93806571d,menu,,2022-05-24 12:49:36,0.081263
4085550,5668229ce7384337b04e8f941642c6cc,payment,1432254,2022-05-24 12:50:48,0.077426
4085635,04f6c089929d4abe98616bb72bf1ceda,basket,,2022-05-24 12:51:50,0.070441
4085637,8613ec3d309d4625b39a6521fa7d8000,menu,,2022-05-24 12:51:51,0.086065
4085713,41a2cda77d8044c7a101d5fbfb5b5105,menu,,2022-05-24 12:53:00,0.073964
4085733,0bb6e2beea194f888a87abd93806571d,basket,,2022-05-24 12:53:25,0.077218
4085860,41a2cda77d8044c7a101d5fbfb5b5105,menu,,2022-05-24 12:55:31,0.092522
4085868,8613ec3d309d4625b39a6521fa7d8000,menu,,2022-05-24 12:55:39,0.049107
4085916,0bb6e2beea194f888a87abd93806571d,menu,,2022-05-24 12:56:09,0.072466
4085934,41a2cda77d8044c7a101d5fbfb5b5105,menu,,2022-05-24 12:56:27,0.10302
4085947,8613ec3d309d4625b39a6521fa7d8000,menu,,2022-05-24 12:56:40,0.058158
4085953,8613ec3d309d4625b39a6521fa7d8000,menu,,2022-05-24 12:56:48,0.072571
4085966,d635679b939b4ee79357d73166578693,menu,,2022-05-24 12:56:57,0.072712
4085984,0bb6e2beea194f888a87abd93806571d,payment,1432315,2022-05-24 12:57:09,0.073407
4086056,c39bbb40ffc64427ad782131f9d2645e,menu,,2022-05-24 12:58:07,0.072366
4086073,8613ec3d309d4625b39a6521fa7d8000,basket,,2022-05-24 12:58:20,0.058179
4086131,8613ec3d309d4625b39a6521fa7d8000,basket,,2022-05-24 12:59:25,0.063826
4086158,d635679b939b4ee79357d73166578693,menu,,2022-05-24 12:59:40,0.051095
4086164,8613ec3d309d4625b39a6521fa7d8000,basket,,2022-05-24 12:59:47,0.084993
4086173,41a2cda77d8044c7a101d5fbfb5b5105,menu,,2022-05-24 12:59:53,0.057957
4086210,36bdf967741f4e78ba1e31ad9d51243c,menu,,2022-05-24 13:00:25,0.07061
4086271,36bdf967741f4e78ba1e31ad9d51243c,menu,,2022-05-24 13:01:20,0.082159
4086330,8613ec3d309d4625b39a6521fa7d8000,payment,1432357,2022-05-24 13:02:24,0.089888
4086366,36bdf967741f4e78ba1e31ad9d51243c,menu,,2022-05-24 13:03:05,0.070128
4086375,7e800e4f661f4b88a4ea288d0d2fe934,menu,,2022-05-24 13:03:17,0.06258
4086395,d635679b939b4ee79357d73166578693,menu,,2022-05-24 13:03:46,0.049413
4086486,7e800e4f661f4b88a4ea288d0d2fe934,menu,,2022-05-24 13:05:13,0.058665
4086495,41a2cda77d8044c7a101d5fbfb5b5105,menu,,2022-05-24 13:05:24,0.075813
4086550,41a2cda77d8044c7a101d5fbfb5b5105,basket,,2022-05-24 13:06:24,0.033531
4086592,36bdf967741f4e78ba1e31ad9d51243c,menu,,2022-05-24 13:06:56,0.07227
4086601,41a2cda77d8044c7a101d5fbfb5b5105,basket,,2022-05-24 13:07:04,0.059825
4086728,c39bbb40ffc64427ad782131f9d2645e,menu,,2022-05-24 13:09:02,0.079637
4086730,41a2cda77d8044c7a101d5fbfb5b5105,basket,,2022-05-24 13:09:02,0.08058
4086773,41a2cda77d8044c7a101d5fbfb5b5105,menu,,2022-05-24 13:09:40,0.080045
4086831,41a2cda77d8044c7a101d5fbfb5b5105,payment,1432409,2022-05-24 13:10:39,0.080575
4086899,c39bbb40ffc64427ad782131f9d2645e,menu,,2022-05-24 13:11:39,0.057046
4086926,7e800e4f661f4b88a4ea288d0d2fe934,menu,,2022-05-24 13:12:03,0.076446
4086942,d635679b939b4ee79357d73166578693,menu,,2022-05-24 13:12:26,0.070202
4086960,7e800e4f661f4b88a4ea288d0d2fe934,menu,,2022-05-24 13:12:46,0.06155
4087048,7e800e4f661f4b88a4ea288d0d2fe934,menu,,2022-05-24 13:14:17,0.080027
4087094,3c21a661e8584008bad220810b647951,menu,,2022-05-24 13:15:05,0.073806
4087099,5d1e7dba3cff4b6ab6bc1f0e23b7920f,menu,,2022-05-24 13:15:16,0.07089
4087171,9f5b99a5dc35439a92e5bf9fad8028c6,menu,,2022-05-24 13:16:26,0.078094
4087179,9f5b99a5dc35439a92e5bf9fad8028c6,menu,,2022-05-24 13:16:33,0.076111
4087238,36bdf967741f4e78ba1e31ad9d51243c,menu,,2022-05-24 13:17:27,0.075028
4087239,36bdf967741f4e78ba1e31ad9d51243c,basket,,2022-05-24 13:17:28,0.08779
4087266,7e800e4f661f4b88a4ea288d0d2fe934,basket,,2022-05-24 13:17:42,0.102339
4087316,7e800e4f661f4b88a4ea288d0d2fe934,basket,,2022-05-24 13:18:28,0.083915
4087329,36bdf967741f4e78ba1e31ad9d51243c,basket,,2022-05-24 13:18:39,0.08785
4087349,3c21a661e8584008bad220810b647951,basket,,2022-05-24 13:18:56,0.043919
4087352,3c21a661e8584008bad220810b647951,basket,,2022-05-24 13:19:01,0.065859
4087355,5d1e7dba3cff4b6ab6bc1f0e23b7920f,menu,,2022-05-24 13:19:02,0.061965
4087384,01d4601d66654ebb84e1d180b186a6ba,menu,,2022-05-24 13:19:22,0.084178
4087393,36bdf967741f4e78ba1e31ad9d51243c,payment,1432468,2022-05-24 13:19:32,0.090648
4087418,36bdf967741f4e78ba1e31ad9d51243c,menu,,2022-05-24 13:20:01,0.078935
4087428,5d1e7dba3cff4b6ab6bc1f0e23b7920f,menu,,2022-05-24 13:20:09,0.08128
4087449,7e800e4f661f4b88a4ea288d0d2fe934,payment,1432473,2022-05-24 13:20:31,0.055495
4087464,3c21a661e8584008bad220810b647951,menu,,2022-05-24 13:20:44,0.061939
4087478,5d1e7dba3cff4b6ab6bc1f0e23b7920f,menu,,2022-05-24 13:20:53,0.091902
4087498,3c21a661e8584008bad220810b647951,menu,,2022-05-24 13:21:21,0.089528
4087539,3c21a661e8584008bad220810b647951,basket,,2022-05-24 13:22:00,0.073868
4087554,5d1e7dba3cff4b6ab6bc1f0e23b7920f,basket,,2022-05-24 13:22:17,0.054762
4087603,7f121ade6bec48fb9f5d9b114128e582,menu,,2022-05-24 13:22:56,0.080402
4087604,01d4601d66654ebb84e1d180b186a6ba,menu,,2022-05-24 13:22:56,0.071653
4087619,5d1e7dba3cff4b6ab6bc1f0e23b7920f,menu,,2022-05-24 13:23:09,0.08397
4087640,3c21a661e8584008bad220810b647951,payment,1432494,2022-05-24 13:23:26,0.087932
4087666,5d1e7dba3cff4b6ab6bc1f0e23b7920f,basket,,2022-05-24 13:23:48,0.061651
4087742,5d1e7dba3cff4b6ab6bc1f0e23b7920f,payment,1432511,2022-05-24 13:24:57,0.061413
4087802,01d4601d66654ebb84e1d180b186a6ba,menu,,2022-05-24 13:26:03,0.075206
4087939,7f121ade6bec48fb9f5d9b114128e582,menu,,2022-05-24 13:28:29,0.063964
4087969,9f5b99a5dc35439a92e5bf9fad8028c6,menu,,2022-05-24 13:29:05,0.060722
4088017,01d4601d66654ebb84e1d180b186a6ba,basket,,2022-05-24 13:29:59,0.060885
4088032,dde3baeaa242479aa2e0a87009769e4a,menu,,2022-05-24 13:30:12,0.075075
4088090,dde3baeaa242479aa2e0a87009769e4a,menu,,2022-05-24 13:31:14,0.058838
4088151,7f121ade6bec48fb9f5d9b114128e582,menu,,2022-05-24 13:32:18,0.07719
4088154,7f121ade6bec48fb9f5d9b114128e582,menu,,2022-05-24 13:32:23,0.063639
4088182,dde3baeaa242479aa2e0a87009769e4a,menu,,2022-05-24 13:32:49,0.067426
4088183,7f121ade6bec48fb9f5d9b114128e582,basket,,2022-05-24 13:32:51,0.077919
4088243,d216e2e4a1ef40d2b8267f82c9201898,menu,,2022-05-24 13:33:46,0.054583
4088253,01d4601d66654ebb84e1d180b186a6ba,payment,1432570,2022-05-24 13:33:55,0.09442
4088296,01d4601d66654ebb84e1d180b186a6ba,menu,,2022-05-24 13:34:25,0.058592
4088299,dde3baeaa242479aa2e0a87009769e4a,basket,,2022-05-24 13:34:26,0.077115
4088409,dde3baeaa242479aa2e0a87009769e4a,menu,,2022-05-24 13:36:21,0.078088
4088415,dde3baeaa242479aa2e0a87009769e4a,basket,,2022-05-24 13:36:24,0.086571
4088441,7f121ade6bec48fb9f5d9b114128e582,payment,1432589,2022-05-24 13:36:53,0.068594
4088443,dde3baeaa242479aa2e0a87009769e4a,basket,,2022-05-24 13:36:56,0.063028
4088453,dde3baeaa242479aa2e0a87009769e4a,menu,,2022-05-24 13:37:04,0.066587
4088547,289c42d0882e4040ae28f87abece4911,menu,,2022-05-24 13:38:25,0.073576
4088561,dde3baeaa242479aa2e0a87009769e4a,payment,1432599,2022-05-24 13:38:40,0.069098
4088577,22fe77536a7d4cf0a6a20edc43030b06,menu,,2022-05-24 13:38:56,0.057002
4088602,dde3baeaa242479aa2e0a87009769e4a,menu,,2022-05-24 13:39:16,0.071758
4088610,d216e2e4a1ef40d2b8267f82c9201898,menu,,2022-05-24 13:39:23,0.086111
4088665,22fe77536a7d4cf0a6a20edc43030b06,menu,,2022-05-24 13:40:14,0.06308
4088738,e01a3e06f2fd4650a724552061288df2,menu,,2022-05-24 13:41:32,0.091791
4088999,289c42d0882e4040ae28f87abece4911,basket,,2022-05-24 13:45:27,0.04631
4089032,22fe77536a7d4cf0a6a20edc43030b06,menu,,2022-05-24 13:46:01,0.069615
4089150,d216e2e4a1ef40d2b8267f82c9201898,basket,,2022-05-24 13:47:41,0.071592
4089162,22fe77536a7d4cf0a6a20edc43030b06,basket,,2022-05-24 13:47:51,0.05875
4089194,22fe77536a7d4cf0a6a20edc43030b06,basket,,2022-05-24 13:48:16,0.070745
4089202,22fe77536a7d4cf0a6a20edc43030b06,menu,,2022-05-24 13:48:26,0.066767
4089311,d216e2e4a1ef40d2b8267f82c9201898,basket,,2022-05-24 13:49:56,0.070055
4089430,d216e2e4a1ef40d2b8267f82c9201898,payment,1432688,2022-05-24 13:51:50,0.074643
4089436,586c82f5762244f6b121125bacef112d,menu,,2022-05-24 13:51:51,0.078126
4089443,22fe77536a7d4cf0a6a20edc43030b06,payment,1432689,2022-05-24 13:51:58,0.087725
4089451,18b7a4d422cc413eab64999c5b8dd4c5,menu,,2022-05-24 13:52:03,0.050587
4089608,e01a3e06f2fd4650a724552061288df2,basket,,2022-05-24 13:54:25,0.06992
4089717,e01a3e06f2fd4650a724552061288df2,basket,,2022-05-24 13:55:40,0.060977
4089900,e4c192daa84044658b0805445311b8e9,menu,,2022-05-24 13:58:08,0.079196
4089997,18b7a4d422cc413eab64999c5b8dd4c5,menu,,2022-05-24 13:59:33,0.0689
4090089,18b7a4d422cc413eab64999c5b8dd4c5,menu,,2022-05-24 14:01:02,0.071865
4090180,e4c192daa84044658b0805445311b8e9,menu,,2022-05-24 14:02:12,0.066052
4090365,18b7a4d422cc413eab64999c5b8dd4c5,basket,,2022-05-24 14:04:44,0.064289
4090374,085b9b997b4a4b9a9ecf169dd906384b,menu,,2022-05-24 14:04:50,0.066825
4090418,e4c192daa84044658b0805445311b8e9,menu,,2022-05-24 14:05:35,0.047755
4090508,085b9b997b4a4b9a9ecf169dd906384b,menu,,2022-05-24 14:06:41,0.073793
4090521,18b7a4d422cc413eab64999c5b8dd4c5,basket,,2022-05-24 14:06:52,0.070476
4090653,e4c192daa84044658b0805445311b8e9,menu,,2022-05-24 14:08:34,0.07153
4090662,18b7a4d422cc413eab64999c5b8dd4c5,payment,1432832,2022-05-24 14:08:43,0.077956
4090690,18b7a4d422cc413eab64999c5b8dd4c5,menu,,2022-05-24 14:09:00,0.058757
4090697,085b9b997b4a4b9a9ecf169dd906384b,menu,,2022-05-24 14:09:06,0.046963
4090782,e4c192daa84044658b0805445311b8e9,basket,,2022-05-24 14:10:17,0.068344
4090876,e4c192daa84044658b0805445311b8e9,basket,,2022-05-24 14:11:50,0.089112
4090933,e4c192daa84044658b0805445311b8e9,basket,,2022-05-24 14:12:35,0.08546
4091038,e4c192daa84044658b0805445311b8e9,menu,,2022-05-24 14:13:39,0.074369
4091088,e4c192daa84044658b0805445311b8e9,payment,1432883,2022-05-24 14:14:31,0.077132
4091203,c5c91bafe0354129b9e8390ef6891cb0,menu,,2022-05-24 14:16:06,0.069982
4091282,c5c91bafe0354129b9e8390ef6891cb0,menu,,2022-05-24 14:17:01,0.072812
4091292,c5c91bafe0354129b9e8390ef6891cb0,menu,,2022-05-24 14:17:12,0.075985
4091415,085b9b997b4a4b9a9ecf169dd906384b,basket,,2022-05-24 14:19:01,0.067881
4091442,085b9b997b4a4b9a9ecf169dd906384b,menu,,2022-05-24 14:19:22,0.080926
4091444,c5c91bafe0354129b9e8390ef6891cb0,menu,,2022-05-24 14:19:24,0.066813
4091599,085b9b997b4a4b9a9ecf169dd906384b,menu,,2022-05-24 14:21:25,0.075976
4091625,081030066b1e47e995c09ea195acdb69,menu,,2022-05-24 14:21:43,0.068067
4091661,085b9b997b4a4b9a9ecf169dd906384b,payment,1432940,2022-05-24 14:22:07,0.070529
4091680,085b9b997b4a4b9a9ecf169dd906384b,menu,,2022-05-24 14:22:19,0.055462
4091700,081030066b1e47e995c09ea195acdb69,menu,,2022-05-24 14:22:34,0.079621
4091703,081030066b1e47e995c09ea195acdb69,menu,,2022-05-24 14:22:36,0.053861
4091928,081030066b1e47e995c09ea195acdb69,menu,,2022-05-24 14:25:47,0.045864
4092231,c5c91bafe0354129b9e8390ef6891cb0,basket,,2022-05-24 14:30:07,0.062073
4092368,c5c91bafe0354129b9e8390ef6891cb0,basket,,2022-05-24 14:32:09,0.046692
4092440,081030066b1e47e995c09ea195acdb69,menu,,2022-05-24 14:33:08,0.065242
4092447,c5c91bafe0354129b9e8390ef6891cb0,payment,1433031,2022-05-24 14:33:14,0.082603
4092656,081030066b1e47e995c09ea195acdb69,menu,,2022-05-24 14:36:08,0.078238
4092675,081030066b1e47e995c09ea195acdb69,menu,,2022-05-24 14:36:33,0.085197
4092691,081030066b1e47e995c09ea195acdb69,basket,,2022-05-24 14:36:47,0.064483
4092738,081030066b1e47e995c09ea195acdb69,payment,1433065,2022-05-24 14:37:24,0.080184
4092918,e01fe7a9dee748a490f7a463e63bf805,menu,,2022-05-24 14:39:44,0.068757
4092948,6f74c4d78cfe47f4bebae5e7ca05cbdd,menu,,2022-05-24 14:39:59,0.06382
4093249,6f74c4d78cfe47f4bebae5e7ca05cbdd,menu,,2022-05-24 14:45:20,0.081651
4093262,6dd6b2d33dfc4c4a8d30e71a4805b02d,menu,,2022-05-24 14:45:36,0.05873
4093345,6f74c4d78cfe47f4bebae5e7ca05cbdd,menu,,2022-05-24 14:46:59,0.078283
4093489,6dd6b2d33dfc4c4a8d30e71a4805b02d,menu,,2022-05-24 14:49:24,0.066747
4093498,6f74c4d78cfe47f4bebae5e7ca05cbdd,menu,,2022-05-24 14:49:39,0.07251
4093624,58cc2ce8f4044b32842f1d02c739f33a,menu,,2022-05-24 14:52:17,0.064246
4093629,6f74c4d78cfe47f4bebae5e7ca05cbdd,basket,,2022-05-24 14:52:27,0.077619
4093652,6f74c4d78cfe47f4bebae5e7ca05cbdd,menu,,2022-05-24 14:52:48,0.051277
4093653,6dd6b2d33dfc4c4a8d30e71a4805b02d,menu,,2022-05-24 14:52:49,0.061783
4093673,6f74c4d78cfe47f4bebae5e7ca05cbdd,basket,,2022-05-24 14:53:12,0.043785
4093714,e01fe7a9dee748a490f7a463e63bf805,menu,,2022-05-24 14:53:47,0.07367
4093724,e01fe7a9dee748a490f7a463e63bf805,menu,,2022-05-24 14:54:02,0.072488
4093726,e01fe7a9dee748a490f7a463e63bf805,menu,,2022-05-24 14:54:04,0.051199
4093740,58cc2ce8f4044b32842f1d02c739f33a,menu,,2022-05-24 14:54:15,0.072888
4093752,e01fe7a9dee748a490f7a463e63bf805,menu,,2022-05-24 14:54:22,0.084557
4093811,e01fe7a9dee748a490f7a463e63bf805,basket,,2022-05-24 14:55:27,0.053431
4093833,6f74c4d78cfe47f4bebae5e7ca05cbdd,menu,,2022-05-24 14:55:47,0.084704
4093869,e01fe7a9dee748a490f7a463e63bf805,basket,,2022-05-24 14:56:17,0.077962
4093877,6dd6b2d33dfc4c4a8d30e71a4805b02d,menu,,2022-05-24 14:56:30,0.068189
4093892,6f74c4d78cfe47f4bebae5e7ca05cbdd,payment,1433200,2022-05-24 14:56:45,0.071591
4093928,6dd6b2d33dfc4c4a8d30e71a4805b02d,menu,,2022-05-24 14:57:25,0.070964
4093939,58cc2ce8f4044b32842f1d02c739f33a,basket,,2022-05-24 14:57:34,0.058306
4093972,58cc2ce8f4044b32842f1d02c739f33a,basket,,2022-05-24 14:58:04,0.055923
4094052,e01fe7a9dee748a490f7a463e63bf805,payment,1433218,2022-05-24 14:59:09,0.067297
4094082,6dd6b2d33dfc4c4a8d30e71a4805b02d,basket,,2022-05-24 14:59:42,0.081519
4094204,6dd6b2d33dfc4c4a8d30e71a4805b02d,payment,1433231,2022-05-24 15:01:42,0.086196
4094701,626735ef2585436e8df3cb2a6ca046d0,menu,,2022-05-24 15:09:16,0.070277
4095248,626735ef2585436e8df3cb2a6ca046d0,menu,,2022-05-24 15:17:41,0.06117
4095295,f58e2cff439b42b2a6ae082ea75df865,menu,,2022-05-24 15:18:19,0.090707
4095375,113b5059796f4261b0f779a4f4840e0f,menu,,2022-05-24 15:19:38,0.071036
4095417,626735ef2585436e8df3cb2a6ca046d0,menu,,2022-05-24 15:20:29,0.080902
4095508,113b5059796f4261b0f779a4f4840e0f,menu,,2022-05-24 15:21:56,0.067071
4095556,626735ef2585436e8df3cb2a6ca046d0,menu,,2022-05-24 15:22:37,0.070107
4095616,626735ef2585436e8df3cb2a6ca046d0,basket,,2022-05-24 15:23:32,0.069051
4095648,f58e2cff439b42b2a6ae082ea75df865,menu,,2022-05-24 15:24:02,0.062359
4095649,113b5059796f4261b0f779a4f4840e0f,menu,,2022-05-24 15:24:02,0.069131
4095827,626735ef2585436e8df3cb2a6ca046d0,basket,,2022-05-24 15:26:41,0.088529
4095847,27b75a2d9d614f12981f253889621e89,menu,,2022-05-24 15:26:58,0.069598
4095911,626735ef2585436e8df3cb2a6ca046d0,payment,1433420,2022-05-24 15:27:49,0.09274
4095928,0d5e4e71fa474073b2fcb611cc104bff,menu,,2022-05-24 15:28:00,0.099266
4096001,113b5059796f4261b0f779a4f4840e0f,menu,,2022-05-24 15:29:03,0.059293
4096115,27b75a2d9d614f12981f253889621e89,menu,,2022-05-24 15:30:49,0.069039
4096139,0d5e4e71fa474073b2fcb611cc104bff,menu,,2022-05-24 15:31:05,0.071102
4096231,0d5e4e71fa474073b2fcb611cc104bff,menu,,2022-05-24 15:32:31,0.060432
4096291,0d5e4e71fa474073b2fcb611cc104bff,menu,,2022-05-24 15:33:29,0.080251
4096331,27b75a2d9d614f12981f253889621e89,menu,,2022-05-24 15:34:13,0.071272
4096338,0d5e4e71fa474073b2fcb611cc104bff,menu,,2022-05-24 15:34:21,0.068935
4096340,113b5059796f4261b0f779a4f4840e0f,basket,,2022-05-24 15:34:22,0.077997
4096345,27b75a2d9d614f12981f253889621e89,menu,,2022-05-24 15:34:27,0.078733
4096350,575781ef989045e991944a9bfe52ddc7,menu,,2022-05-24 15:34:33,0.080097
4096442,27b75a2d9d614f12981f253889621e89,basket,,2022-05-24 15:35:57,0.065963
4096469,113b5059796f4261b0f779a4f4840e0f,payment,1433486,2022-05-24 15:36:17,0.078941
4096492,27b75a2d9d614f12981f253889621e89,menu,,2022-05-24 15:36:29,0.070646
4096500,113b5059796f4261b0f779a4f4840e0f,menu,,2022-05-24 15:36:41,0.072309
4096729,27b75a2d9d614f12981f253889621e89,payment,1433519,2022-05-24 15:40:10,0.072598
4096784,0d5e4e71fa474073b2fcb611cc104bff,menu,,2022-05-24 15:41:06,0.062693
4096887,4d4636e44a6142ea8e6a1e09e139a5e2,menu,,2022-05-24 15:42:57,0.066279
4096894,a05efa4e127a44cd910a59eb68d09e9b,menu,,2022-05-24 15:43:03,0.090292
4096981,0d5e4e71fa474073b2fcb611cc104bff,basket,,2022-05-24 15:44:29,0.067727
4097034,0d5e4e71fa474073b2fcb611cc104bff,payment,1433558,2022-05-24 15:45:19,0.067492
4097070,4d4636e44a6142ea8e6a1e09e139a5e2,menu,,2022-05-24 15:45:53,0.064045
4097106,a05efa4e127a44cd910a59eb68d09e9b,basket,,2022-05-24 15:46:28,0.088308
4097197,a05efa4e127a44cd910a59eb68d09e9b,basket,,2022-05-24 15:48:04,0.081144
4097204,575781ef989045e991944a9bfe52ddc7,basket,,2022-05-24 15:48:11,0.040547
4097220,a05efa4e127a44cd910a59eb68d09e9b,basket,,2022-05-24 15:48:28,0.077238
4097228,4d4636e44a6142ea8e6a1e09e139a5e2,menu,,2022-05-24 15:48:38,0.0625
4097235,4d4636e44a6142ea8e6a1e09e139a5e2,menu,,2022-05-24 15:48:42,0.080083
4097237,a05efa4e127a44cd910a59eb68d09e9b,menu,,2022-05-24 15:48:44,0.050542
4097241,575781ef989045e991944a9bfe52ddc7,basket,,2022-05-24 15:48:49,0.0702
4097260,a05efa4e127a44cd910a59eb68d09e9b,payment,1433581,2022-05-24 15:49:05,0.078616
4097317,575781ef989045e991944a9bfe52ddc7,menu,,2022-05-24 15:50:06,0.060371
4097406,575781ef989045e991944a9bfe52ddc7,menu,,2022-05-24 15:51:37,0.078348
4097427,575781ef989045e991944a9bfe52ddc7,payment,1433596,2022-05-24 15:51:54,0.078634
4097557,4d4636e44a6142ea8e6a1e09e139a5e2,basket,,2022-05-24 15:53:51,0.096685
4097590,0fb6af57edff4e599dd8e0652893e71e,menu,,2022-05-24 15:54:21,0.06621
4097720,4d4636e44a6142ea8e6a1e09e139a5e2,payment,1433629,2022-05-24 15:56:38,0.050492
4097760,eed8276c19a5433d9baa2f12b4183359,menu,,2022-05-24 15:57:16,0.067277
4097858,0fb6af57edff4e599dd8e0652893e71e,menu,,2022-05-24 15:59:00,0.069205
4097920,0fb6af57edff4e599dd8e0652893e71e,menu,,2022-05-24 16:00:00,0.058491
4097997,eed8276c19a5433d9baa2f12b4183359,menu,,2022-05-24 16:01:19,0.079556
4098076,eed8276c19a5433d9baa2f12b4183359,menu,,2022-05-24 16:02:50,0.087022
4098212,c7fe9c368c44409f8555376ecb5afa5f,menu,,2022-05-24 16:04:58,0.070162
4098233,eed8276c19a5433d9baa2f12b4183359,menu,,2022-05-24 16:05:26,0.060122
4098287,eed8276c19a5433d9baa2f12b4183359,menu,,2022-05-24 16:06:11,0.08311
4098342,0fb6af57edff4e599dd8e0652893e71e,basket,,2022-05-24 16:07:00,0.079513
4098365,0fb6af57edff4e599dd8e0652893e71e,menu,,2022-05-24 16:07:19,0.083591
4098396,c7fe9c368c44409f8555376ecb5afa5f,menu,,2022-05-24 16:07:50,0.077495
4098493,c7fe9c368c44409f8555376ecb5afa5f,menu,,2022-05-24 16:09:32,0.05891
4098517,0fb6af57edff4e599dd8e0652893e71e,menu,,2022-05-24 16:09:47,0.058635
4098520,0fb6af57edff4e599dd8e0652893e71e,basket,,2022-05-24 16:09:48,0.05323
4098534,eed8276c19a5433d9baa2f12b4183359,menu,,2022-05-24 16:10:01,0.060773
4098609,0fb6af57edff4e599dd8e0652893e71e,payment,1433729,2022-05-24 16:11:24,0.061476
4098649,c7fe9c368c44409f8555376ecb5afa5f,menu,,2022-05-24 16:11:58,0.087425
4098804,eed8276c19a5433d9baa2f12b4183359,basket,,2022-05-24 16:14:00,0.056387
4098838,eed8276c19a5433d9baa2f12b4183359,payment,1433755,2022-05-24 16:14:22,0.068671
4098839,30054df348d64148840f23fd5e40fccd,menu,,2022-05-24 16:14:22,0.067204
4098845,eed8276c19a5433d9baa2f12b4183359,menu,,2022-05-24 16:14:27,0.094772
4098894,30a35c0aba164ac89106db89bdcdd5c8,menu,,2022-05-24 16:15:15,0.065331
4099000,30054df348d64148840f23fd5e40fccd,menu,,2022-05-24 16:16:55,0.061768
4099096,c7fe9c368c44409f8555376ecb5afa5f,basket,,2022-05-24 16:18:14,0.062731
4099097,c7fe9c368c44409f8555376ecb5afa5f,basket,,2022-05-24 16:18:15,0.058124
4099118,30a35c0aba164ac89106db89bdcdd5c8,menu,,2022-05-24 16:18:32,0.083279
4099152,30054df348d64148840f23fd5e40fccd,menu,,2022-05-24 16:18:57,0.066634
4099153,c7fe9c368c44409f8555376ecb5afa5f,menu,,2022-05-24 16:18:57,0.066592
4099304,c7fe9c368c44409f8555376ecb5afa5f,basket,,2022-05-24 16:21:31,0.070409
4099400,30a35c0aba164ac89106db89bdcdd5c8,menu,,2022-05-24 16:23:03,0.084958
4099408,c7fe9c368c44409f8555376ecb5afa5f,payment,1433811,2022-05-24 16:23:08,0.076852
4099423,30a35c0aba164ac89106db89bdcdd5c8,menu,,2022-05-24 16:23:26,0.066988
4099509,30054df348d64148840f23fd5e40fccd,menu,,2022-05-24 16:24:44,0.085818
4099604,30054df348d64148840f23fd5e40fccd,menu,,2022-05-24 16:26:14,0.079526
4099746,30a35c0aba164ac89106db89bdcdd5c8,basket,,2022-05-24 16:28:52,0.079147
4099777,30a35c0aba164ac89106db89bdcdd5c8,basket,,2022-05-24 16:29:17,0.071258
4099850,30a35c0aba164ac89106db89bdcdd5c8,payment,1433861,2022-05-24 16:30:32,0.075279
4099926,30054df348d64148840f23fd5e40fccd,menu,,2022-05-24 16:31:32,0.076343
4099999,30054df348d64148840f23fd5e40fccd,basket,,2022-05-24 16:32:31,0.080767
4100089,30054df348d64148840f23fd5e40fccd,payment,1433890,2022-05-24 16:33:55,0.057172
4100396,b54c35296bfb4669955bb6f101753801,menu,,2022-05-24 16:38:48,0.063647
4100428,b54c35296bfb4669955bb6f101753801,menu,,2022-05-24 16:39:12,0.064263
4100432,b54c35296bfb4669955bb6f101753801,menu,,2022-05-24 16:39:15,0.074391
4100476,b54c35296bfb4669955bb6f101753801,menu,,2022-05-24 16:40:10,0.054802
4100620,b54c35296bfb4669955bb6f101753801,menu,,2022-05-24 16:42:41,0.078147
4100688,c67dbcae752446afbd3aa75e28d84073,menu,,2022-05-24 16:43:49,0.059867
4100836,c67dbcae752446afbd3aa75e28d84073,menu,,2022-05-24 16:46:22,0.080033
4100870,c67dbcae752446afbd3aa75e28d84073,menu,,2022-05-24 16:46:49,0.06459
4101039,b54c35296bfb4669955bb6f101753801,basket,,2022-05-24 16:49:51,0.057844
4101109,b54c35296bfb4669955bb6f101753801,basket,,2022-05-24 16:51:23,0.065912
4101142,c67dbcae752446afbd3aa75e28d84073,menu,,2022-05-24 16:51:54,0.065217
4101183,b54c35296bfb4669955bb6f101753801,basket,,2022-05-24 16:52:40,0.077284
4101226,c67dbcae752446afbd3aa75e28d84073,basket,,2022-05-24 16:53:38,0.068657
4101278,b54c35296bfb4669955bb6f101753801,payment,1434026,2022-05-24 16:54:32,0.051885
4101751,3e3d7a967a78419d97ceb6dfcb8e13e8,menu,,2022-05-24 17:02:47,0.095053
4101856,3e3d7a967a78419d97ceb6dfcb8e13e8,menu,,2022-05-24 17:04:22,0.091814
4101936,098c5125ebe94f3e804e7c0e2998bdf8,menu,,2022-05-24 17:05:43,0.065617
4102202,3e3d7a967a78419d97ceb6dfcb8e13e8,basket,,2022-05-24 17:10:47,0.090143
4102315,3e3d7a967a78419d97ceb6dfcb8e13e8,menu,,2022-05-24 17:12:31,0.073533
4102335,098c5125ebe94f3e804e7c0e2998bdf8,menu,,2022-05-24 17:12:49,0.086584
4102380,3e3d7a967a78419d97ceb6dfcb8e13e8,menu,,2022-05-24 17:13:29,0.071374
4102399,3e3d7a967a78419d97ceb6dfcb8e13e8,basket,,2022-05-24 17:13:45,0.063571
4102463,3e3d7a967a78419d97ceb6dfcb8e13e8,payment,1434158,2022-05-24 17:14:47,0.074807
4102626,098c5125ebe94f3e804e7c0e2998bdf8,menu,,2022-05-24 17:17:31,0.063426
4102740,b98a39731d4b4dd89f801730c924ef98,menu,,2022-05-24 17:19:34,0.082459
4102787,b98a39731d4b4dd89f801730c924ef98,menu,,2022-05-24 17:20:29,0.061271
4102852,b98a39731d4b4dd89f801730c924ef98,menu,,2022-05-24 17:21:53,0.068348
4102857,098c5125ebe94f3e804e7c0e2998bdf8,basket,,2022-05-24 17:21:57,0.077106
4102903,098c5125ebe94f3e804e7c0e2998bdf8,menu,,2022-05-24 17:22:40,0.057749
4102989,098c5125ebe94f3e804e7c0e2998bdf8,basket,,2022-05-24 17:24:03,0.056521
4103032,e29222656b1a4625bd87a7d47d164808,menu,,2022-05-24 17:24:44,0.080461
4103054,e29222656b1a4625bd87a7d47d164808,menu,,2022-05-24 17:25:09,0.056548
4103560,b98a39731d4b4dd89f801730c924ef98,menu,,2022-05-24 17:35:26,0.068615
4103588,b98a39731d4b4dd89f801730c924ef98,menu,,2022-05-24 17:36:07,0.068664
4103589,b98a39731d4b4dd89f801730c924ef98,basket,,2022-05-24 17:36:09,0.068495
4103709,b98a39731d4b4dd89f801730c924ef98,basket,,2022-05-24 17:38:05,0.055688
4103717,e29222656b1a4625bd87a7d47d164808,menu,,2022-05-24 17:38:14,0.082006
4103759,b98a39731d4b4dd89f801730c924ef98,payment,1434305,2022-05-24 17:38:56,0.051182
4104162,5cbac0f2865b455a9335cdaed82bdafb,menu,,2022-05-24 17:46:29,0.08402
4104184,5cbac0f2865b455a9335cdaed82bdafb,menu,,2022-05-24 17:47:01,0.081754
4104564,5cbac0f2865b455a9335cdaed82bdafb,menu,,2022-05-24 17:54:25,0.085436
4104596,b2f2998ea3c245b48e83677c0bfd2b2e,menu,,2022-05-24 17:54:55,0.067446
4104677,5cbac0f2865b455a9335cdaed82bdafb,menu,,2022-05-24 17:56:35,0.071933
4104699,5cbac0f2865b455a9335cdaed82bdafb,basket,,2022-05-24 17:56:55,0.066664
4104728,b2f2998ea3c245b48e83677c0bfd2b2e,menu,,2022-05-24 17:57:36,0.048729
4104755,0bb6e2beea194f888a87abd93806571d,menu,,2022-05-24 17:58:06,0.075252
4104817,5cbac0f2865b455a9335cdaed82bdafb,basket,,2022-05-24 17:59:14,0.093852
4104845,fcf16632b08541138c89717b94d0bdec,menu,,2022-05-24 17:59:47,0.07571
4104869,5cbac0f2865b455a9335cdaed82bdafb,menu,,2022-05-24 18:00:05,0.053376
4104894,5cbac0f2865b455a9335cdaed82bdafb,payment,1434434,2022-05-24 18:00:46,0.060561
4104900,fcf16632b08541138c89717b94d0bdec,menu,,2022-05-24 18:00:53,0.057542
4104911,fcf16632b08541138c89717b94d0bdec,menu,,2022-05-24 18:01:09,0.069389
4104912,fcf16632b08541138c89717b94d0bdec,menu,,2022-05-24 18:01:09,0.054258
4105064,0bb6e2beea194f888a87abd93806571d,menu,,2022-05-24 18:04:14,0.060231
4105077,b2f2998ea3c245b48e83677c0bfd2b2e,menu,,2022-05-24 18:04:35,0.07673
4105209,f3489de5a7754424af02e59f4a644fe5,menu,,2022-05-24 18:06:57,0.060827
4105215,b2f2998ea3c245b48e83677c0bfd2b2e,menu,,2022-05-24 18:07:03,0.078253
4105243,fcf16632b08541138c89717b94d0bdec,menu,,2022-05-24 18:07:28,0.069136
4105311,f3489de5a7754424af02e59f4a644fe5,menu,,2022-05-24 18:08:39,0.048839
4105368,b2f2998ea3c245b48e83677c0bfd2b2e,basket,,2022-05-24 18:09:36,0.065963
4105400,fcf16632b08541138c89717b94d0bdec,menu,,2022-05-24 18:10:09,0.078585
4105409,0bb6e2beea194f888a87abd93806571d,menu,,2022-05-24 18:10:24,0.045842
4105418,b2f2998ea3c245b48e83677c0bfd2b2e,menu,,2022-05-24 18:10:38,0.056376
4105468,0bb6e2beea194f888a87abd93806571d,menu,,2022-05-24 18:11:22,0.054158
4105545,0bb6e2beea194f888a87abd93806571d,basket,,2022-05-24 18:12:33,0.079634
4105546,0bb6e2beea194f888a87abd93806571d,basket,,2022-05-24 18:12:33,0.066118
4105550,b2f2998ea3c245b48e83677c0bfd2b2e,menu,,2022-05-24 18:12:35,0.09805
4105569,b2f2998ea3c245b48e83677c0bfd2b2e,basket,,2022-05-24 18:12:50,0.070789
4105573,f3489de5a7754424af02e59f4a644fe5,menu,,2022-05-24 18:12:54,0.075244
4105606,b2f2998ea3c245b48e83677c0bfd2b2e,payment,1434512,2022-05-24 18:13:38,0.067666
4105651,0bb6e2beea194f888a87abd93806571d,basket,,2022-05-24 18:14:30,0.08678
4105682,0bb6e2beea194f888a87abd93806571d,menu,,2022-05-24 18:14:57,0.079052
4105755,f3489de5a7754424af02e59f4a644fe5,menu,,2022-05-24 18:16:11,0.070014
4105765,fcf16632b08541138c89717b94d0bdec,basket,,2022-05-24 18:16:18,0.063272
4105791,fcf16632b08541138c89717b94d0bdec,payment,1434535,2022-05-24 18:16:47,0.071359
4105793,0bb6e2beea194f888a87abd93806571d,payment,1434533,2022-05-24 18:16:48,0.068375
4105801,0bb6e2beea194f888a87abd93806571d,menu,,2022-05-24 18:17:01,0.069842
4105825,f3489de5a7754424af02e59f4a644fe5,menu,,2022-05-24 18:17:33,0.084629
4105832,f3489de5a7754424af02e59f4a644fe5,menu,,2022-05-24 18:17:40,0.066841
4105989,f3489de5a7754424af02e59f4a644fe5,basket,,2022-05-24 18:21:02,0.074405
4106126,ce34d76d25ef439abc6b750d96f8d3c2,menu,,2022-05-24 18:23:39,0.075142
4106199,f3489de5a7754424af02e59f4a644fe5,payment,1434575,2022-05-24 18:24:40,0.074344
4106858,ce34d76d25ef439abc6b750d96f8d3c2,menu,,2022-05-24 18:36:40,0.068644
4107052,ce34d76d25ef439abc6b750d96f8d3c2,menu,,2022-05-24 18:40:40,0.082376
4107055,7e095194c66e4569af4d2fd5dcbbfa7d,menu,,2022-05-24 18:40:45,0.078345
4107161,7e095194c66e4569af4d2fd5dcbbfa7d,menu,,2022-05-24 18:43:02,0.073116
4107389,7e095194c66e4569af4d2fd5dcbbfa7d,menu,,2022-05-24 18:47:40,0.064102
4107438,7e095194c66e4569af4d2fd5dcbbfa7d,menu,,2022-05-24 18:48:31,0.080197
4107454,2f93cf03af8e417f84f69bdc5cf07a71,menu,,2022-05-24 18:48:59,0.076001
4107464,7e095194c66e4569af4d2fd5dcbbfa7d,menu,,2022-05-24 18:49:09,0.066721
4107473,7e095194c66e4569af4d2fd5dcbbfa7d,basket,,2022-05-24 18:49:18,0.084609
4107490,7e095194c66e4569af4d2fd5dcbbfa7d,menu,,2022-05-24 18:49:39,0.092984
4107511,7febb0d69a234eaba2eff33f0418b159,menu,,2022-05-24 18:50:21,0.087941
4107570,7e095194c66e4569af4d2fd5dcbbfa7d,menu,,2022-05-24 18:51:50,0.067493
4107605,7febb0d69a234eaba2eff33f0418b159,menu,,2022-05-24 18:52:42,0.076011
4107616,7e095194c66e4569af4d2fd5dcbbfa7d,basket,,2022-05-24 18:52:55,0.057848
4107620,7febb0d69a234eaba2eff33f0418b159,menu,,2022-05-24 18:52:58,0.076173
4107644,7e095194c66e4569af4d2fd5dcbbfa7d,payment,1434748,2022-05-24 18:53:26,0.077459
4107652,2f93cf03af8e417f84f69bdc5cf07a71,menu,,2022-05-24 18:53:35,0.063271
4107793,7c8f9ef690cd4b30b9e89f7caf689c68,menu,,2022-05-24 18:56:34,0.076835
4107873,71d748d09b8f47ffba5ae05526f28c0f,menu,,2022-05-24 18:58:04,0.079613
4107874,71d748d09b8f47ffba5ae05526f28c0f,menu,,2022-05-24 18:58:04,0.072427
4107879,7c8f9ef690cd4b30b9e89f7caf689c68,menu,,2022-05-24 18:58:19,0.06508
4107903,71d748d09b8f47ffba5ae05526f28c0f,menu,,2022-05-24 18:58:44,0.054762
4107905,71d748d09b8f47ffba5ae05526f28c0f,menu,,2022-05-24 18:58:46,0.0834
4107973,71d748d09b8f47ffba5ae05526f28c0f,menu,,2022-05-24 19:00:10,0.0692
4108000,7c8f9ef690cd4b30b9e89f7caf689c68,menu,,2022-05-24 19:00:45,0.082308
4108035,71d748d09b8f47ffba5ae05526f28c0f,menu,,2022-05-24 19:01:33,0.081754
4108044,2f93cf03af8e417f84f69bdc5cf07a71,menu,,2022-05-24 19:01:46,0.073041
4108091,7febb0d69a234eaba2eff33f0418b159,basket,,2022-05-24 19:02:48,0.072124
4108126,7c8f9ef690cd4b30b9e89f7caf689c68,basket,,2022-05-24 19:03:28,0.072388
4108185,7febb0d69a234eaba2eff33f0418b159,menu,,2022-05-24 19:04:34,0.079625
4108239,7c8f9ef690cd4b30b9e89f7caf689c68,basket,,2022-05-24 19:05:58,0.044586
4108281,7c8f9ef690cd4b30b9e89f7caf689c68,payment,1434815,2022-05-24 19:06:44,0.080662
4108450,71d748d09b8f47ffba5ae05526f28c0f,basket,,2022-05-24 19:10:20,0.080041
4108452,71d748d09b8f47ffba5ae05526f28c0f,menu,,2022-05-24 19:10:22,0.034201
4108495,71d748d09b8f47ffba5ae05526f28c0f,basket,,2022-05-24 19:11:15,0.059801
4108549,71d748d09b8f47ffba5ae05526f28c0f,payment,1434843,2022-05-24 19:12:25,0.072096
4108682,591457f475b64bcb8722a56a4fb5ec31,menu,,2022-05-24 19:15:32,0.066853
4108751,95e1db52939a41179fac6e23b7ad584f,menu,,2022-05-24 19:16:53,0.073537
4108846,95e1db52939a41179fac6e23b7ad584f,menu,,2022-05-24 19:18:40,0.069969
4108859,c4f890d053c14f618f4206bf2be14c90,menu,,2022-05-24 19:18:51,0.058063
4108876,c4f890d053c14f618f4206bf2be14c90,menu,,2022-05-24 19:19:17,0.074526
4108919,591457f475b64bcb8722a56a4fb5ec31,menu,,2022-05-24 19:20:30,0.06438
4108976,591457f475b64bcb8722a56a4fb5ec31,menu,,2022-05-24 19:21:55,0.06058
4108977,591457f475b64bcb8722a56a4fb5ec31,menu,,2022-05-24 19:21:57,0.077688
4109174,95e1db52939a41179fac6e23b7ad584f,menu,,2022-05-24 19:26:29,0.080271
4109224,95e1db52939a41179fac6e23b7ad584f,basket,,2022-05-24 19:27:49,0.064358
4109298,95e1db52939a41179fac6e23b7ad584f,menu,,2022-05-24 19:29:42,0.085412
4109308,c4f890d053c14f618f4206bf2be14c90,menu,,2022-05-24 19:29:58,0.072086
4109323,c4f890d053c14f618f4206bf2be14c90,menu,,2022-05-24 19:30:20,0.058371
4109343,591457f475b64bcb8722a56a4fb5ec31,basket,,2022-05-24 19:30:49,0.068426
4109367,95e1db52939a41179fac6e23b7ad584f,payment,1434943,2022-05-24 19:31:29,0.086667
4109371,95e1db52939a41179fac6e23b7ad584f,menu,,2022-05-24 19:31:34,0.063314
4109430,c4f890d053c14f618f4206bf2be14c90,menu,,2022-05-24 19:33:14,0.075427
4109463,591457f475b64bcb8722a56a4fb5ec31,payment,1434954,2022-05-24 19:33:53,0.075223
4109511,c4f890d053c14f618f4206bf2be14c90,basket,,2022-05-24 19:34:59,0.076943
4109531,c4f890d053c14f618f4206bf2be14c90,menu,,2022-05-24 19:35:22,0.08202
4109575,c4f890d053c14f618f4206bf2be14c90,basket,,2022-05-24 19:36:11,0.063587
4109597,ded18bab09ab47a38d52b70bcf15b785,menu,,2022-05-24 19:36:41,0.055801
4109657,c4f890d053c14f618f4206bf2be14c90,payment,1434978,2022-05-24 19:38:08,0.091467
4109769,ded18bab09ab47a38d52b70bcf15b785,menu,,2022-05-24 19:40:58,0.069611
4109935,ded18bab09ab47a38d52b70bcf15b785,menu,,2022-05-24 19:44:53,0.067466
4110033,ded18bab09ab47a38d52b70bcf15b785,basket,,2022-05-24 19:47:34,0.059059
4110113,2f01a5059d5643438238f4c9111492e7,menu,,2022-05-24 19:49:39,0.062468
4110174,ded18bab09ab47a38d52b70bcf15b785,payment,1435039,2022-05-24 19:51:04,0.074104
4110209,ded18bab09ab47a38d52b70bcf15b785,menu,,2022-05-24 19:51:49,0.056705
4110313,2f01a5059d5643438238f4c9111492e7,menu,,2022-05-24 19:54:22,0.04338
4110445,2f01a5059d5643438238f4c9111492e7,menu,,2022-05-24 19:57:55,0.074947
4110456,2f01a5059d5643438238f4c9111492e7,basket,,2022-05-24 19:58:13,0.061688
4110464,2f01a5059d5643438238f4c9111492e7,basket,,2022-05-24 19:58:37,0.087065
4110483,2f01a5059d5643438238f4c9111492e7,menu,,2022-05-24 19:59:08,0.078356
4110494,2f01a5059d5643438238f4c9111492e7,payment,1435082,2022-05-24 19:59:25,0.062777
4110532,d2bfc449575945b180575a9370b28277,menu,,2022-05-24 20:00:35,0.074765
4110842,d2bfc449575945b180575a9370b28277,menu,,2022-05-24 20:08:27,0.069391
4110895,7c637cb8be39408bb6109e5af34ffb62,menu,,2022-05-24 20:09:45,0.070835
4110926,7c637cb8be39408bb6109e5af34ffb62,menu,,2022-05-24 20:10:27,0.059679
4110929,7c637cb8be39408bb6109e5af34ffb62,menu,,2022-05-24 20:10:36,0.080351
4110975,d2bfc449575945b180575a9370b28277,menu,,2022-05-24 20:11:30,0.064303
4110985,d2bfc449575945b180575a9370b28277,menu,,2022-05-24 20:11:41,0.07236
4110986,d2bfc449575945b180575a9370b28277,basket,,2022-05-24 20:11:42,0.069177
4110988,d2bfc449575945b180575a9370b28277,basket,,2022-05-24 20:11:44,0.066941
4111013,d2bfc449575945b180575a9370b28277,payment,1435131,2022-05-24 20:12:23,0.078932
4111029,d2bfc449575945b180575a9370b28277,menu,,2022-05-24 20:12:52,0.066533
4111173,7c637cb8be39408bb6109e5af34ffb62,menu,,2022-05-24 20:15:43,0.066918
4111205,d1e7c795af754567901759394e683c55,menu,,2022-05-24 20:16:42,0.049572
4111245,7c637cb8be39408bb6109e5af34ffb62,basket,,2022-05-24 20:17:40,0.075118
4111275,7c637cb8be39408bb6109e5af34ffb62,basket,,2022-05-24 20:18:08,0.072686
4111298,d1e7c795af754567901759394e683c55,menu,,2022-05-24 20:18:32,0.058667
4111313,d1e7c795af754567901759394e683c55,menu,,2022-05-24 20:18:43,0.065084
4111340,7c637cb8be39408bb6109e5af34ffb62,basket,,2022-05-24 20:19:15,0.0864
4111364,7c637cb8be39408bb6109e5af34ffb62,menu,,2022-05-24 20:19:43,0.057788
4111431,7c637cb8be39408bb6109e5af34ffb62,payment,1435181,2022-05-24 20:21:30,0.0641
4111731,d1e7c795af754567901759394e683c55,basket,,2022-05-24 20:29:16,0.061186
4111823,e47f2e63ee3d4f3a90eee11caec40f9f,menu,,2022-05-24 20:31:15,0.060402
4111830,d1e7c795af754567901759394e683c55,basket,,2022-05-24 20:31:32,0.063206
4111848,cbde176572d04fd8bef8826ff0f22e0c,menu,,2022-05-24 20:31:58,0.076266
4111878,e47f2e63ee3d4f3a90eee11caec40f9f,menu,,2022-05-24 20:32:45,0.078767
4111879,d1e7c795af754567901759394e683c55,payment,1435231,2022-05-24 20:32:46,0.0876
4111882,02f2cec4b1094718aa05b94ff3ec6f55,menu,,2022-05-24 20:32:50,0.066463
4111968,e47f2e63ee3d4f3a90eee11caec40f9f,basket,,2022-05-24 20:35:03,0.069107
4111996,02f2cec4b1094718aa05b94ff3ec6f55,menu,,2022-05-24 20:35:51,0.063304
4112001,e47f2e63ee3d4f3a90eee11caec40f9f,menu,,2022-05-24 20:35:58,0.045506
4112009,02f2cec4b1094718aa05b94ff3ec6f55,menu,,2022-05-24 20:36:10,0.071734
4112050,e47f2e63ee3d4f3a90eee11caec40f9f,menu,,2022-05-24 20:37:08,0.067027
4112067,e47f2e63ee3d4f3a90eee11caec40f9f,payment,1435252,2022-05-24 20:37:24,0.069836
4112085,02f2cec4b1094718aa05b94ff3ec6f55,menu,,2022-05-24 20:37:53,0.068465
4112088,e47f2e63ee3d4f3a90eee11caec40f9f,menu,,2022-05-24 20:37:57,0.055005
4112120,02f2cec4b1094718aa05b94ff3ec6f55,menu,,2022-05-24 20:38:42,0.074474
4112128,02f2cec4b1094718aa05b94ff3ec6f55,menu,,2022-05-24 20:38:48,0.087595
4112191,02f2cec4b1094718aa05b94ff3ec6f55,menu,,2022-05-24 20:40:08,0.066098
4112211,02f2cec4b1094718aa05b94ff3ec6f55,basket,,2022-05-24 20:40:42,0.057712
4112267,cbde176572d04fd8bef8826ff0f22e0c,menu,,2022-05-24 20:42:11,0.081272
4112302,cbde176572d04fd8bef8826ff0f22e0c,menu,,2022-05-24 20:43:02,0.088086
4112305,02f2cec4b1094718aa05b94ff3ec6f55,basket,,2022-05-24 20:43:10,0.068768
4112312,cbde176572d04fd8bef8826ff0f22e0c,menu,,2022-05-24 20:43:23,0.062648
4112316,cbde176572d04fd8bef8826ff0f22e0c,basket,,2022-05-24 20:43:32,0.070668
4112346,02f2cec4b1094718aa05b94ff3ec6f55,payment,1435289,2022-05-24 20:44:07,0.077137
4112355,02f2cec4b1094718aa05b94ff3ec6f55,menu,,2022-05-24 20:44:17,0.081442
4112433,cd0aa09112dc4099852a5a0976d26060,menu,,2022-05-24 20:46:28,0.066071
4112440,cbde176572d04fd8bef8826ff0f22e0c,payment,1435295,2022-05-24 20:46:41,0.074983
4112442,cbde176572d04fd8bef8826ff0f22e0c,menu,,2022-05-24 20:46:44,0.077333
4112445,cbde176572d04fd8bef8826ff0f22e0c,menu,,2022-05-24 20:46:48,0.076076
4112519,cd0aa09112dc4099852a5a0976d26060,menu,,2022-05-24 20:48:44,0.082978
4112579,6ed011f3ba03469aadf583f72b6b4c91,menu,,2022-05-24 20:50:32,0.061271
4112598,cd0aa09112dc4099852a5a0976d26060,menu,,2022-05-24 20:51:02,0.082621
4112607,6ed011f3ba03469aadf583f72b6b4c91,menu,,2022-05-24 20:51:16,0.065299
4112726,6ed011f3ba03469aadf583f72b6b4c91,menu,,2022-05-24 20:54:22,0.054017
4112823,cd0aa09112dc4099852a5a0976d26060,menu,,2022-05-24 20:56:49,0.064367
4112959,f3271661e1154a39a91261e32712387c,menu,,2022-05-24 21:01:32,0.070636
4112960,cd0aa09112dc4099852a5a0976d26060,menu,,2022-05-24 21:01:34,0.093934
4113066,6ed011f3ba03469aadf583f72b6b4c91,menu,,2022-05-24 21:04:32,0.08437
4113100,6ed011f3ba03469aadf583f72b6b4c91,basket,,2022-05-24 21:05:48,0.067331
4113103,6ed011f3ba03469aadf583f72b6b4c91,basket,,2022-05-24 21:05:53,0.073125
4113110,f3271661e1154a39a91261e32712387c,menu,,2022-05-24 21:06:05,0.079909
4113112,f3271661e1154a39a91261e32712387c,menu,,2022-05-24 21:06:06,0.090864
4113133,6ed011f3ba03469aadf583f72b6b4c91,menu,,2022-05-24 21:06:54,0.07011
4113220,6ed011f3ba03469aadf583f72b6b4c91,payment,1435393,2022-05-24 21:10:02,0.050332
4113309,f3271661e1154a39a91261e32712387c,menu,,2022-05-24 21:12:29,0.064468
4113394,d190fcd06f014dc3aeef13ea3883e6bd,menu,,2022-05-24 21:15:05,0.079599
4113451,35cf403abfc7499ab895faf266ffb962,menu,,2022-05-24 21:16:48,0.053353
4113454,35cf403abfc7499ab895faf266ffb962,menu,,2022-05-24 21:16:54,0.068663
4113502,d190fcd06f014dc3aeef13ea3883e6bd,menu,,2022-05-24 21:18:16,0.090486
4113513,f3271661e1154a39a91261e32712387c,menu,,2022-05-24 21:18:33,0.083887
4113519,f3271661e1154a39a91261e32712387c,basket,,2022-05-24 21:18:52,0.054989
4113530,35cf403abfc7499ab895faf266ffb962,menu,,2022-05-24 21:19:32,0.076819
4113571,f3271661e1154a39a91261e32712387c,payment,1435436,2022-05-24 21:20:47,0.066633
4113617,35cf403abfc7499ab895faf266ffb962,menu,,2022-05-24 21:22:11,0.054166
4113625,d190fcd06f014dc3aeef13ea3883e6bd,menu,,2022-05-24 21:22:26,0.072477
4113680,35cf403abfc7499ab895faf266ffb962,menu,,2022-05-24 21:24:21,0.072247
4113690,d190fcd06f014dc3aeef13ea3883e6bd,menu,,2022-05-24 21:24:39,0.074821
4113731,35cf403abfc7499ab895faf266ffb962,menu,,2022-05-24 21:26:04,0.065409
4113834,daac7f7942694ab5a05ff672ce0d5a89,menu,,2022-05-24 21:29:14,0.067552
4113838,daac7f7942694ab5a05ff672ce0d5a89,menu,,2022-05-24 21:29:20,0.073674
4113874,d190fcd06f014dc3aeef13ea3883e6bd,basket,,2022-05-24 21:30:30,0.072087
4113875,35cf403abfc7499ab895faf266ffb962,menu,,2022-05-24 21:30:36,0.074816
4113886,d190fcd06f014dc3aeef13ea3883e6bd,basket,,2022-05-24 21:30:56,0.067494
4113898,d190fcd06f014dc3aeef13ea3883e6bd,basket,,2022-05-24 21:31:35,0.08707
4113935,35cf403abfc7499ab895faf266ffb962,basket,,2022-05-24 21:33:04,0.071652
4113941,35cf403abfc7499ab895faf266ffb962,basket,,2022-05-24 21:33:36,0.080922
4113961,35cf403abfc7499ab895faf266ffb962,payment,1435488,2022-05-24 21:34:18,0.068009
4113966,d190fcd06f014dc3aeef13ea3883e6bd,payment,1435491,2022-05-24 21:34:28,0.083095
4113976,daac7f7942694ab5a05ff672ce0d5a89,menu,,2022-05-24 21:34:44,0.091348
4114013,daac7f7942694ab5a05ff672ce0d5a89,basket,,2022-05-24 21:36:25,0.059276
4114087,daac7f7942694ab5a05ff672ce0d5a89,basket,,2022-05-24 21:39:40,0.071631
4114794,8644ba01d6334d85a40d00b2cb36d3cf,menu,,2022-05-25 6:25:17,0.098618
4114798,8644ba01d6334d85a40d00b2cb36d3cf,menu,,2022-05-25 6:31:50,0.069827
4114802,8644ba01d6334d85a40d00b2cb36d3cf,menu,,2022-05-25 6:33:41,0.07653
4114803,8644ba01d6334d85a40d00b2cb36d3cf,menu,,2022-05-25 6:34:19,0.068832
4115302,1ba1ad32ddf44828ad2f0520ea32ef2b,menu,,2022-05-25 9:47:23,0.053054
4115489,1ba1ad32ddf44828ad2f0520ea32ef2b,basket,,2022-05-25 10:03:44,0.060062
4118139,019309c093cf43a19362fadc3281168d,menu,,2022-05-25 11:27:21,0.054954
4118366,019309c093cf43a19362fadc3281168d,menu,,2022-05-25 11:32:23,0.056372
4118394,019309c093cf43a19362fadc3281168d,menu,,2022-05-25 11:32:59,0.063537
4118684,019309c093cf43a19362fadc3281168d,menu,,2022-05-25 11:38:13,0.072405
4118797,019309c093cf43a19362fadc3281168d,menu,,2022-05-25 11:39:43,0.076605
4118865,019309c093cf43a19362fadc3281168d,basket,,2022-05-25 11:40:33,0.089049
4118910,019309c093cf43a19362fadc3281168d,basket,,2022-05-25 11:41:16,0.080487
4118911,d29c27ce17544b569b8e0d70b145f2f0,menu,,2022-05-25 11:41:17,0.078866
4118931,019309c093cf43a19362fadc3281168d,basket,,2022-05-25 11:41:35,0.073936
4119079,019309c093cf43a19362fadc3281168d,payment,1435918,2022-05-25 11:43:44,0.084198
4119285,d29c27ce17544b569b8e0d70b145f2f0,menu,,2022-05-25 11:46:50,0.073981
4119883,d29c27ce17544b569b8e0d70b145f2f0,menu,,2022-05-25 11:57:07,0.09373
4119917,d29c27ce17544b569b8e0d70b145f2f0,menu,,2022-05-25 11:57:31,0.079376
4119946,d29c27ce17544b569b8e0d70b145f2f0,basket,,2022-05-25 11:58:07,0.077357
4119955,d29c27ce17544b569b8e0d70b145f2f0,basket,,2022-05-25 11:58:22,0.097829
4120037,d29c27ce17544b569b8e0d70b145f2f0,menu,,2022-05-25 11:59:42,0.058698
4120054,d29c27ce17544b569b8e0d70b145f2f0,menu,,2022-05-25 12:00:02,0.070935
4120105,d29c27ce17544b569b8e0d70b145f2f0,payment,1436035,2022-05-25 12:00:50,0.075096
4120125,d29c27ce17544b569b8e0d70b145f2f0,menu,,2022-05-25 12:01:05,0.076994
4120344,3044daf8b7fd45ce98ca9cc6fc81287b,menu,,2022-05-25 12:04:41,0.056263
4120884,3044daf8b7fd45ce98ca9cc6fc81287b,menu,,2022-05-25 12:13:34,0.058196
4121031,3044daf8b7fd45ce98ca9cc6fc81287b,basket,,2022-05-25 12:16:01,0.075247
4121152,3044daf8b7fd45ce98ca9cc6fc81287b,menu,,2022-05-25 12:18:03,0.072616
4122540,2ccdb8313fd34cd788b4c042dd6cafd5,menu,,2022-05-25 12:40:53,0.073051
4122598,e4dbc2692fd84003a2b9c957fb90ff93,menu,,2022-05-25 12:41:50,0.078837
4122607,2ccdb8313fd34cd788b4c042dd6cafd5,menu,,2022-05-25 12:42:00,0.089522
4122853,2ccdb8313fd34cd788b4c042dd6cafd5,menu,,2022-05-25 12:46:14,0.076338
4123197,e4dbc2692fd84003a2b9c957fb90ff93,menu,,2022-05-25 12:51:27,0.066702
4123230,2ccdb8313fd34cd788b4c042dd6cafd5,basket,,2022-05-25 12:51:53,0.075481
4123273,2ccdb8313fd34cd788b4c042dd6cafd5,basket,,2022-05-25 12:52:27,0.062385
4123340,e4dbc2692fd84003a2b9c957fb90ff93,menu,,2022-05-25 12:53:19,0.068134
4123354,2ccdb8313fd34cd788b4c042dd6cafd5,payment,1436388,2022-05-25 12:53:31,0.064954
4123514,e4dbc2692fd84003a2b9c957fb90ff93,basket,,2022-05-25 12:55:43,0.06366
4123552,e4dbc2692fd84003a2b9c957fb90ff93,menu,,2022-05-25 12:56:10,0.079633
4123575,e4dbc2692fd84003a2b9c957fb90ff93,basket,,2022-05-25 12:56:38,0.063121
4123687,e4dbc2692fd84003a2b9c957fb90ff93,menu,,2022-05-25 12:58:33,0.038618
4123737,e4dbc2692fd84003a2b9c957fb90ff93,payment,1436440,2022-05-25 12:59:18,0.077143
4129053,eea64644ada74b3cb7161ee2a949b872,menu,,2022-05-25 14:21:16,0.048851
4129073,eea64644ada74b3cb7161ee2a949b872,menu,,2022-05-25 14:21:34,0.056495
4129395,c18d4a1187f548e29571de5f825e5070,menu,,2022-05-25 14:26:28,0.068234
4129501,c18d4a1187f548e29571de5f825e5070,menu,,2022-05-25 14:28:19,0.085127
4129589,eea64644ada74b3cb7161ee2a949b872,menu,,2022-05-25 14:29:30,0.066301
4129666,c18d4a1187f548e29571de5f825e5070,menu,,2022-05-25 14:30:42,0.082812
4129974,eea64644ada74b3cb7161ee2a949b872,menu,,2022-05-25 14:35:19,0.066786
4130280,c18d4a1187f548e29571de5f825e5070,basket,,2022-05-25 14:40:18,0.047989
4130305,c18d4a1187f548e29571de5f825e5070,basket,,2022-05-25 14:40:43,0.077805
4135174,9e202abedded4bbb817c8d0baf37ac7a,menu,,2022-05-25 15:53:49,0.060183
4135420,9e202abedded4bbb817c8d0baf37ac7a,menu,,2022-05-25 15:57:39,0.059162
4135643,9e202abedded4bbb817c8d0baf37ac7a,menu,,2022-05-25 16:01:21,0.063554
4135825,9e202abedded4bbb817c8d0baf37ac7a,menu,,2022-05-25 16:04:24,0.06755
4136046,9e202abedded4bbb817c8d0baf37ac7a,basket,,2022-05-25 16:08:00,0.053535
4136181,9e202abedded4bbb817c8d0baf37ac7a,basket,,2022-05-25 16:09:49,0.059067
4136223,9e202abedded4bbb817c8d0baf37ac7a,basket,,2022-05-25 16:10:20,0.080558
4136264,9e202abedded4bbb817c8d0baf37ac7a,payment,1437829,2022-05-25 16:10:59,0.046551
4136955,9dd2527109824b25801480aac33b7b00,menu,,2022-05-25 16:23:00,0.077695
4137451,9dd2527109824b25801480aac33b7b00,menu,,2022-05-25 16:30:53,0.074113
4137587,9dd2527109824b25801480aac33b7b00,menu,,2022-05-25 16:33:10,0.078799
4137769,9dd2527109824b25801480aac33b7b00,basket,,2022-05-25 16:35:48,0.067186
4139440,18b7a4d422cc413eab64999c5b8dd4c5,menu,,2022-05-25 17:03:40,0.070827
4139454,18b7a4d422cc413eab64999c5b8dd4c5,menu,,2022-05-25 17:03:51,0.078556
4140130,18b7a4d422cc413eab64999c5b8dd4c5,basket,,2022-05-25 17:15:32,0.068869
4140173,18b7a4d422cc413eab64999c5b8dd4c5,basket,,2022-05-25 17:16:12,0.062868
4140181,18b7a4d422cc413eab64999c5b8dd4c5,basket,,2022-05-25 17:16:26,0.054953
4141173,efba8b025435496f94045ae655eae16e,menu,,2022-05-25 17:36:40,0.067786
4141226,efba8b025435496f94045ae655eae16e,menu,,2022-05-25 17:37:50,36.34705
4141750,39bbee5566ee4831892a382c71c0e488,menu,,2022-05-25 17:47:20,0.082937
4141834,39bbee5566ee4831892a382c71c0e488,menu,,2022-05-25 17:48:48,0.071392
4142174,39bbee5566ee4831892a382c71c0e488,menu,,2022-05-25 17:54:50,0.076688
4142176,39bbee5566ee4831892a382c71c0e488,menu,,2022-05-25 17:54:51,0.068103
4142316,39bbee5566ee4831892a382c71c0e488,menu,,2022-05-25 17:57:09,0.09776
4142345,39bbee5566ee4831892a382c71c0e488,basket,,2022-05-25 17:57:30,0.06782
4142568,39bbee5566ee4831892a382c71c0e488,payment,1438528,2022-05-25 18:01:27,0.074144
4143277,6baa69c01d984614aee72468765d476e,menu,,2022-05-25 18:13:47,0.076338
4143628,6baa69c01d984614aee72468765d476e,menu,,2022-05-25 18:20:20,0.068283
4143652,72cf995005c64e53836a18770d9a93d6,menu,,2022-05-25 18:20:58,0.055164
4143666,581efc0b8ec84bc8a1114328ef949332,menu,,2022-05-25 18:21:21,0.063596
4143697,6baa69c01d984614aee72468765d476e,menu,,2022-05-25 18:22:00,0.070714
4143733,581efc0b8ec84bc8a1114328ef949332,menu,,2022-05-25 18:22:30,0.076268
4143753,6baa69c01d984614aee72468765d476e,menu,,2022-05-25 18:22:54,0.058848
4143791,6baa69c01d984614aee72468765d476e,menu,,2022-05-25 18:23:19,0.036209
4143985,6baa69c01d984614aee72468765d476e,menu,,2022-05-25 18:27:02,0.093714
4143995,581efc0b8ec84bc8a1114328ef949332,menu,,2022-05-25 18:27:09,0.05231
4144026,581efc0b8ec84bc8a1114328ef949332,menu,,2022-05-25 18:27:52,0.080576
4144071,6baa69c01d984614aee72468765d476e,menu,,2022-05-25 18:28:34,0.058521
4144163,6baa69c01d984614aee72468765d476e,basket,,2022-05-25 18:30:35,0.075421
4144282,72cf995005c64e53836a18770d9a93d6,menu,,2022-05-25 18:32:35,0.066987
4144300,6baa69c01d984614aee72468765d476e,payment,1438721,2022-05-25 18:32:56,0.054453
4144308,6baa69c01d984614aee72468765d476e,menu,,2022-05-25 18:33:04,0.071397
4144485,72cf995005c64e53836a18770d9a93d6,menu,,2022-05-25 18:36:28,0.077485
4144553,581efc0b8ec84bc8a1114328ef949332,basket,,2022-05-25 18:37:48,0.070688
4144604,72cf995005c64e53836a18770d9a93d6,basket,,2022-05-25 18:38:44,0.072683
4144623,581efc0b8ec84bc8a1114328ef949332,basket,,2022-05-25 18:38:58,0.086971
4144740,581efc0b8ec84bc8a1114328ef949332,payment,1438764,2022-05-25 18:40:54,0.076781
4145476,8eea09102acb407da785115a2bbc8718,menu,,2022-05-25 18:54:02,0.070206
4145535,8eea09102acb407da785115a2bbc8718,menu,,2022-05-25 18:54:49,0.077709
4145712,8eea09102acb407da785115a2bbc8718,menu,,2022-05-25 18:58:00,0.058354
4145929,8eea09102acb407da785115a2bbc8718,menu,,2022-05-25 19:02:03,0.072899
4146130,8eea09102acb407da785115a2bbc8718,menu,,2022-05-25 19:05:55,0.052937
4146194,8eea09102acb407da785115a2bbc8718,basket,,2022-05-25 19:07:16,0.067815
4146274,8eea09102acb407da785115a2bbc8718,menu,,2022-05-25 19:08:52,0.052415
4146304,8eea09102acb407da785115a2bbc8718,payment,1438947,2022-05-25 19:09:23,0.060784
4149187,40a9eacc059346299e82951defba2ab0,menu,,2022-05-25 20:09:25,0.063694
4149279,40a9eacc059346299e82951defba2ab0,menu,,2022-05-25 20:12:03,0.088769
4149385,40a9eacc059346299e82951defba2ab0,menu,,2022-05-25 20:15:21,0.053563
4149428,40a9eacc059346299e82951defba2ab0,menu,,2022-05-25 20:16:26,0.070858
4149585,40a9eacc059346299e82951defba2ab0,menu,,2022-05-25 20:20:59,0.061754
4149590,40a9eacc059346299e82951defba2ab0,basket,,2022-05-25 20:21:13,0.069356
4149684,c212bed1bde14586982331ff11bf88f4,menu,,2022-05-25 20:23:15,0.082593
4149688,40a9eacc059346299e82951defba2ab0,menu,,2022-05-25 20:23:20,0.074462
4149752,40a9eacc059346299e82951defba2ab0,basket,,2022-05-25 20:24:43,0.053692
4149782,40a9eacc059346299e82951defba2ab0,payment,1439357,2022-05-25 20:25:10,0.05122
4150027,c212bed1bde14586982331ff11bf88f4,menu,,2022-05-25 20:31:43,0.069539
4150062,c212bed1bde14586982331ff11bf88f4,menu,,2022-05-25 20:32:45,0.09004
4150165,c212bed1bde14586982331ff11bf88f4,basket,,2022-05-25 20:35:40,0.06075
4150190,c212bed1bde14586982331ff11bf88f4,basket,,2022-05-25 20:36:19,0.055424
4150193,c212bed1bde14586982331ff11bf88f4,menu,,2022-05-25 20:36:22,0.07669
4150226,c212bed1bde14586982331ff11bf88f4,menu,,2022-05-25 20:37:01,0.062551
4150234,c212bed1bde14586982331ff11bf88f4,basket,,2022-05-25 20:37:18,0.090175
4150274,c212bed1bde14586982331ff11bf88f4,basket,,2022-05-25 20:38:24,0.07172
4150326,c212bed1bde14586982331ff11bf88f4,payment,1439422,2022-05-25 20:39:39,0.048183
4151228,9616d5a066a84361887fe005ec711ca2,menu,,2022-05-25 21:04:59,0.070652
4151317,9616d5a066a84361887fe005ec711ca2,menu,,2022-05-25 21:07:19,0.078817
4151402,9616d5a066a84361887fe005ec711ca2,menu,,2022-05-25 21:10:12,0.056751
4151480,9616d5a066a84361887fe005ec711ca2,menu,,2022-05-25 21:11:56,0.065642
4151559,9616d5a066a84361887fe005ec711ca2,basket,,2022-05-25 21:13:53,0.08371
4151591,9616d5a066a84361887fe005ec711ca2,basket,,2022-05-25 21:14:50,0.069027
4151654,9616d5a066a84361887fe005ec711ca2,menu,,2022-05-25 21:16:24,0.062703
4151688,9616d5a066a84361887fe005ec711ca2,payment,1439586,2022-05-25 21:17:29,0.067472
